# name	kind	size	fingerprint	levels	places (level:address)	exe unit
FUN_L00_001eaa08	shared	1044	79483f1e87729bb1	19	00:001EAA08,01:0020C608,02:001FB888,03:001E4308,04:001DD308,05:00219608,06:00202588,07:00212788,08:001FD408,09:00209D08,10:001DE008,11:0021C208,12:0020D408,13:001F6388,14:001FDB88,15:001E4088,16:001E9208,17:001E7A08,18:001F3688	
FUN_001e9168	exe	464	2e477619ce30bc35	19	00:001EAE30,01:0020CA30,02:001FBCB0,03:001E4730,04:001DD730,05:00219A30,06:002029B0,07:00212BB0,08:001FD830,09:0020A130,10:001DE430,11:0021C630,12:0020D830,13:001F67B0,14:001FDFB0,15:001E44B0,16:001E9630,17:001E7E30,18:001F3AB0	assembly/textbin/rendering/texture/load_pif_as_psmt8_h
FUN_001e9338	exe	108	22ed282997fc1f02	19	00:001EB000,01:0020CC00,02:001FBE80,03:001E4900,04:001DD900,05:00219C00,06:00202B80,07:00212D80,08:001FDA00,09:0020A300,10:001DE600,11:0021C800,12:0020DA00,13:001F6980,14:001FE180,15:001E4680,16:001E9800,17:001E8000,18:001F3C80	ui/fonts/load_debug_font
FUN_001e93b0	exe	56	e021138472a567e6	19	00:001EB078,01:0020CC78,02:001FBEF8,03:001E4978,04:001DD978,05:00219C78,06:00202BF8,07:00212DF8,08:001FDA78,09:0020A378,10:001DE678,11:0021C878,12:0020DA78,13:001F69F8,14:001FE1F8,15:001E46F8,16:001E9878,17:001E8078,18:001F3CF8	sdk/debug/debug_print
FUN_L00_001eb0b0	shared	24	1e7581a58f9ed802	19	00:001EB0B0,01:0020CCB0,02:001FBF30,03:001E49B0,04:001DD9B0,05:00219CB0,06:00202C30,07:00212E30,08:001FDAB0,09:0020A3B0,10:001DE6B0,11:0021C8B0,12:0020DAB0,13:001F6A30,14:001FE230,15:001E4730,16:001E98B0,17:001E80B0,18:001F3D30	
FUN_L00_001eb0c8	shared	92	4ec4e206d5aebab8	19	00:001EB0C8,01:0020CCC8,02:001FBF48,03:001E49C8,04:001DD9C8,05:00219CC8,06:00202C48,07:00212E48,08:001FDAC8,09:0020A3C8,10:001DE6C8,11:0021C8C8,12:0020DAC8,13:001F6A48,14:001FE248,15:001E4748,16:001E98C8,17:001E80C8,18:001F3D48	
FUN_001ebc90	exe	92	f1434037a93d7796	19	00:001EB128,01:0020CD28,02:001FBFA8,03:001E4A28,04:001DDA28,05:00219D28,06:00202CA8,07:00212EA8,08:001FDB28,09:0020A428,10:001DE728,11:0021C928,12:0020DB28,13:001F6AA8,14:001FE2A8,15:001E47A8,16:001E9928,17:001E8128,18:001F3DA8	gameplay/camera/backup_current_cam
FUN_001ebcf0	exe	108	d4589b7290df58ae	19	00:001EB188,01:0020CD88,02:001FC070,03:001E4AF0,04:001DDAF0,05:00219DF0,06:00202D70,07:00212F70,08:001FDB88,09:0020A4F0,10:001DE7F0,11:0021C9F0,12:0020DBF0,13:001F6B70,14:001FE370,15:001E4870,16:001E99F0,17:001E81F0,18:001F3E70	gameplay/camera/execute_camera_post_update_callbacks
FUN_L00_001eb1f8	shared	52	61f461ce8c33eb67	19	00:001EB1F8,01:0020CDF8,02:001FC0E0,03:001E4B60,04:001DDB60,05:00219E60,06:00202DE0,07:00212FE0,08:001FDBF8,09:0020A560,10:001DE860,11:0021CA60,12:0020DC60,13:001F6BE0,14:001FE3E0,15:001E48E0,16:001E9A60,17:001E8260,18:001F3EE0	
FUN_001ebd78	exe	228	241f4978c833ce21	19	00:001EB240,01:0020CE40,02:001FC128,03:001E4BA8,04:001DDBA8,05:00219EA8,06:00202E28,07:00213028,08:001FDC40,09:0020A5A8,10:001DE8A8,11:0021CAA8,12:0020DCA8,13:001F6C28,14:001FE428,15:001E4928,16:001E9AA8,17:001E82A8,18:001F3F28	gameplay/camera/cam_interp_values
FUN_L00_001eb328	shared	284	1069a3a42b29384a	19	00:001EB328,01:0020CF28,02:001FC210,03:001E4C90,04:001DDC90,05:00219F90,06:00202F10,07:00213110,08:001FDD28,09:0020A690,10:001DE990,11:0021CB90,12:0020DD90,13:001F6D10,14:001FE510,15:001E4A10,16:001E9B90,17:001E8390,18:001F4010	
FUN_L00_001eb448	shared	32	89e13b262c2d24ce	19	00:001EB448,01:0020D048,02:001FC330,03:001E4DB0,04:001DDDB0,05:0021A0B0,06:00203030,07:00213230,08:001FDE48,09:0020A7B0,10:001DEAB0,11:0021CCB0,12:0020DEB0,13:001F6E30,14:001FE630,15:001E4B30,16:001E9CB0,17:001E84B0,18:001F4130	
FUN_001ebe68	exe	96	883c45d82be03237	19	00:001EB468,01:0020D068,02:001FC350,03:001E4DD0,04:001DDDD0,05:0021A0D0,06:00203050,07:00213250,08:001FDE68,09:0020A7D0,10:001DEAD0,11:0021CCD0,12:0020DED0,13:001F6E50,14:001FE650,15:001E4B50,16:001E9CD0,17:001E84D0,18:001F4150	gameplay/camera/handle_camera_collision_with_hero
FUN_001ebec8	exe	68	077555448a045383	19	00:001EB4C8,00:001EB9D8,01:0020D0C8,01:0020D5D8,02:001FC3B0,02:001FC8C0,03:001E4E30,03:001E5340,04:001DDE30,04:001DE340,05:0021A130,05:0021A640,06:002030B0,06:002035C0,07:002132B0,07:002137C0,08:001FDEC8,08:001FE3D8,09:0020A830,09:0020AD40,10:001DEB30,10:001DF040,11:0021CD30,11:0021D240,12:0020DF30,12:0020E440,13:001F6EB0,13:001F73C0,14:001FE6B0,14:001FEBC0,15:001E4BB0,15:001E50C0,16:001E9D30,16:001EA240,17:001E8530,17:001E8A40,18:001F41B0,18:001F46C0	gameplay/entities/update_moby
FUN_001ebf10	exe	768	0c9f7e14803f5d44	19	00:001EB510,01:0020D110,02:001FC3F8,03:001E4E78,04:001DDE78,05:0021A178,06:002030F8,07:002132F8,08:001FDF10,09:0020A878,10:001DEB78,11:0021CD78,12:0020DF78,13:001F6EF8,14:001FE6F8,15:001E4BF8,16:001E9D78,17:001E8578,18:001F41F8	assembly/textbin/fun_001ebf10
FUN_001ec210	exe	452	5a41cf0095260a47	19	00:001EB810,01:0020D410,02:001FC6F8,03:001E5178,04:001DE178,05:0021A478,06:002033F8,07:002135F8,08:001FE210,09:0020AB78,10:001DEE78,11:0021D078,12:0020E278,13:001F71F8,14:001FE9F8,15:001E4EF8,16:001EA078,17:001E8878,18:001F44F8	gameplay/camera/camera_activation_check_priority
FUN_001ec420	exe	272	e4d0708654a6bb37	19	00:001EBA20,01:0020D620,02:001FC908,03:001E5388,04:001DE388,05:0021A688,06:00203608,07:00213808,08:001FE420,09:0020AD88,10:001DF088,11:0021D288,12:0020E488,13:001F7408,14:001FEC08,15:001E5108,16:001EA288,17:001E8A88,18:001F4708	gameplay/camera/update_all_cameras
FUN_001ec530	exe	476	15c17ebbc9090fa9	19	00:001EBB30,01:0020D730,02:001FCA18,03:001E5498,04:001DE498,05:0021A798,06:00203718,07:00213918,08:001FE530,09:0020AE98,10:001DF198,11:0021D398,12:0020E598,13:001F7518,14:001FED18,15:001E5218,16:001EA398,17:001E8B98,18:001F4818	gameplay/camera/compute_camera_angles
FUN_001ec710	exe	220	68749c3c02204375	19	00:001EBD10,01:0020D910,02:001FCBF8,03:001E5678,04:001DE678,05:0021A978,06:002038F8,07:00213AF8,08:001FE710,09:0020B078,10:001DF378,11:0021D578,12:0020E778,13:001F76F8,14:001FEEF8,15:001E53F8,16:001EA578,17:001E8D78,18:001F49F8	gameplay/camera/capture_camera_orientation
FUN_001ec7f0	exe	116	392746ac24fa547c	19	00:001EBDF0,01:0020D9F0,02:001FCCD8,03:001E5758,04:001DE758,05:0021AA58,06:002039D8,07:00213BD8,08:001FE7F0,09:0020B158,10:001DF458,11:0021D658,12:0020E858,13:001F77D8,14:001FEFD8,15:001E54D8,16:001EA658,17:001E8E58,18:001F4AD8	gameplay/camera/save_camera_vectors
FUN_001ec868	exe	52	947387356341d827	19	00:001EBE68,01:0020DA68,02:001FCD50,03:001E57D0,04:001DE7D0,05:0021AAD0,06:00203A50,07:00213C50,08:001FE868,09:0020B1D0,10:001DF4D0,11:0021D6D0,12:0020E8D0,13:001F7850,14:001FF050,15:001E5550,16:001EA6D0,17:001E8ED0,18:001F4B50	gameplay/camera/restore_camera_vectors
FUN_001ec8a0	exe	596	5da74ad718bd9b45	19	00:001EBEA0,01:0020DAA0,02:001FCD88,03:001E5808,04:001DE808,05:0021AB08,06:00203A88,07:00213C88,08:001FE8A0,09:0020B208,10:001DF508,11:0021D708,12:0020E908,13:001F7888,14:001FF088,15:001E5588,16:001EA708,17:001E8F08,18:001F4B88	gameplay/camera/start_camera_blend
FUN_001ecaf8	exe	480	480379be3e2ca4f5	19	00:001EC0F8,01:0020DCF8,02:001FCFE0,03:001E5A60,04:001DEA60,05:0021AD60,06:00203CE0,07:00213EE0,08:001FEAF8,09:0020B460,10:001DF760,11:0021D960,12:0020EB60,13:001F7AE0,14:001FF2E0,15:001E57E0,16:001EA960,17:001E9160,18:001F4DE0	gameplay/camera/step_camera_blend
FUN_001eccd8	exe	1496	4e56819c407876ff	19	00:001EC2D8,01:0020DED8,02:001FD1C0,03:001E5C40,04:001DEC40,05:0021AF40,06:00203EC0,07:002140C0,08:001FECD8,09:0020B640,10:001DF940,11:0021DB40,12:0020ED40,13:001F7CC0,14:001FF4C0,15:001E59C0,16:001EAB40,17:001E9340,18:001F4FC0	gameplay/camera/fun_001eccd8
FUN_001ed2b0	exe	176	0fd0050e400697f9	19	00:001EC8B0,01:0020E4B0,02:001FD798,03:001E6218,04:001DF218,05:0021B518,06:00204498,07:00214698,08:001FF2B0,09:0020BC18,10:001DFF18,11:0021E118,12:0020F318,13:001F8298,14:001FFA98,15:001E5F98,16:001EB118,17:001E9918,18:001F5598	gameplay/camera/update_camera_blend
FUN_001ed360	exe	268	bae76dda5af0286d	19	00:001EC960,01:0020E560,02:001FD848,03:001E62C8,04:001DF2C8,05:0021B5C8,06:00204548,07:00214748,08:001FF360,09:0020BCC8,10:001DFFC8,11:0021E1C8,12:0020F3C8,13:001F8348,14:001FFB48,15:001E6048,16:001EB1C8,17:001E99C8,18:001F5648	gameplay/camera/apply_camera_shake
FUN_001ed470	exe	892	af06fa9dde06bf48	19	00:001ECA70,01:0020E670,02:001FD958,03:001E63D8,04:001DF3D8,05:0021B6D8,06:00204658,07:00214858,08:001FF470,09:0020BDD8,10:001E00D8,11:0021E2D8,12:0020F4D8,13:001F8458,14:001FFC58,15:001E6158,16:001EB2D8,17:001E9AD8,18:001F5758	assembly/textbin/fun_001ed470
FUN_001ed7f0	exe	332	b5fcd6822885c30c	19	00:001ECDF0,01:0020E9F0,02:001FDCD8,03:001E6758,04:001DF758,05:0021BA58,06:002049D8,07:00214BD8,08:001FF7F0,09:0020C158,10:001E0458,11:0021E658,12:0020F858,13:001F87D8,14:001FFFD8,15:001E64D8,16:001EB658,17:001E9E58,18:001F5AD8	gameplay/camera/update_camera_underwater_flag
FUN_001ed940	exe	288	7fcd768abc298c33	19	00:001ECF40,01:0020EB40,02:001FDE28,03:001E68A8,04:001DF8A8,05:0021BBA8,06:00204B28,07:00214D28,08:001FF940,09:0020C2A8,10:001E05A8,11:0021E7A8,12:0020F9A8,13:001F8928,14:00200128,15:001E6628,16:001EB7A8,17:001E9FA8,18:001F5C28	gameplay/camera/fun_001ed940
FUN_001eda60	exe	68	e5e6810dcbcf3e39	19	00:001ED060,01:0020EC60,02:001FDF48,03:001E69C8,04:001DF9C8,05:0021BCC8,06:00204C48,07:00214E48,08:001FFA60,09:0020C3C8,10:001E06C8,11:0021E8C8,12:0020FAC8,13:001F8A48,14:00200248,15:001E6748,16:001EB8C8,17:001EA0C8,18:001F5D48	gameplay/camera/fun_001eda60
FUN_001edaa8	exe	392	7a31f34c75cc6656	19	00:001ED0A8,01:0020ECA8,02:001FDF90,03:001E6A10,04:001DFA10,05:0021BD10,06:00204C90,07:00214E90,08:001FFAA8,09:0020C410,10:001E0710,11:0021E910,12:0020FB10,13:001F8A90,14:00200290,15:001E6790,16:001EB910,17:001EA110,18:001F5D90	gameplay/camera/update_camera
FUN_L00_001ed230	shared	76	c20665299c60f5bc	19	00:001ED230,01:0020EE30,02:001FE118,03:001E6B98,04:001DFB98,05:0021BE98,06:00204E18,07:00215018,08:001FFC30,09:0020C598,10:001E0898,11:0021EA98,12:0020FC98,13:001F8C18,14:00200418,15:001E6918,16:001EBA98,17:001EA298,18:001F5F18	
FUN_L00_001ed280	shared	212	f666f1482f841d05	19	00:001ED280,01:0020EE80,02:001FE168,03:001E6BE8,04:001DFBE8,05:0021BEE8,06:00204E68,07:00215068,08:001FFC80,09:0020C5E8,10:001E08E8,11:0021EAE8,12:0020FCE8,13:001F8C68,14:00200468,15:001E6968,16:001EBAE8,17:001EA2E8,18:001F5F68	
FUN_L00_001ed358	shared	552	bd620cb8a6748fe8	19	00:001ED358,01:0020EF58,02:001FE240,03:001E6CC0,04:001DFCC0,05:0021BFC0,06:00204F40,07:00215140,08:001FFD58,09:0020C6C0,10:001E09C0,11:0021EBC0,12:0020FDC0,13:001F8D40,14:00200540,15:001E6A40,16:001EBBC0,17:001EA3C0,18:001F6040	
FUN_L00_001ed580	shared	176	5b128ccf4ba7112d	19	00:001ED580,01:0020F180,02:001FE468,03:001E6EE8,04:001DFEE8,05:0021C1E8,06:00205168,07:00215368,08:001FFF80,09:0020C8E8,10:001E0BE8,11:0021EDE8,12:0020FFE8,13:001F8F68,14:00200768,15:001E6C68,16:001EBDE8,17:001EA5E8,18:001F6268	
FUN_L00_001ed630	shared	120	c98d8bee812c0dbc	19	00:001ED630,01:0020F230,02:001FE518,03:001E6F98,04:001DFF98,05:0021C298,06:00205218,07:00215418,08:00200030,09:0020C998,10:001E0C98,11:0021EE98,12:00210098,13:001F9018,14:00200818,15:001E6D18,16:001EBE98,17:001EA698,18:001F6318	
FUN_L00_001ed6a8	shared	456	47da8747486f29c5	19	00:001ED6A8,01:0020F2A8,02:001FE590,03:001E7010,04:001E0010,05:0021C310,06:00205290,07:00215490,08:002000A8,09:0020CA10,10:001E0D10,11:0021EF10,12:00210110,13:001F9090,14:00200890,15:001E6D90,16:001EBF10,17:001EA710,18:001F6390	
FUN_001edc50	exe	948	ff4421318976b386	19	00:001ED880,01:0020F480,02:001FE768,03:001E71E8,04:001E01E8,05:0021C4E8,06:00205468,07:00215668,08:00200280,09:0020CBE8,10:001E0EE8,11:0021F0E8,12:002102E8,13:001F9268,14:00200A68,15:001E6F68,16:001EC0E8,17:001EA8E8,18:001F6568	rendering/effects/fun_001edc50
FUN_001ee008	exe	796	2f79b9ab89839832	19	00:001EDC38,01:0020F838,02:001FEB20,03:001E75A0,04:001E05A0,05:0021C8A0,06:00205820,07:00215A20,08:00200638,09:0020CFA0,10:001E12A0,11:0021F4A0,12:002106A0,13:001F9620,14:00200E20,15:001E7320,16:001EC4A0,17:001EACA0,18:001F6920	rendering/effects/spawn_particle_burst
FUN_L00_001edf60	shared	220	1b53d8d053fa3e4f	19	00:001EDF60,01:0020FB60,02:001FEE48,03:001E78C8,04:001E08C8,05:0021CBC8,06:00205B48,07:00215D48,08:00200960,09:0020D2C8,10:001E15C8,11:0021F7C8,12:002109C8,13:001F9948,14:00201148,15:001E7648,16:001EC7C8,17:001EAFC8,18:001F6C48	
FUN_001ee338	exe	364	04be478beb3618ae	19	00:001EE040,01:0020FC40,02:001FEF28,03:001E79A8,04:001E09A8,05:0021CCA8,06:00205C28,07:00215E28,08:00200A40,09:0020D3A8,10:001E16A8,11:0021F8A8,12:00210AA8,13:001F9A28,14:00201228,15:001E7728,16:001EC8A8,17:001EB0A8,18:001F6D28	assembly/textbin/fun_001ee338
FUN_L00_001ee1b0	shared	356	7192dcfffada26db	19	00:001EE1B0,01:0020FDB0,02:001FF098,03:001E7B18,04:001E0B18,05:0021CE18,06:00205D98,07:00215F98,08:00200BB0,09:0020D518,10:001E1818,11:0021FA18,12:00210C18,13:001F9B98,14:00201398,15:001E7898,16:001ECA18,17:001EB218,18:001F6E98	
FUN_L00_001ee318	shared	928	712c885d3b93a205	19	00:001EE318,01:0020FF18,02:001FF200,03:001E7C80,04:001E0C80,05:0021CF80,06:00205F00,07:00216100,08:00200D18,09:0020D680,10:001E1980,11:0021FB80,12:00210D80,13:001F9D00,14:00201500,15:001E7A00,16:001ECB80,17:001EB380,18:001F7000	
FUN_001ee4b0	exe	396	28e3d660315e435a	19	00:001EE6B8,01:002102B8,02:001FF5A0,03:001E8020,04:001E1020,05:0021D320,06:002062A0,07:002164A0,08:002010B8,09:0020DA20,10:001E1D20,11:0021FF20,12:00211120,13:001FA0A0,14:002018A0,15:001E7DA0,16:001ECF20,17:001EB720,18:001F73A0	assembly/textbin/fun_001ee4b0
FUN_001ee650	exe	4984	e8e4aa7550d570fb	19	00:001EE858,01:00210458,02:001FF740,03:001E81C0,04:001E11C0,05:0021D4C0,06:00206440,07:00216640,08:00201258,09:0020DBC0,10:001E1EC0,11:002200C0,12:002112C0,13:001FA240,14:00201A40,15:001E7F40,16:001ED0C0,17:001EB8C0,18:001F7540	assembly/textbin/fun_001ee650
FUN_001ef9c8	exe	160	f95196a7a4972b5f	19	00:001EFBD0,01:002117D0,02:00200AB8,03:001E9538,04:001E2538,05:0021E838,06:002077B8,07:002179B8,08:002025E0,09:0020EF38,10:001E3238,11:00221438,12:00212640,13:001FB5B8,14:00202DC0,15:001E92B8,16:001EE438,17:001ECC38,18:001F88B8	assembly/textbin/fun_001ef9c8
FUN_001efa68	exe	4332	e515f5ff64d5198d	19	00:001EFC70,01:00211870,02:00200B58,03:001E95D8,04:001E25D8,05:0021E8D8,06:00207858,07:00217A58,08:00202680,09:0020EFD8,10:001E32D8,11:002214D8,12:002126E0,13:001FB658,14:00202E60,15:001E9358,16:001EE4D8,17:001ECCD8,18:001F8958	assembly/textbin/coll_line_fix
FUN_L00_001f0d60	shared	3136	76cdb4d8e5e10826	19	00:001F0D60,01:00212960,02:00201C48,03:001EA6C8,04:001E36C8,05:0021F9C8,06:00208948,07:00218B48,08:00203770,09:002100C8,10:001E43C8,11:002225C8,12:002137D0,13:001FC748,14:00203F50,15:001EA448,16:001EF5C8,17:001EDDC8,18:001F9A48	
FUN_L00_001f19a0	shared	3784	9df66f82489cac5a	19	00:001F19A0,01:002135A0,02:00202888,03:001EB308,04:001E4308,05:00220608,06:00209588,07:00219788,08:002043B0,09:00210D08,10:001E5008,11:00223208,12:00214410,13:001FD388,14:00204B90,15:001EB088,16:001F0208,17:001EEA08,18:001FA688	
FUN_L00_001f2868	shared	2312	4a604d71c03e6902	19	00:001F2868,01:00214468,02:00203750,03:001EC1D0,04:001E51D0,05:002214D0,06:0020A450,07:0021A650,08:00205278,09:00211BD0,10:001E5ED0,11:002240D0,12:002152D8,13:001FE250,14:00205A58,15:001EBF50,16:001F10D0,17:001EF8D0,18:001FB550	
FUN_L00_001f3170	shared	1128	91f568c637db284f	19	00:001F3170,01:00214D70,02:00204058,03:001ECAD8,04:001E5AD8,05:00221DD8,06:0020AD58,07:0021AF58,08:00205B80,09:002124D8,10:001E67D8,11:002249D8,12:00215BE0,13:001FEB58,14:00206360,15:001EC858,16:001F19D8,17:001F01D8,18:001FBE58	
FUN_001f0b58	exe	48	6d165c9b0b3d7510	19	00:001F35D8,01:002151D8,02:002044C0,03:001ECF40,04:001E5F40,05:00222240,06:0020B1C0,07:0021B3C0,08:00205FE8,09:00212940,10:001E6C40,11:00224E40,12:00216048,13:001FEFC0,14:002067C8,15:001ECCC0,16:001F1E40,17:001F0640,18:001FC2C0	assembly/textbin/fun_001f0b58
FUN_L00_001f3608	shared	48	ce1037ad6da27231	19	00:001F3608,01:00215208,02:002044F0,03:001ECF70,04:001E5F70,05:00222270,06:0020B1F0,07:0021B3F0,08:00206018,09:00212970,10:001E6C70,11:00224E70,12:00216078,13:001FEFF0,14:002067F8,15:001ECCF0,16:001F1E70,17:001F0670,18:001FC2F0	
FUN_001f0b88	exe	56	66cc4f4a4328e3a2	19	00:001F3638,01:00215238,02:00204520,03:001ECFA0,04:001E5FA0,05:002222A0,06:0020B220,07:0021B420,08:00206048,09:002129A0,10:001E6CA0,11:00224EA0,12:002160A8,13:001FF020,14:00206828,15:001ECD20,16:001F1EA0,17:001F06A0,18:001FC320	runtime/dma/clear_dma_queue_entry
FUN_001f0bd0	exe	116	aae99736a10693a8	19	00:001F3680,01:00215280,02:00204568,03:001ECFE8,04:001E5FE8,05:002222E8,06:0020B268,07:0021B468,08:00206090,09:002129E8,10:001E6CE8,11:00224EE8,12:002160F0,13:001FF068,14:00206870,15:001ECD68,16:001F1EE8,17:001F06E8,18:001FC368	rendering/debug/print_debug_text
FUN_L00_001f36f8	shared	116	d9ca2b98e1b2443c	19	00:001F36F8,01:002152F8,02:002045E0,03:001ED060,04:001E6060,05:00222360,06:0020B2E0,07:0021B4E0,08:00206108,09:00212A60,10:001E6D60,11:00224F60,12:00216168,13:001FF0E0,14:002068E8,15:001ECDE0,16:001F1F60,17:001F0760,18:001FC3E0	
FUN_L00_001f3770	shared	624	e31f542a087c4a61	19	00:001F3770,01:00215370,02:00204658,03:001ED0D8,04:001E60D8,05:002223D8,06:0020B358,07:0021B558,08:00206180,09:00212AD8,10:001E6DD8,11:00224FD8,12:002161E0,13:001FF158,14:00206960,15:001ECE58,16:001F1FD8,17:001F07D8,18:001FC458	
FUN_001f0c50	exe	140	0c0ee5634b52addd	19	00:001F39E0,01:002155E0,02:002048C8,03:001ED348,04:001E6348,05:00222648,06:0020B5C8,07:0021B7C8,08:002063F0,09:00212D48,10:001E7048,11:00225248,12:00216450,13:001FF3C8,14:00206BD0,15:001ED0C8,16:001F2248,17:001F0A48,18:001FC6C8	rendering/debug/print_debug_text_centered
FUN_L00_001f3aa0	shared	2540	774665aee6b8747c	19	00:001F3AA0,01:002156A0,02:00204988,03:001ED408,04:001E6408,05:00222708,06:0020B688,07:0021B888,08:002064B0,09:00212E08,10:001E7108,11:00225308,12:00216510,13:001FF488,14:00206C90,15:001ED188,16:001F2308,17:001F0B08,18:001FC788	
FUN_L00_001f4490	shared	260	1ec3a9bd4a4fc9c8	19	00:001F4490,01:00216090,02:00205378,03:001EDDF8,04:001E6DF8,05:002230F8,06:0020C078,07:0021C278,08:00206EA0,09:002137F8,10:001E7AF8,11:00225CF8,12:00216F00,13:001FFE78,14:00207680,15:001EDB78,16:001F2CF8,17:001F14F8,18:001FD178	
FUN_L00_001f4598	shared	4932	cd68011c46f7ba95	19	00:001F4598,01:00216198,02:00205480,03:001EDF00,04:001E6F00,05:00223200,06:0020C180,07:0021C380,08:00206FA8,09:00213900,10:001E7C00,11:00225E00,12:00217008,13:001FFF80,14:00207788,15:001EDC80,16:001F2E00,17:001F1600,18:001FD280	
FUN_L00_001f58e0	shared	4884	63dc1fa5324facef	19	00:001F58E0,01:002174E0,02:002067C8,03:001EF248,04:001E8248,05:00224548,06:0020D4C8,07:0021D6C8,08:002082F0,09:00214C48,10:001E8F48,11:00227148,12:00218350,13:002012C8,14:00208AD0,15:001EEFC8,16:001F4148,17:001F2948,18:001FE5C8	
FUN_001e93e8	exe	8	bc6e15da5a72ab85	19	00:001F6BF8,00:001F6C00,00:001F6C08,00:001F6C10,00:001F6C18,00:001F6C20,00:001F6C28,00:001F6C30,00:001F6D90,00:001F6D98,00:001F6DA0,00:00241938,00:0024ABF0,00:0026C3C8,00:002827A8,00:002827B0,00:00283900,00:00297E28,00:002CC358,00:002D3830,00:002DF998,00:002E0398,00:002E4160,00:002E4428,00:002E5E30,00:002E9CB8,00:002EB270,00:002EBBD0,00:002ED330,00:002ED338,00:002ED340,00:002ED938,00:002ED940,00:002ED948,00:002EF2C8,00:002F0B50,01:002187F8,01:00218800,01:00218808,01:00218810,01:00218818,01:00218820,01:00218828,01:00218830,01:00218990,01:00218998,01:002189A0,01:002525F0,01:00255950,01:0025EC08,01:00262754,01:00281428,01:00298568,01:00298570,01:002996C0,01:002AB918,01:002E30B0,01:002ECE90,01:002F3568,01:0030A6C8,01:0030D200,01:0030F338,01:0030F600,01:00311008,01:00314E90,01:003176C8,01:00318028,01:00319788,01:00319790,01:00319798,01:0031B800,01:0031D088,02:00207AE0,02:00207AE8,02:00207AF0,02:00207AF8,02:00207B00,02:00207B08,02:00207B10,02:00207B18,02:00207C78,02:00207C80,02:00207C88,02:00243488,02:0024C740,02:0024FFE4,02:0026DA40,02:00283CC0,02:00283CC8,02:00284E18,02:00297598,02:002CBD98,02:002DAF58,02:002DD4D0,02:002E2220,02:002EE2A0,02:002F2058,02:002F2060,02:002F2328,02:002F3D30,02:002F7C38,02:002F92A0,02:002F9C00,02:002FB630,02:002FB638,02:002FB640,02:002FC300,02:002FC308,02:002FC310,02:002FDF28,02:002FF7B0,03:001F0560,03:001F0568,03:001F0570,03:001F0578,03:001F0580,03:001F0588,03:001F0590,03:001F0598,03:001F06F8,03:001F0700,03:001F0708,03:0022FC10,03:00238EC8,03:0023C76C,03:0025A6A0,03:00271418,03:00271420,03:00272570,03:00284770,03:00295190,03:002BE018,03:002CBEA0,03:002DEF30,03:002E2A40,03:002E2A48,03:002E2D10,03:002E4718,03:002E8620,03:002E9F98,03:002EA8F8,03:002EBAF0,03:002EC990,03:002EC998,03:002EC9A0,03:002ED660,03:002ED668,03:002ED670,03:002EF038,03:002F08C0,04:001E9560,04:001E9568,04:001E9570,04:001E9578,04:001E9580,04:001E9588,04:001E9590,04:001E9598,04:001E96F8,04:001E9700,04:001E9708,04:00230FC8,04:00234328,04:0023D5E0,04:0025ED58,04:00275AD8,04:00275AE0,04:00276C30,04:00288D20,04:0029EB18,04:002C6BB0,04:002CE118,04:002D3570,04:002D70B0,04:002E3E28,04:002E7AA0,04:002E7AA8,04:002E7D70,04:002E9778,04:002ED600,04:002EEFD8,04:002EF938,04:002F1368,04:002F1370,04:002F1378,04:002F1970,04:002F1978,04:002F1980,04:002F3060,04:002F48E8,05:00225860,05:00225868,05:00225870,05:00225878,05:00225880,05:00225888,05:00225890,05:00225898,05:002259F8,05:00225A00,05:00225A08,05:002675A0,05:0026A900,05:00273BB8,05:00277E64,05:00296328,05:002ACAB0,05:002ACAB8,05:002ADC08,05:002C0578,05:002F8710,05:00301F40,05:0031ACE8,05:0031B950,05:0031D158,05:0031F7E0,05:0031FAA8,05:003214B0,05:00325338,05:00327B10,05:00328470,05:0032A788,05:0032B2D8,05:0032B2E0,05:0032B2E8,05:0032D350,05:0032EBD8,06:0020E7E0,06:0020E7E8,06:0020E7F0,06:0020E7F8,06:0020E800,06:0020E808,06:0020E810,06:0020E818,06:0020E978,06:0020E980,06:0020E988,06:0024D298,06:002505F8,06:002598B0,06:0027B308,06:00291588,06:00291590,06:002926E0,06:002A4F20,06:002B9678,06:002DA2D0,06:002E3DC8,06:00306F88,06:0030A148,06:0030C180,06:0030C448,06:0030DE50,06:00311D58,06:00313340,06:00313CA0,06:003156D0,06:003156D8,06:003156E0,06:003163D0,06:003163D8,06:003163E0,06:003169D8,06:003169E0,06:003169E8,06:00317F90,06:00319818,07:0021E9E0,07:0021E9E8,07:0021E9F0,07:0021E9F8,07:0021EA00,07:0021EA08,07:0021EA10,07:0021EA18,07:0021EB78,07:0021EB80,07:0021EB88,07:00268F90,07:00272378,07:00276624,07:002946C0,07:002AB1C8,07:002AB1D0,07:002AC320,07:002BEAD0,07:002F5B98,07:002FBDF0,07:002FD900,07:00311EB0,07:0031E5B8,07:0031F5A8,07:0031FAE0,07:0031FDA8,07:003217B0,07:00325668,07:00326C20,07:00327580,07:00329120,07:00329128,07:00329130,07:00329728,07:00329730,07:00329738,07:0032AF78,07:0032C800,08:00209608,08:00209610,08:00209618,08:00209620,08:00209628,08:00209630,08:00209638,08:00209640,08:002097A0,08:002097A8,08:002097B0,08:002481C8,08:0024B528,08:002547E0,08:00258084,08:00276690,08:0028CEF8,08:0028CF00,08:0028E050,08:002A01B0,08:002DA0C8,08:002DD3B8,08:002EFB50,08:002F44B8,08:00306BA0,08:0030BCF8,08:0030BD00,08:0030BFC8,08:0030D9D0,08:00311888,08:003140D0,08:00314A30,08:00316300,08:00316308,08:00316310,08:00316908,08:00316910,08:00316918,08:00318908,08:0031A190,09:00215F60,09:00215F68,09:00215F70,09:00215F78,09:00215F80,09:00215F88,09:00215F90,09:00215F98,09:002160F8,09:00216100,09:00216108,09:0025D6C8,09:00260A28,09:00269CE0,09:0026D584,09:0028AEE0,09:002A15C8,09:002A15D0,09:002A2720,09:002B4778,09:002EE428,09:002EFE40,09:002F04B8,09:002F78C0,09:00308810,09:00309828,09:0030A770,09:0030BC90,09:0030BF58,09:0030D960,09:003117E8,09:00312DB0,09:00313710,09:00315140,09:00315148,09:00315150,09:00315748,09:00315750,09:00315758,09:00317388,09:00318C10,10:001EA260,10:001EA268,10:001EA270,10:001EA278,10:001EA280,10:001EA288,10:001EA290,10:001EA298,10:001EA3F8,10:001EA400,10:001EA408,10:00231050,10:002343B0,10:0023D668,10:0025F1A8,10:002756C8,10:002756D0,10:00276820,10:00288928,10:0029E1C8,10:002BF570,10:002C4BC8,10:002C66D8,10:002DD8D8,10:002E6F30,10:002EB8B8,10:002EB950,10:002EC598,10:002EC860,10:002EE268,10:002F20F0,10:002F36A8,10:002F4008,10:002F5A38,10:002F5A40,10:002F5A48,10:002F66C0,10:002F6CB8,10:002F6CC0,10:002F6CC8,10:002F8558,10:002F9DE0,11:00228460,11:00228468,11:00228470,11:00228478,11:00228480,11:00228488,11:00228490,11:00228498,11:002285F8,11:00228600,11:00228608,11:00263988,11:00266CE8,11:0026FFA0,11:002739B4,11:00291798,11:002A7B30,11:002A7B38,11:002A8C88,11:002BAD20,11:002F37E0,11:002FF230,11:00318540,11:0031D8D0,11:0031F510,11:0031F7D8,11:003211E0,11:00325068,11:00326620,11:00326F80,11:003289B0,11:003289B8,11:003289C0,11:0032A540,11:0032BDC8,12:00219668,12:00219670,12:00219678,12:00219680,12:00219688,12:00219690,12:00219698,12:002196A0,12:00219800,12:00219808,12:00219810,12:002567C8,12:00259B28,12:00262DE0,12:002667F4,12:00284CA0,12:0029B450,12:0029B458,12:0029C5A8,12:002AE6B0,12:002CB1E8,12:002D30F8,12:002EC718,12:002ED980,12:002F11B0,12:002F57A8,12:003076D0,12:003076D8,12:00307BB8,12:003081A8,12:0030B7C0,12:0030C2E0,12:0030C5A8,12:0030DFB0,12:00311EB8,12:00313480,12:00313DE0,12:00315810,12:00315818,12:00315820,12:003164E0,12:003164E8,12:003164F0,12:00318308,12:00319B90,13:002025E0,13:002025E8,13:002025F0,13:002025F8,13:00202600,13:00202608,13:00202610,13:00202618,13:00202778,13:00202780,13:00202788,13:00249858,13:0024CBB8,13:00255E70,13:00259884,13:00277DD0,13:0028E928,13:0028E930,13:0028FA80,13:002A2238,13:002EDAE8,13:002F7AA0,13:00302418,13:0030B038,13:0030E660,13:0030E928,13:00310330,13:00314120,13:003156D8,13:00316038,13:00317BC8,13:003181C0,13:003181C8,13:003181D0,13:00319CA0,13:0031B528,14:00209DE8,14:00209DF0,14:00209DF8,14:00209E00,14:00209E08,14:00209E10,14:00209E18,14:00209E20,14:00209F80,14:00209F88,14:00209F90,14:002494C8,14:00252780,14:00256024,14:00274050,14:0028AF38,14:0028AF40,14:0028C090,14:0029E1D0,14:002E0BD0,14:002E7190,14:002EBA30,14:002F3EF0,14:002FCBA8,14:003033F0,14:00306150,14:00308350,14:0030AC60,14:0030AF28,14:0030C930,14:003107B8,14:00311D70,14:003126D0,14:00314150,14:00314158,14:00314160,14:00314E10,14:003159D0,14:003187F0,14:0031A078,15:001F02E0,15:001F02E8,15:001F02F0,15:001F02F8,15:001F0300,15:001F0308,15:001F0310,15:001F0318,15:001F0478,15:001F0480,15:001F0488,15:002008D0,15:00230F38,15:0023A1F0,15:0025BB08,15:00272450,15:00272458,15:002735A8,15:00285D70,15:002C9240,15:002CBE58,15:002CC250,15:002D3BD8,15:002D5990,15:002E8320,15:002EE3A0,15:002EE668,15:002F0070,15:002F3F58,15:002F5510,15:002F5E70,15:002F78A0,15:002F78A8,15:002F78B0,15:002F85A0,15:002F8C10,15:002F8C18,15:002F8C20,15:002F9218,15:002F9220,15:002F9228,15:002FA9E0,15:002FC268,16:001F5460,16:001F5468,16:001F5470,16:001F5478,16:001F5480,16:001F5488,16:001F5490,16:001F5498,16:001F55F8,16:001F5600,16:001F5608,16:00239CB0,16:0023D010,16:002462C8,16:00267808,16:0027DAA0,16:0027DAA8,16:0027EBF8,16:00290D00,16:002C7778,16:002D2CE8,16:002DDDD8,16:002E1080,16:002E1CE8,16:002EA380,16:002EA648,16:002EC050,16:002EFE40,16:002F2618,16:002F2F78,16:002F5290,16:002F5888,16:002F5890,16:002F5898,16:002F7478,16:002F8D00,17:001F3C60,17:001F3C68,17:001F3C70,17:001F3C78,17:001F3C80,17:001F3C88,17:001F3C90,17:001F3C98,17:001F3DF8,17:001F3E00,17:001F3E08,17:00238CD0,17:0023C030,17:002452E8,17:00265EB0,17:0027C858,17:0027C860,17:0027D9B0,17:00290088,17:002CCC00,17:002D4008,17:002E81E8,17:002F5388,17:002F54D0,17:002F6768,17:002F6A30,17:002F8438,17:002FC2C0,17:002FEAC8,17:002FF428,17:00300E58,17:00300E60,17:00300E68,17:003024C0,17:00303D48,18:001FF8E0,18:001FF8E8,18:001FF8F0,18:001FF8F8,18:001FF900,18:001FF908,18:001FF910,18:001FF918,18:001FFA78,18:001FFA80,18:001FFA88,18:0020FF48,18:002408C0,18:00243C20,18:0024CED8,18:0026E338,18:00284760,18:00284768,18:002858B8,18:002979D0,18:002CEAA0,18:002CEE98,18:002DB458,18:002EEB98,18:002EF598,18:002FCD68,18:002FD030,18:002FEA38,18:003028F0,18:00303EA8,18:00304808,18:003063D8,18:003063E0,18:003063E8,18:003069E0,18:003069E8,18:003069F0,18:003086B8,18:00309F40	runtime/callbacks/noop_main_callback
FUN_001f2070	exe	308	69bef35bf29b951a	19	00:001F6C38,01:00218838,02:00207B20,03:001F05A0,04:001E95A0,05:002258A0,06:0020E820,07:0021EA20,08:00209648,09:00215FA0,10:001EA2A0,11:002284A0,12:002196A8,13:00202620,14:00209E28,15:001F0320,16:001F54A0,17:001F3CA0,18:001FF920	rendering/view/project_to_screen
FUN_L00_001f6d70	shared	28	7188867ea9d6eba4	19	00:001F6D70,01:00218970,02:00207C58,03:001F06D8,04:001E96D8,05:002259D8,06:0020E958,07:0021EB58,08:00209780,09:002160D8,10:001EA3D8,11:002285D8,12:002197E0,13:00202758,14:00209F60,15:001F0458,16:001F55D8,17:001F3DD8,18:001FFA58	
FUN_001f21c0	exe	156	57d858cecbb04014	19	00:001F6DA8,01:002189A8,02:00207C90,03:001F0710,04:001E9710,05:00225A10,06:0020E990,07:0021EB90,08:002097B8,09:00216110,10:001EA410,11:00228610,12:00219818,13:00202790,14:00209F98,15:001F0490,16:001F5610,17:001F3E10,18:001FFA90	rendering/state/reset_graphics
FUN_001f2260	exe	808	6de973d2666bc065	19	00:001F6E48,01:00218A48,02:00207D30,03:001F07B0,04:001E97B0,05:00225AB0,06:0020EA30,07:0021EC30,08:00209858,09:002161B0,10:001EA4B0,11:002286B0,12:002198B8,13:00202830,14:0020A038,15:001F0530,16:001F56B0,17:001F3EB0,18:001FFB30	rendering/view/fun_001f2260
FUN_001f2588	exe	260	02e128d7c91d87b0	19	00:001F7170,01:00218D70,02:00208058,03:001F0AD8,04:001E9AD8,05:00225DD8,06:0020ED58,07:0021EF58,08:00209B80,09:002164D8,10:001EA7D8,11:002289D8,12:00219BE0,13:00202B58,14:0020A360,15:001F0858,16:001F59D8,17:001F41D8,18:001FFE58	rendering/update_fog
FUN_001f2690	exe	212	8ca692bc3b60e4e2	19	00:001F7278,01:00218E78,02:00208160,03:001F0BE0,04:001E9BE0,05:00225EE0,06:0020EE60,07:0021F060,08:00209C88,09:002165E0,10:001EA8E0,11:00228AE0,12:00219CE8,13:00202C60,14:0020A468,15:001F0960,16:001F5AE0,17:001F42E0,18:001FFF60	rendering/parse_occlusion_grid
FUN_001f2768	exe	184	2e2b21198597a6ac	19	00:001F7350,01:00218F50,02:00208238,03:001F0CB8,04:001E9CB8,05:00225FB8,06:0020EF38,07:0021F138,08:00209D60,09:002166B8,10:001EA9B8,11:00228BB8,12:00219DC0,13:00202D38,14:0020A540,15:001F0A38,16:001F5BB8,17:001F43B8,18:00200038	rendering/get_occlusion_grid_from_pair
FUN_001f2820	exe	1008	98948468b80ab8be	19	00:001F7408,01:00219008,02:002082F0,03:001F0D70,04:001E9D70,05:00226070,06:0020EFF0,07:0021F1F0,08:00209E18,09:00216770,10:001EAA70,11:00228C70,12:00219E78,13:00202DF0,14:0020A5F8,15:001F0AF0,16:001F5C70,17:001F4470,18:002000F0	rendering/build_occlusion_visibility
FUN_001f2c10	exe	80	348f03e80ce07e18	19	00:001F77F8,01:002193F8,02:002086E0,03:001F1160,04:001EA160,05:00226460,06:0020F3E0,07:0021F5E0,08:0020A208,09:00216B60,10:001EAE60,11:00229060,12:0021A268,13:002031E0,14:0020A9E8,15:001F0EE0,16:001F6060,17:001F4860,18:002004E0	rendering/update_occlusion
FUN_001f2c60	exe	308	dc5a1a617a95ecaf	19	00:001F7848,01:00219448,02:00208730,03:001F11B0,04:001EA1B0,05:002264B0,06:0020F430,07:0021F630,08:0020A258,09:00216BB0,10:001EAEB0,11:002290B0,12:0021A2B8,13:00203230,14:0020AA38,15:001F0F30,16:001F60B0,17:001F48B0,18:00200530	rendering/view/init_view_context
FUN_001f2d98	exe	1564	dc00b5d79daebd86	19	00:001F7980,01:00219580,02:00208868,03:001F12E8,04:001EA2E8,05:002265E8,06:0020F568,07:0021F768,08:0020A390,09:00216CE8,10:001EAFE8,11:002291E8,12:0021A3F0,13:00203368,14:0020AB70,15:001F1068,16:001F61E8,17:001F49E8,18:00200668	assembly/textbin/rendering/view/update_view_context
FUN_001f33b8	exe	304	2b7dc2da71ae50aa	19	00:001F7FA0,01:00219BA0,02:00208E88,03:001F1908,04:001EA908,05:00226C08,06:0020FB88,07:0021FD88,08:0020A9B0,09:00217308,10:001EB608,11:00229808,12:0021AA10,13:00203988,14:0020B190,15:001F1688,16:001F6808,17:001F5008,18:00200C88	assembly/textbin/fun_001f33b8
FUN_001f34e8	exe	768	2c22dbafa8160e57	19	00:001F80D0,01:00219CD0,02:00208FB8,03:001F1A38,04:001EAA38,05:00226D38,06:0020FCB8,07:0021FEB8,08:0020AAE0,09:00217438,10:001EB738,11:00229938,12:0021AB40,13:00203AB8,14:0020B2C0,15:001F17B8,16:001F6938,17:001F5138,18:00200DB8	assembly/textbin/video/display/set_pal_mode
FUN_001f37e8	exe	124	24c52b4c09cb81fc	19	00:001F83D0,01:00219FD0,02:002092B8,03:001F1D38,04:001EAD38,05:00227038,06:0020FFB8,07:002201B8,08:0020ADE0,09:00217738,10:001EBA38,11:00229C38,12:0021AE40,13:00203DB8,14:0020B5C0,15:001F1AB8,16:001F6C38,17:001F5438,18:002010B8	gameplay/callbacks/reset_callback_registries
FUN_001f3868	exe	236	5f391ebfd3d2b014	19	00:001F8450,01:0021A050,02:00209338,03:001F1DB8,04:001EADB8,05:002270B8,06:00210038,07:00220238,08:0020AE60,09:002177B8,10:001EBAB8,11:00229CB8,12:0021AEC0,13:00203E38,14:0020B640,15:001F1B38,16:001F6CB8,17:001F54B8,18:00201138	rendering/state/reset_gs_registers
FUN_001f3958	exe	116	b29f2b76e74f66b3	19	00:001F8540,01:0021A140,02:00209428,03:001F1EA8,04:001EAEA8,05:002271A8,06:00210128,07:00220328,08:0020AF50,09:002178A8,10:001EBBA8,11:00229DA8,12:0021AFB0,13:00203F28,14:0020B730,15:001F1C28,16:001F6DA8,17:001F55A8,18:00201228	rendering/state/reset_gs_registers_pr
FUN_001f39d0	exe	2168	c8b5188bb87be53d	19	00:001F85B8,01:0021A1B8,02:002094A0,03:001F1F20,04:001EAF20,05:00227220,06:002101A0,07:002203A0,08:0020AFC8,09:00217920,10:001EBC20,11:00229E20,12:0021B028,13:00203FA0,14:0020B7A8,15:001F1CA0,16:001F6E20,17:001F5620,18:002012A0	rendering/draw_debug_profiler
FUN_L00_001f8e30	shared	96	e6bd2283081455ea	19	00:001F8E30,01:0021AA30,02:00209D18,03:001F2798,04:001EB798,05:00227A98,06:00210A18,07:00220C18,08:0020B840,09:00218198,10:001EC498,11:0022A698,12:0021B8A0,13:00204818,14:0020C020,15:001F2518,16:001F7698,17:001F5E98,18:00201B18	
FUN_001f4248	exe	52	6c88ec61064a8266	19	00:001F8E90,01:0021AA90,02:00209D78,03:001F27F8,04:001EB7F8,05:00227AF8,06:00210A78,07:00220C78,08:0020B8A0,09:002181F8,10:001EC4F8,11:0022A6F8,12:0021B900,13:00204878,14:0020C080,15:001F2578,16:001F76F8,17:001F5EF8,18:00201B78	rendering/debug/prepare_debug_profiler_render
FUN_L00_001f8ec8	shared	136	ec9287428db4953d	19	00:001F8EC8,01:0021AAC8,02:00209DB0,03:001F2830,04:001EB830,05:00227B30,06:00210AB0,07:00220CB0,08:0020B8D8,09:00218230,10:001EC530,11:0022A730,12:0021B938,13:002048B0,14:0020C0B8,15:001F25B0,16:001F7730,17:001F5F30,18:00201BB0	
FUN_L00_001f8f50	shared	40	dca331f7d5e9a874	19	00:001F8F50,01:0021AB50,02:00209E38,03:001F28B8,04:001EB8B8,05:00227BB8,06:00210B38,07:00220D38,08:0020B960,09:002182B8,10:001EC5B8,11:0022A7B8,12:0021B9C0,13:00204938,14:0020C140,15:001F2638,16:001F77B8,17:001F5FB8,18:00201C38	
FUN_L00_001f8f78	shared	232	3c345663085b995b	19	00:001F8F78,01:0021AB78,02:00209E60,03:001F28E0,04:001EB8E0,05:00227BE0,06:00210B60,07:00220D60,08:0020B988,09:002182E0,10:001EC5E0,11:0022A7E0,12:0021B9E8,13:00204960,14:0020C168,15:001F2660,16:001F77E0,17:001F5FE0,18:00201C60	
FUN_001f4280	exe	272	2d98ff6f58cb1a78	19	00:001F9060,01:0021AC60,02:00209F48,03:001F29C8,04:001EB9C8,05:00227CC8,06:00210C48,07:00220E48,08:0020BA70,09:002183C8,10:001EC6C8,11:0022A8C8,12:0021BAD0,13:00204A48,14:0020C250,15:001F2748,16:001F78C8,17:001F60C8,18:00201D48	rendering/setup_gif_paging
FUN_001f4398	exe	284	c865942c4ba4c951	19	00:001F9178,01:0021AD78,02:0020A060,03:001F2AE0,04:001EBAE0,05:00227DE0,06:00210D60,07:00220F60,08:0020BB88,09:002184E0,10:001EC7E0,11:0022A9E0,12:0021BBE8,13:00204B60,14:0020C368,15:001F2860,16:001F79E0,17:001F61E0,18:00201E60	rendering/do_gif_paging
FUN_001f44b8	exe	328	fc777ee63270523b	19	00:001F9298,01:0021AE98,02:0020A180,03:001F2C00,04:001EBC00,05:00227F00,06:00210E80,07:00221080,08:0020BCA8,09:00218600,10:001EC900,11:0022AB00,12:0021BD08,13:00204C80,14:0020C488,15:001F2980,16:001F7B00,17:001F6300,18:00201F80	assembly/textbin/rendering/effects/get_effect_texture
FUN_001f4600	exe	76	31658dc853d4a51b	19	00:001F93E0,00:001F9598,01:0021AFE0,01:0021B198,02:0020A2C8,02:0020A390,02:0020A4D0,03:001F2D48,03:001F2F00,04:001EBD48,04:001EBF00,05:00228048,05:00228110,05:00228250,06:00210FC8,06:00211180,07:002211C8,07:00221290,07:002213D0,08:0020BDF0,08:0020BFA8,09:00218748,09:00218810,09:00218950,10:001ECA48,10:001ECC00,11:0022AC48,11:0022AE00,12:0021BE50,12:0021BF18,12:0021C058,13:00204DC8,13:00204F80,14:0020C5D0,14:0020C698,14:0020C760,14:0020C828,15:001F2AC8,15:001F2C08,15:001F2CD0,16:001F7C48,16:001F7E00,17:001F6448,17:001F6600,18:002020C8,18:00202280	gameplay/callbacks/enqueue_callback_list_1
FUN_001f4650	exe	120	0020ae84784899ba	19	00:001F9430,00:001F94A8,00:001F9520,00:001F95E8,01:0021B030,01:0021B0A8,01:0021B120,01:0021B1E8,02:0020A318,02:0020A3E0,02:0020A458,02:0020A520,03:001F2D98,03:001F2E10,03:001F2E88,03:001F2F50,04:001EBD98,04:001EBE10,04:001EBE88,04:001EBF50,05:00228098,05:00228160,05:002281D8,05:002282A0,06:00211018,06:00211090,06:00211108,06:002111D0,07:00221218,07:002212E0,07:00221358,07:00221420,08:0020BE40,08:0020BEB8,08:0020BF30,08:0020BFF8,09:00218798,09:00218860,09:002188D8,09:002189A0,10:001ECA98,10:001ECB10,10:001ECB88,10:001ECC50,11:0022AC98,11:0022AD10,11:0022AD88,11:0022AE50,12:0021BEA0,12:0021BF68,12:0021BFE0,12:0021C0A8,13:00204E18,13:00204E90,13:00204F08,13:00204FD0,14:0020C620,14:0020C6E8,14:0020C7B0,14:0020C878,15:001F2B18,15:001F2B90,15:001F2C58,15:001F2D20,16:001F7C98,16:001F7D10,16:001F7D88,16:001F7E50,17:001F6498,17:001F6510,17:001F6588,17:001F6650,18:00202118,18:00202190,18:00202208,18:002022D0	gameplay/callbacks/dispatch_callback_list_1
FUN_001f4880	exe	472	a0133e13457d27b5	19	00:001F9660,01:0021B260,02:0020A598,03:001F2FC8,04:001EBFC8,05:00228318,06:00211248,07:00221498,08:0020C070,09:00218A18,10:001ECCC8,11:0022AEC8,12:0021C120,13:00205048,14:0020C8F0,15:001F2D98,16:001F7EC8,17:001F66C8,18:00202348	rendering/effects/draw_light_quads
FUN_001f4a58	exe	392	80fc24ea20534296	19	00:001F9838,01:0021B438,02:0020A770,03:001F31A0,04:001EC1A0,05:002284F0,06:00211420,07:00221670,08:0020C248,09:00218BF0,10:001ECEA0,11:0022B0A0,12:0021C2F8,13:00205220,14:0020CAC8,15:001F2F70,16:001F80A0,17:001F68A0,18:00202520	rendering/transitions/fade_to_black
FUN_L00_001f99c0	shared	96	c7b08d7d2eb1f6c1	19	00:001F99C0,01:0021B5C0,02:0020A8F8,03:001F3328,04:001EC328,05:00228678,06:002115A8,07:002217F8,08:0020C3D0,09:00218D78,10:001ED028,11:0022B228,12:0021C480,13:002053A8,14:0020CC50,15:001F30F8,16:001F8228,17:001F6A28,18:002026A8	
FUN_001f4be0	exe	440	9e061a19a87c6ed6	19	00:001F9A20,01:0021B620,02:0020A958,03:001F3388,04:001EC388,05:002286D8,06:00211608,07:00221858,08:0020C430,09:00218DD8,10:001ED088,11:0022B288,12:0021C4E0,13:00205408,14:0020CCB0,15:001F3158,16:001F8288,17:001F6A88,18:00202708	ui/text/draw_subtitles
FUN_001f4d98	exe	540	e03ef4036e22df18	19	00:001F9BD8,01:0021B7D8,02:0020AB10,03:001F3540,04:001EC540,05:00228890,06:002117C0,07:00221A10,08:0020C5E8,09:00218F90,10:001ED240,11:0022B440,12:0021C698,13:002055C0,14:0020CE68,15:001F3310,16:001F8440,17:001F6C40,18:002028C0	rendering/effects/draw_letterbox_bars
FUN_001f4fb8	exe	384	455dbe72c298d9bc	19	00:001F9DF8,01:0021B9F8,02:0020AD30,03:001F3760,04:001EC760,05:00228AB0,06:002119E0,07:00221C30,08:0020C808,09:002191B0,10:001ED460,11:0022B660,12:0021C8B8,13:002057E0,14:0020D088,15:001F3530,16:001F8660,17:001F6E60,18:00202AE0	rendering/fun_001f4fb8
FUN_001f5138	exe	216	847a8013dd41f056	19	00:001F9F78,01:0021BB78,02:0020AEB0,03:001F38E0,04:001EC8E0,05:00228C30,06:00211B60,07:00221DB0,08:0020C988,09:00219330,10:001ED5E0,11:0022B7E0,12:0021CA38,13:00205960,14:0020D208,15:001F36B0,16:001F87E0,17:001F6FE0,18:00202C60	rendering/effects/draw_fogged_fullscreen_sprite
FUN_001f5210	exe	144	3c7f3f515fb1bbfc	19	00:001FA050,01:0021BC50,02:0020AF88,03:001F39B8,04:001EC9B8,05:00228D08,06:00211C38,07:00221E88,08:0020CA60,09:00219408,10:001ED6B8,11:0022B8B8,12:0021CB10,13:00205A38,14:0020D2E0,15:001F3788,16:001F88B8,17:001F70B8,18:00202D38	rendering/packets/emit_rgba_draw_packet
FUN_001f52a0	exe	424	a8e1ff2a6dbd8172	19	00:001FA0E0,01:0021BCE0,02:0020B018,03:001F3A48,04:001ECA48,05:00228D98,06:00211CC8,07:00221F18,08:0020CAF0,09:00219498,10:001ED748,11:0022B948,12:0021CBA0,13:00205AC8,14:0020D370,15:001F3818,16:001F8948,17:001F7148,18:00202DC8	rendering/effects/draw_rect_overlay
FUN_001f5450	exe	388	0d2acae63f30e5e4	19	00:001FA290,01:0021BE90,02:0020B1C8,03:001F3BF8,04:001ECBF8,05:00228F48,06:00211E78,07:002220C8,08:0020CCA0,09:00219648,10:001ED8F8,11:0022BAF8,12:0021CD50,13:00205C78,14:0020D520,15:001F39C8,16:001F8AF8,17:001F72F8,18:00202F78	rendering/texture/draw_textured_quad
FUN_001f55d8	exe	560	5e9c9a67de40dd8c	19	00:001FA418,01:0021C018,02:0020B350,03:001F3D80,04:001ECD80,05:002290D0,06:00212000,07:00222250,08:0020CE28,09:002197D0,10:001EDA80,11:0022BC80,12:0021CED8,13:00205E00,14:0020D6A8,15:001F3B50,16:001F8C80,17:001F7480,18:00203100	assembly/textbin/fun_001f55d8
FUN_001f5808	exe	680	5f5af88f8782fbf5	19	00:001FA648,01:0021C248,02:0020B580,03:001F3FB0,04:001ECFB0,05:00229300,06:00212230,07:00222480,08:0020D058,09:00219A00,10:001EDCB0,11:0022BEB0,12:0021D108,13:00206030,14:0020D8D8,15:001F3D80,16:001F8EB0,17:001F76B0,18:00203330	rendering/fun_001f5808
FUN_001f5ab0	exe	1116	36e260caf0b85fd2	19	00:001FA8F0,01:0021C4F0,02:0020B828,03:001F4258,04:001ED258,05:002295A8,06:002124D8,07:00222728,08:0020D300,09:00219CA8,10:001EDF58,11:0022C158,12:0021D3B0,13:002062D8,14:0020DB80,15:001F4028,16:001F9158,17:001F7958,18:002035D8	assembly/textbin/fun_001f5ab0
FUN_001f5f18	exe	324	0cf74e426d3cabe2	19	00:001FAD58,01:0021C958,02:0020BD90,03:001F46C0,04:001ED7C0,05:00229A10,06:00212A40,07:00222B90,08:0020D868,09:0021A110,10:001EE3C0,11:0022C6C0,12:0021D918,13:00206840,14:0020DFE8,15:001F4490,16:001F95C0,17:001F7DC0,18:00203B40	ui/frames/draw_ui_frame
FUN_001f6060	exe	388	e7fe7a6a37637ef4	19	00:001FAEA0,01:0021CAA0,02:0020BED8,03:001F4808,04:001ED908,05:00229B58,06:00212B88,07:00222CD8,08:0020D9B0,09:0021A258,10:001EE508,11:0022C808,12:0021DA60,13:00206988,14:0020E130,15:001F45D8,16:001F9708,17:001F7F08,18:00203C88	rendering/draw_outlined_rect
FUN_001f61e8	exe	12	7add10cd0f14dd8d	19	00:001FB028,01:0021CC28,02:0020C060,03:001F4990,04:001EDA90,05:00229CE0,06:00212D10,07:00222E60,08:0020DB38,09:0021A3E0,10:001EE690,11:0022C990,12:0021DBE8,13:00206B10,14:0020E2B8,15:001F4760,16:001F9890,17:001F8090,18:00203E10	runtime/state/enable_global_flag
FUN_001f61f8	exe	8	94fa2fd9540a9f79	19	00:001FB038,01:0021CC38,02:0020C070,03:001F49A0,04:001EDAA0,05:00229CF0,06:00212D20,07:00222E70,08:0020DB48,09:0021A3F0,10:001EE6A0,11:0022C9A0,12:0021DBF8,13:00206B20,14:0020E2C8,15:001F4770,16:001F98A0,17:001F80A0,18:00203E20	runtime/state/disable_global_flag
FUN_001f6200	exe	80	ae867d8b1ba1094a	19	00:001FB040,01:0021CC40,02:0020C078,03:001F49A8,04:001EDAA8,05:00229CF8,06:00212D28,07:00222E78,08:0020DB50,09:0021A3F8,10:001EE6A8,11:0022C9A8,12:0021DC00,13:00206B28,14:0020E2D0,15:001F4778,16:001F98A8,17:001F80A8,18:00203E28	ui/text/measure_text_width
FUN_001f6250	exe	32	2abde65fb3daa768	19	00:001FB090,00:001FB0B0,00:001FB0D0,01:0021CC90,01:0021CCB0,01:0021CCD0,02:0020C0C8,02:0020C0E8,02:0020C108,03:001F49F8,03:001F4A18,03:001F4A38,04:001EDAF8,04:001EDB18,04:001EDB38,05:00229D48,05:00229D68,05:00229D88,06:00212D78,06:00212D98,06:00212DB8,07:00222EC8,07:00222EE8,07:00222F08,08:0020DBA0,08:0020DBC0,08:0020DBE0,09:0021A448,09:0021A468,09:0021A488,10:001EE6F8,10:001EE718,10:001EE738,11:0022C9F8,11:0022CA18,11:0022CA38,12:0021DC50,12:0021DC70,12:0021DC90,13:00206B78,13:00206B98,13:00206BB8,14:0020E320,14:0020E340,14:0020E360,15:001F47C8,15:001F47E8,15:001F4808,16:001F98F8,16:001F9918,16:001F9938,17:001F80F8,17:001F8118,17:001F8138,18:00203E78,18:00203E98,18:00203EB8	ui/text/measure_text_width_regular
FUN_001f62b0	exe	640	6e0ad3ff45669fe0	19	00:001FB0F0,01:0021CCF0,02:0020C128,03:001F4A58,04:001EDB58,05:00229DA8,06:00212DD8,07:00222F28,08:0020DC00,09:0021A4A8,10:001EE758,11:0022CA58,12:0021DCB0,13:00206BD8,14:0020E380,15:001F4828,16:001F9958,17:001F8158,18:00203ED8	ui/text/font_print
FUN_001f6530	exe	124	0dce349048fbc62f	19	00:001FB370,00:001FB3F0,00:001FB470,01:0021CF70,01:0021CFF0,01:0021D070,02:0020C3A8,02:0020C428,02:0020C4A8,03:001F4CD8,03:001F4D58,03:001F4DD8,04:001EDDD8,04:001EDE58,04:001EDED8,05:0022A028,05:0022A0A8,05:0022A128,06:00213058,06:002130D8,06:00213158,07:002231A8,07:00223228,07:002232A8,08:0020DE80,08:0020DF00,08:0020DF80,09:0021A728,09:0021A7A8,09:0021A828,10:001EE9D8,10:001EEA58,10:001EEAD8,11:0022CCD8,11:0022CD58,11:0022CDD8,12:0021DF30,12:0021DFB0,12:0021E030,13:00206E58,13:00206ED8,13:00206F58,14:0020E600,14:0020E680,14:0020E700,15:001F4AA8,15:001F4B28,15:001F4BA8,16:001F9BD8,16:001F9C58,16:001F9CD8,17:001F83D8,17:001F8458,17:001F84D8,18:00204158,18:002041D8,18:00204258	ui/text/font_print_large
FUN_001f6638	exe	748	fc6f3759f5875539	19	00:001FB4F0,01:0021D0F0,02:0020C528,03:001F4E58,04:001EDF58,05:0022A1A8,06:002131D8,07:00223328,08:0020E000,09:0021A8A8,10:001EEB58,11:0022CE58,12:0021E0B0,13:00206FD8,14:0020E780,15:001F4C28,16:001F9D58,17:001F8558,18:002042D8	audio/music/process_bgm_display_text_event
FUN_001f6940	exe	140	2f3747e6bdee23b0	19	00:001FB7F8,00:001FB888,00:001FB918,01:0021D3F8,01:0021D488,01:0021D518,02:0020C830,02:0020C8C0,02:0020C950,03:001F5160,03:001F51F0,03:001F5280,04:001EE260,04:001EE2F0,04:001EE380,05:0022A4B0,05:0022A540,05:0022A5D0,06:002134E0,06:00213570,06:00213600,07:00223630,07:002236C0,07:00223750,08:0020E308,08:0020E398,08:0020E428,09:0021ABB0,09:0021AC40,09:0021ACD0,10:001EEE60,10:001EEEF0,10:001EEF80,11:0022D160,11:0022D1F0,11:0022D280,12:0021E3B8,12:0021E448,12:0021E4D8,13:002072E0,13:00207370,13:00207400,14:0020EA88,14:0020EB18,14:0020EBA8,15:001F4F30,15:001F4FC0,15:001F5050,16:001FA060,16:001FA0F0,16:001FA180,17:001F8860,17:001F88F0,17:001F8980,18:002045E0,18:00204670,18:00204700	ui/text/font_print_right
FUN_001f6af0	exe	148	b14c9247cb85c57f	19	00:001FB9A8,00:001FBA40,00:001FBAD8,01:0021D5A8,01:0021D640,01:0021D6D8,02:0020C9E0,02:0020CA78,02:0020CB10,03:001F5310,03:001F53A8,03:001F5440,04:001EE410,04:001EE4A8,04:001EE540,05:0022A660,05:0022A6F8,05:0022A790,06:00213690,06:00213728,06:002137C0,07:002237E0,07:00223878,07:00223910,08:0020E4B8,08:0020E550,08:0020E5E8,09:0021AD60,09:0021ADF8,09:0021AE90,10:001EF010,10:001EF0A8,10:001EF140,11:0022D310,11:0022D3A8,11:0022D440,12:0021E568,12:0021E600,12:0021E698,13:00207490,13:00207528,13:002075C0,14:0020EC38,14:0020ECD0,14:0020ED68,15:001F50E0,15:001F5178,15:001F5210,16:001FA210,16:001FA2A8,16:001FA340,17:001F8A10,17:001F8AA8,17:001F8B40,18:00204790,18:00204828,18:002048C0	ui/text/font_print_center
FUN_001f6cb8	exe	792	97e775059fd28d77	19	00:001FBB70,01:0021D770,02:0020CBA8,03:001F54D8,04:001EE5D8,05:0022A828,06:00213858,07:002239A8,08:0020E680,09:0021AF28,10:001EF1D8,11:0022D4D8,12:0021E730,13:00207658,14:0020EE00,15:001F52A8,16:001FA3D8,17:001F8BD8,18:00204958	ui/fonts/fun_001f6cb8
FUN_001f6fd0	exe	160	60cb86148cf80488	19	00:001FBE88,01:0021DA88,02:0020CEC0,03:001F57F0,04:001EE8F0,05:0022AB40,06:00213B70,07:00223CC0,08:0020E998,09:0021B240,10:001EF4F0,11:0022D7F0,12:0021EA48,13:00207970,14:0020F118,15:001F55C0,16:001FA6F0,17:001F8EF0,18:00204C70	rendering/fun_001f6fd0
FUN_001f7090	exe	1264	6173b9700991a17a	19	00:001FBF48,01:0021DB48,02:0020CF80,03:001F58B0,04:001EE9B0,05:0022AC00,06:00213C30,07:00223D80,08:0020EA58,09:0021B300,10:001EF5B0,11:0022D8B0,12:0021EB08,13:00207A30,14:0020F1D8,15:001F5680,16:001FA7B0,17:001F8FB0,18:00204D30	assembly/textbin/ui/text/font_print_window
FUN_001f7580	exe	108	df0080b06bfab550	19	00:001FC438,00:001FC4A8,01:0021E038,01:0021E0A8,02:0020D470,02:0020D4E0,03:001F5DA0,03:001F5E10,04:001EEEA0,04:001EEF10,05:0022B0F0,05:0022B160,06:00214120,06:00214190,07:00224270,07:002242E0,08:0020EF48,08:0020EFB8,09:0021B7F0,09:0021B860,10:001EFAA0,10:001EFB10,11:0022DDA0,11:0022DE10,12:0021EFF8,12:0021F068,13:00207F20,13:00207F90,14:0020F6C8,14:0020F738,15:001F5B70,15:001F5BE0,16:001FACA0,16:001FAD10,17:001F94A0,17:001F9510,18:00205220,18:00205290	ui/text/font_print_window_regular
FUN_001f7668	exe	56	99ad956078f190de	19	00:001FC520,01:0021E120,02:0020D558,03:001F5E88,04:001EEF88,05:0022B1D8,06:00214208,07:00224358,08:0020F030,09:0021B8D8,10:001EFB88,11:0022DE88,12:0021F0E0,13:00208008,14:0020F7B0,15:001F5C58,16:001FAD88,17:001F9588,18:00205308	runtime/dma/initialize_dma_packet
FUN_L00_001fc558	shared	488	2ebf7c8f64f9874c	19	00:001FC558,01:0021E158,02:0020D590,03:001F5EC0,04:001EEFC0,05:0022B210,06:00214240,07:00224390,08:0020F068,09:0021B910,10:001EFBC0,11:0022DEC0,12:0021F118,13:00208040,14:0020F7E8,15:001F5C90,16:001FADC0,17:001F95C0,18:00205340	
FUN_001f76a0	exe	488	dc75d4388c3a287c	19	00:001FC740,01:0021E340,02:0020D778,03:001F60A8,04:001EF1A8,05:0022B3F8,06:00214428,07:00224578,08:0020F250,09:0021BAF8,10:001EFDA8,11:0022E0A8,12:0021F300,13:00208228,14:0020F9D0,15:001F5E78,16:001FAFA8,17:001F97A8,18:00205528	rendering/fun_001f76a0
FUN_001f7888	exe	236	504198af4847d191	19	00:001FC928,01:0021E528,02:0020D960,03:001F6290,04:001EF390,05:0022B5E0,06:00214610,07:00224760,08:0020F438,09:0021BCE0,10:001EFF90,11:0022E290,12:0021F4E8,13:00208410,14:0020FBB8,15:001F6060,16:001FB190,17:001F9990,18:00205710	rendering/fun_001f7888
FUN_001f7978	exe	44	f47521337eb73307	19	00:001FCA18,00:0020EA50,00:0029F390,01:0021E618,01:0022F390,01:002B3100,02:0020DA50,02:0021DD80,02:0029EB98,03:001F6380,03:00207188,03:0028BCD8,04:001EF480,04:00202030,04:00290288,05:0022B6D0,05:0023C838,05:002C7AE0,06:00214700,06:00225C38,06:002AC488,07:00224850,07:002368B8,07:002C6038,08:0020F528,08:00220610,08:002A77B0,09:0021BDD0,09:0022E730,09:002BBCE0,10:001F0080,10:002020B8,10:0028FE90,11:0022E380,11:0023ED98,11:002C2288,12:0021F5D8,12:002303C8,12:002B5C18,13:00208500,13:0021A538,13:002A9A20,14:0020FCA8,14:002208B8,14:002A5738,15:001F6150,15:00206BC8,15:0028D2D8,16:001FB280,16:0020C460,16:00298300,17:001F9A80,17:0020B9A8,17:002975F0,18:00205800,18:00216848,18:0029EF38	rendering/state/begin_draw_frame
FUN_001f79a8	exe	136	ea0b5bd1138ad09e	19	00:001FCA48,01:0021E648,02:0020DA80,03:001F63B0,04:001EF4B0,05:0022B700,06:00214730,07:00224880,08:0020F558,09:0021BE00,10:001F00B0,11:0022E3B0,12:0021F608,13:00208530,14:0020FCD8,15:001F6180,16:001FB2B0,17:001F9AB0,18:00205830	rendering/fun_001f79a8
FUN_001f7a30	exe	80	e927bc98c6acb0e8	19	00:001FCAD0,01:0021E6D0,02:0020DB08,03:001F6438,04:001EF538,05:0022B788,06:002147B8,07:00224908,08:0020F5E0,09:0021BE88,10:001F0138,11:0022E438,12:0021F690,13:002085B8,14:0020FD60,15:001F6208,16:001FB338,17:001F9B38,18:002058B8	rendering/texture/initialize_alpha_lookup_table
FUN_L00_001fcb28	shared	372	0572c1dcd4b3b7ee	19	00:001FCB28,01:0021E728,02:0020DB60,03:001F6490,04:001EF590,05:0022B7E0,06:00214810,07:00224960,08:0020F638,09:0021BEE0,10:001F0190,11:0022E490,12:0021F6E8,13:00208610,14:0020FDB8,15:001F6260,16:001FB390,17:001F9B90,18:00205910	
FUN_L00_001fcca0	shared	748	078614929970a8fa	19	00:001FCCA0,01:0021E8A0,02:0020DCD8,03:001F6608,04:001EF708,05:0022B958,06:00214988,07:00224AD8,08:0020F7B0,09:0021C058,10:001F0308,11:0022E608,12:0021F860,13:00208788,14:0020FF30,15:001F63D8,16:001FB508,17:001F9D08,18:00205A88	
FUN_001f7a98	exe	376	606953344738472d	19	00:001FCF90,01:0021EB90,02:0020DFC8,03:001F68F8,04:001EF9F8,05:0022BC48,06:00214C78,07:00224DC8,08:0020FAA0,09:0021C348,10:001F05F8,11:0022E8F8,12:0021FB50,13:00208A78,14:00210220,15:001F66C8,16:001FB7F8,17:001F9FF8,18:00205D78	assembly/textbin/fast_intersect_vert
FUN_L00_001fd108	shared	192	c78c39490b4f82b7	19	00:001FD108,01:0021ED08,02:0020E140,03:001F6A70,04:001EFB70,05:0022BDC0,06:00214DF0,07:00224F40,08:0020FC18,09:0021C4C0,10:001F0770,11:0022EA70,12:0021FCC8,13:00208BF0,14:00210398,15:001F6840,16:001FB970,17:001FA170,18:00205EF0	
FUN_L00_001fd1c8	shared	96	4974838e371235d1	19	00:001FD1C8,01:0021EDC8,02:0020E200,03:001F6B30,04:001EFC30,05:0022BE80,06:00214EB0,07:00225000,08:0020FCD8,09:0021C580,10:001F0830,11:0022EB30,12:0021FD88,13:00208CB0,14:00210458,15:001F6900,16:001FBA30,17:001FA230,18:00205FB0	
FUN_001f7d30	exe	1460	ad89d633c8338eb3	19	00:001FD228,01:0021EE28,02:0020E260,03:001F6B90,04:001EFC90,05:0022BEE0,06:00214F10,07:00225060,08:0020FD38,09:0021C5E0,10:001F0890,11:0022EB90,12:0021FDE8,13:00208D10,14:002104B8,15:001F6960,16:001FBA90,17:001FA290,18:00206010	assembly/textbin/fast_draw_quad_real
FUN_001f82e4	exe	128	c7b0172e82d776f2	19	00:001FD7DC,01:0021F3DC,02:0020E814,03:001F7144,04:001F0244,05:0022C494,06:002154C4,07:00225614,08:002102EC,09:0021CB94,10:001F0E44,11:0022F144,12:0022039C,13:002092C4,14:00210A6C,15:001F6F14,16:001FC044,17:001FA844,18:002065C4	assembly/textbin/write_setup_block
FUN_001f8364	exe	64	6c06e797250e508c	19	00:001FD85C,01:0021F45C,02:0020E894,03:001F71C4,04:001F02C4,05:0022C514,06:00215544,07:00225694,08:0021036C,09:0021CC14,10:001F0EC4,11:0022F1C4,12:0022041C,13:00209344,14:00210AEC,15:001F6F94,16:001FC0C4,17:001FA8C4,18:00206644	assembly/textbin/write_gs_header
FUN_001f83a4	exe	1528	95b316ea329ffb2b	19	00:001FD89C,01:0021F49C,02:0020E8D4,03:001F7204,04:001F0304,05:0022C554,06:00215584,07:002256D4,08:002103AC,09:0021CC54,10:001F0F04,11:0022F204,12:0022045C,13:00209384,14:00210B2C,15:001F6FD4,16:001FC104,17:001FA904,18:00206684	assembly/textbin/scis_and_render
FUN_L00_001fde98	shared	500	91a34f958d2e2412	19	00:001FDE98,01:0021FDA8,02:0020EED0,03:001F7800,04:001F0900,05:0022CB50,06:00215B80,07:00225CD0,08:002109A8,09:0021D560,10:001F1500,11:0022F800,12:00220D68,13:00209980,14:00211438,15:001F75D0,16:001FC700,17:001FAF00,18:00206C80	
FUN_001f89a4	exe	1612	11c17029ff8661a3	19	00:001FE08C,01:0021FF9C,02:0020F0C4,03:001F79F4,04:001F0AF4,05:0022CD44,06:00215D74,07:00225EC4,08:00210B9C,09:0021D754,10:001F16F4,11:0022F9F4,12:00220F5C,13:00209B74,14:0021162C,15:001F77C4,16:001FC8F4,17:001FB0F4,18:00206E74	assembly/textbin/fun_001f89a4
FUN_001f8ff0	exe	692	87156239c0873dab	19	00:001FE6D8,01:002205E8,02:0020F710,03:001F8040,04:001F1140,05:0022D390,06:002163C0,07:00226510,08:002111E8,09:0021DDA0,10:001F1D40,11:00230040,12:002215A8,13:0020A1C0,14:00211C78,15:001F7E10,16:001FCF40,17:001FB740,18:002074C0	assembly/textbin/fun_001f8ff0
FUN_L00_001fe990	shared	132	56caf4a8b1f3de53	19	00:001FE990,01:002208A0,02:0020F9C8,03:001F82F8,04:001F13F8,05:0022D648,06:00216678,07:002267C8,08:002114A0,09:0021E058,10:001F1FF8,11:002302F8,12:00221860,13:0020A478,14:00211F30,15:001F80C8,16:001FD1F8,17:001FB9F8,18:00207778	
FUN_L00_001fea18	shared	192	6d342e1c6f162238	19	00:001FEA18,01:00220928,02:0020FA50,03:001F8380,04:001F1480,05:0022D6D0,06:00216700,07:00226850,08:00211528,09:0021E0E0,10:001F2080,11:00230380,12:002218E8,13:0020A500,14:00211FB8,15:001F8150,16:001FD280,17:001FBA80,18:00207800	
FUN_001f92b0	exe	920	42dd2fbb35bda6d1	19	00:001FEAD8,01:002209E8,02:0020FB10,03:001F8440,04:001F1540,05:0022D790,06:002167C0,07:00226910,08:002115E8,09:0021E1A0,10:001F2140,11:00230440,12:002219A8,13:0020A5C0,14:00212078,15:001F8210,16:001FD340,17:001FBB40,18:002078C0	assembly/textbin/fun_001f92b0
FUN_001f96b0	exe	16	33df4c1b5fc62559	19	00:001FEEA0,00:001FEED8,00:001FEF10,00:001FEF48,00:001FEF58,01:00220DB0,01:00220DE8,01:00220E20,01:00220E58,01:00220E68,02:0020FED8,02:0020FF10,02:0020FF48,02:0020FF80,02:0020FF90,03:001F8808,03:001F8840,03:001F8878,03:001F88B0,03:001F88C0,04:001F1908,04:001F1940,04:001F1978,04:001F19B0,04:001F19C0,05:0022DB58,05:0022DB90,05:0022DBC8,05:0022DC00,05:0022DC10,06:00216F38,06:00216F70,06:00216FA8,06:00216FE0,06:00216FF0,07:00226CD8,07:00226D10,07:00226D48,07:00226D80,07:00226D90,08:002119B0,08:002119E8,08:00211A20,08:00211A58,08:00211A68,09:0021EB50,09:0021EB88,09:0021EBC0,09:0021EBF8,09:0021EC08,10:001F2508,10:001F2540,10:001F2578,10:001F25B0,10:001F25C0,11:00230808,11:00230840,11:00230878,11:002308B0,11:002308C0,12:00221D70,12:00221DA8,12:00221DE0,12:00221E18,12:00221E28,13:0020A988,13:0020A9C0,13:0020A9F8,13:0020AA30,13:0020AA40,14:00212440,14:00212478,14:002124B0,14:002124E8,14:002124F8,15:001F85D8,15:001F8610,15:001F8648,15:001F8680,15:001F8690,16:001FD708,16:001FD740,16:001FD778,16:001FD7B0,16:001FD7C0,17:001FBF08,17:001FBF40,17:001FBF78,17:001FBFB0,17:001FBFC0,18:00207C88,18:00207CC0,18:00207CF8,18:00207D30,18:00207D40	assembly/math/multiply_global_factor_ed64
FUN_001f96f8	exe	40	4aaa0116b3f7d67f	19	00:001FEEB0,00:001FEEE8,00:001FEF20,01:00220DC0,01:00220DF8,01:00220E30,02:0020FEE8,02:0020FF20,02:0020FF58,03:001F8818,03:001F8850,03:001F8888,04:001F1918,04:001F1950,04:001F1988,05:0022DB68,05:0022DBA0,05:0022DBD8,06:00216F48,06:00216F80,06:00216FB8,07:00226CE8,07:00226D20,07:00226D58,08:002119C0,08:002119F8,08:00211A30,09:0021EB60,09:0021EB98,09:0021EBD0,10:001F2518,10:001F2550,10:001F2588,11:00230818,11:00230850,11:00230888,12:00221D80,12:00221DB8,12:00221DF0,13:0020A998,13:0020A9D0,13:0020AA08,14:00212450,14:00212488,14:002124C0,15:001F85E8,15:001F8620,15:001F8658,16:001FD718,16:001FD750,16:001FD788,17:001FBF18,17:001FBF50,17:001FBF88,18:00207C98,18:00207CD0,18:00207D08	assembly/textbin/fun_001f96f8
FUN_001f9740	exe	44	57c7cfc29932f763	19	00:001FEF68,01:00220E78,02:0020FFA0,03:001F88D0,04:001F19D0,05:0022DC20,06:00217000,07:00226DA0,08:00211A78,09:0021EC18,10:001F25D0,11:002308D0,12:00221E38,13:0020AA50,14:00212508,15:001F86A0,16:001FD7D0,17:001FBFD0,18:00207D50	assembly/textbin/fast_dec_timer
FUN_001f9770	exe	44	5fa48eb2e483cee8	19	00:001FEF98,01:00220EA8,02:0020FFD0,03:001F8900,04:001F1A00,05:0022DC50,06:00217030,07:00226DD0,08:00211AA8,09:0021EC48,10:001F2600,11:00230900,12:00221E68,13:0020AA80,14:00212538,15:001F86D0,16:001FD800,17:001FC000,18:00207D80	assembly/textbin/fast_dec_timer_s16
FUN_L00_001fefc8	shared	48	7f4a4e5bea197ae4	19	00:001FEFC8,01:00220ED8,02:00210000,03:001F8930,04:001F1A30,05:0022DC80,06:00217060,07:00226E00,08:00211AD8,09:0021EC78,10:001F2630,11:00230930,12:00221E98,13:0020AAB0,14:00212568,15:001F8700,16:001FD830,17:001FC030,18:00207DB0	
FUN_001f97a0	exe	16	85dec546c1bca339	19	00:001FEFF8,01:00220F08,02:00210030,03:001F8960,04:001F1A60,05:0022DCB0,06:00217090,07:00226E30,08:00211B48,09:0021ECA8,10:001F2660,11:00230960,12:00221F08,13:0020AAE0,14:002125D8,15:001F8770,16:001FD860,17:001FC0A0,18:00207DE0	assembly/textbin/log2dim
FUN_001f97b0	exe	16	2ef97d54c7f4f008	19	00:001FF008,01:00220F18,02:00210040,03:001F8970,04:001F1A70,05:0022DCC0,06:002170A0,07:00226E40,08:00211B58,09:0021ECB8,10:001F2670,11:00230970,12:00221F18,13:0020AAF0,14:002125E8,15:001F8780,16:001FD870,17:001FC0B0,18:00207DF0	assembly/runtime/exceptions/raise_kernel_trap
FUN_001f97c0	exe	36	ee9017874c64d301	19	00:001FF018,01:00220F28,02:00210050,03:001F8980,04:001F1A80,05:0022DCD0,06:002170B0,07:00226E50,08:00211B68,09:0021ECC8,10:001F2680,11:00230980,12:00221F28,13:0020AB00,14:002125F8,15:001F8790,16:001FD880,17:001FC0C0,18:00207E00	assembly/runtime/scheduling/spin_wait
FUN_001f97e8	exe	36	15d1ca224f2fff13	19	00:001FF040,01:00220F50,02:00210078,03:001F89A8,04:001F1AA8,05:0022DCF8,06:002170D8,07:00226E78,08:00211B90,09:0021ECF0,10:001F26A8,11:002309A8,12:00221F50,13:0020AB28,14:00212620,15:001F87B8,16:001FD8A8,17:001FC0E8,18:00207E28	assembly/runtime/memory/fill_transfer_words
FUN_001f9810	exe	36	60ce9f6aae913598	19	00:001FF068,01:00220F78,02:002100A0,03:001F89D0,04:001F1AD0,05:0022DD20,06:00217100,07:00226EA0,08:00211BB8,09:0021ED18,10:001F26D0,11:002309D0,12:00221F78,13:0020AB50,14:00212648,15:001F87E0,16:001FD8D0,17:001FC110,18:00207E50	assembly/textbin/fast_mem_zero16
FUN_001f9838	exe	148	dc0086b344bb2b0f	19	00:001FF090,01:00220FA0,02:002100C8,03:001F89F8,04:001F1AF8,05:0022DD48,06:00217128,07:00226EC8,08:00211BE0,09:0021ED40,10:001F26F8,11:002309F8,12:00221FA0,13:0020AB78,14:00212670,15:001F8808,16:001FD8F8,17:001FC138,18:00207E78	assembly/textbin/fun_001f9838
FUN_001f98d0	exe	36	a26de5043b2cec25	19	00:001FF128,01:00221038,02:00210160,03:001F8A90,04:001F1B90,05:0022DDE0,06:002171C0,07:00226F60,08:00211C78,09:0021EDD8,10:001F2790,11:00230A90,12:00222038,13:0020AC10,14:00212708,15:001F88A0,16:001FD990,17:001FC1D0,18:00207F10	assembly/textbin/fast_mem_copy
FUN_001f98f8	exe	44	d9d8fa8af5e44726	19	00:001FF150,01:00221060,02:00210188,03:001F8AB8,04:001F1BB8,05:0022DE08,06:002171E8,07:00226F88,08:00211CA0,09:0021EE00,10:001F27B8,11:00230AB8,12:00222060,13:0020AC38,14:00212730,15:001F88C8,16:001FD9B8,17:001FC1F8,18:00207F38	assembly/textbin/fast_mem_or16
FUN_001f9928	exe	48	187879b87012dec7	19	00:001FF180,01:00221090,02:002101B8,02:002101E8,03:001F8AE8,03:001F8B18,04:001F1BE8,05:0022DE38,05:0022DE68,06:00217218,07:00226FB8,07:00226FE8,08:00211CD0,08:00211D00,09:0021EE30,09:0021EE60,10:001F27E8,11:00230AE8,12:00222090,13:0020AC68,14:00212760,14:00212790,15:001F88F8,16:001FD9E8,17:001FC228,18:00207F68	assembly/runtime/dma/write_dma_channel
FUN_001f9958	exe	40	a23b1763d6a8697d	19	00:001FF1B0,01:002210C0,02:00210218,03:001F8B48,04:001F1C18,05:0022DE98,06:00217248,07:00227018,08:00211D30,09:0021EE90,10:001F2818,11:00230B18,12:002220C0,13:0020AC98,14:002127C0,15:001F8928,16:001FDA18,17:001FC258,18:00207F98	assembly/textbin/fun_001f9958
FUN_001f9988	exe	32	ccaf65ebc1337820	19	00:001FF1E0,01:002210F0,02:00210248,03:001F8B78,04:001F1C48,05:0022DEC8,06:00217278,07:00227048,08:00211D60,09:0021EEC0,10:001F2848,11:00230B48,12:002220F0,13:0020ACC8,14:002127F0,15:001F8958,16:001FDA48,17:001FC288,18:00207FC8	assembly/textbin/fun_001f9988
FUN_001f99a8	exe	24	700fc1083ddd02b1	19	00:001FF200,01:00221110,02:00210268,03:001F8B98,04:001F1C68,05:0022DEE8,06:00217298,07:00227068,08:00211D80,09:0021EEE0,10:001F2868,11:00230B68,12:00222110,13:0020ACE8,14:00212810,15:001F8978,16:001FDA68,17:001FC2A8,18:00207FE8	assembly/math/subtract_integer_with_clamp
FUN_001f99c0	exe	8	9a7fe5b0e7723e78	19	00:001FF218,01:00221128,02:00210280,03:001F8BB0,04:001F1C80,05:0022DF00,06:002172B0,07:00227080,08:00211D98,09:0021EEF8,10:001F2880,11:00230B80,12:00222128,13:0020AD00,14:00212828,15:001F8990,16:001FDA80,17:001FC2C0,18:00208000	math/absolute_float
FUN_001f99c8	exe	8	db047002fca57537	19	00:001FF220,01:00221130,02:00210288,03:001F8BB8,04:001F1C88,05:0022DF08,06:002172B8,07:00227088,08:00211DA0,09:0021EF00,10:001F2888,11:00230B88,12:00222130,13:0020AD08,14:00212830,15:001F8998,16:001FDA88,17:001FC2C8,18:00208008	assembly/textbin/fun_001f99c8
FUN_001f99d0	exe	8	a33fff2bc0da5d62	19	00:001FF228,01:00221138,02:00210290,03:001F8BC0,04:001F1C90,05:0022DF10,06:002172C0,07:00227090,08:00211DA8,09:0021EF08,10:001F2890,11:00230B90,12:00222138,13:0020AD10,14:00212838,15:001F89A0,16:001FDA90,17:001FC2D0,18:00208010	assembly/textbin/fun_001f99d0
FUN_L00_001ff230	shared	16	1790bad58d9bbe87	19	00:001FF230,01:00221140,02:00210298,03:001F8BC8,04:001F1C98,05:0022DF18,06:002172C8,07:00227098,08:00211DB0,09:0021EF10,10:001F2898,11:00230B98,12:00222140,13:0020AD18,14:00212840,15:001F89A8,16:001FDA98,17:001FC2D8,18:00208018	
FUN_001f99e8	exe	16	e9f572c8ac113d0f	19	00:001FF240,01:00221150,02:002102A8,03:001F8BD8,04:001F1CA8,05:0022DF28,06:002172D8,07:002270A8,08:00211DC0,09:0021EF20,10:001F28A8,11:00230BA8,12:00222150,13:0020AD28,14:00212850,15:001F89B8,16:001FDAA8,17:001FC2E8,18:00208028	assembly/textbin/fun_001f99e8
FUN_L00_001ff250	shared	16	7b7d0f35ba5da4c3	19	00:001FF250,01:00221160,02:002102B8,03:001F8BE8,04:001F1CB8,05:0022DF38,06:002172E8,07:002270B8,08:00211DD0,09:0021EF30,10:001F28B8,11:00230BB8,12:00222160,13:0020AD38,14:00212860,15:001F89C8,16:001FDAB8,17:001FC2F8,18:00208038	
FUN_001f99f8	exe	8	5aab30a101c01893	19	00:001FF260,01:00221170,02:002102C8,03:001F8BF8,04:001F1CC8,05:0022DF48,06:002172F8,07:002270C8,08:00211DE0,09:0021EF40,10:001F28C8,11:00230BC8,12:00222170,13:0020AD48,14:00212870,15:001F89D8,16:001FDAC8,17:001FC308,18:00208048	assembly/textbin/runtime/memory/clear_u64_value
FUN_001f9a00	exe	16	1051629d87815565	19	00:001FF268,01:00221178,02:002102D0,03:001F8C00,04:001F1CD0,05:0022DF50,06:00217308,07:002270D0,08:00211DE8,09:0021EF48,10:001F28D0,11:00230BD0,12:00222178,13:0020AD50,14:00212878,15:001F89E0,16:001FDAD0,17:001FC310,18:00208050	assembly/textbin/fun_001f9a00
FUN_001f9a10	exe	24	982c0ed2644d9a92	19	00:001FF278,01:00221188,02:002102E0,03:001F8C10,04:001F1CE0,05:0022DF60,06:00217318,07:002270E0,08:00211DF8,09:0021EF58,10:001F28E0,11:00230BE0,12:00222188,13:0020AD60,14:00212888,15:001F89F0,16:001FDAE0,17:001FC320,18:00208060	assembly/textbin/fast_vec_add
FUN_L00_001ff290	shared	24	116a331dcd611b69	19	00:001FF290,01:002211A0,02:002102F8,03:001F8C28,04:001F1CF8,05:0022DF78,06:00217330,07:002270F8,08:00211E10,09:0021EF70,10:001F28F8,11:00230BF8,12:002221A0,13:0020AD78,14:002128A0,15:001F8A08,16:001FDAF8,17:001FC338,18:00208078	
FUN_001f9a28	exe	24	a917f496e1a2ad69	19	00:001FF2A8,01:002211B8,02:00210310,03:001F8C40,04:001F1D10,05:0022DF90,06:00217348,07:00227110,08:00211E28,09:0021EF88,10:001F2910,11:00230C10,12:002221B8,13:0020AD90,14:002128B8,15:001F8A20,16:001FDB10,17:001FC350,18:00208090	assembly/textbin/fast_vec_sub
FUN_L00_001ff2c0	shared	24	805ae4aa55e5c963	19	00:001FF2C0,01:002211D0,02:00210328,03:001F8C58,04:001F1D28,05:0022DFA8,06:00217360,07:00227128,08:00211E40,09:0021EFA0,10:001F2928,11:00230C28,12:002221D0,13:0020ADA8,14:002128D0,15:001F8A38,16:001FDB28,17:001FC368,18:002080A8	
FUN_001f9a40	exe	40	2e120db4a9dedf0a	19	00:001FF2D8,01:002211E8,02:00210340,03:001F8C70,04:001F1D40,05:0022DFC0,06:00217378,07:00227140,08:00211E58,09:0021EFB8,10:001F2940,11:00230C40,12:002221E8,13:0020ADC0,14:002128E8,15:001F8A50,16:001FDB40,17:001FC380,18:002080C0	assembly/textbin/fun_001f9a40
FUN_001f9a68	exe	24	6e4fcce6c2a0d313	19	00:001FF300,01:00221210,02:00210368,03:001F8C98,04:001F1D68,05:0022DFE8,06:002173A0,07:00227168,08:00211E80,09:0021EFE0,10:001F2968,11:00230C68,12:00222210,13:0020ADE8,14:00212910,15:001F8A78,16:001FDB68,17:001FC3A8,18:002080E8	assembly/textbin/fast_vec_scale
FUN_L00_001ff318	shared	24	29fa2b23760e0f8f	19	00:001FF318,01:00221228,02:00210380,03:001F8CB0,04:001F1D80,05:0022E000,06:002173B8,07:00227180,08:00211E98,09:0021EFF8,10:001F2980,11:00230C80,12:00222228,13:0020AE00,14:00212928,15:001F8A90,16:001FDB80,17:001FC3C0,18:00208100	
FUN_001f9a80	exe	24	3c4411f34d29bd70	19	00:001FF330,01:00221240,02:00210398,03:001F8CC8,04:001F1D98,05:0022E018,06:002173D0,07:00227198,08:00211EB0,09:0021F010,10:001F2998,11:00230C98,12:00222240,13:0020AE18,14:00212940,15:001F8AA8,16:001FDB98,17:001FC3D8,18:00208118	assembly/textbin/fun_001f9a80
FUN_L00_001ff348	shared	24	e41a634bc1077b0b	19	00:001FF348,01:00221258,02:002103B0,03:001F8CE0,04:001F1DB0,05:0022E030,06:002173E8,07:002271B0,08:00211EC8,09:0021F028,10:001F29B0,11:00230CB0,12:00222258,13:0020AE30,14:00212958,15:001F8AC0,16:001FDBB0,17:001FC3F0,18:00208130	
FUN_001f9a98	exe	24	256fefabdf856dd3	19	00:001FF360,01:00221270,02:002103C8,03:001F8CF8,04:001F1DC8,05:0022E048,06:00217400,07:002271C8,08:00211EE0,09:0021F040,10:001F29C8,11:00230CC8,12:00222270,13:0020AE48,14:00212970,15:001F8AD8,16:001FDBC8,17:001FC408,18:00208148	assembly/textbin/fun_001f9a98
FUN_L00_001ff378	shared	32	3be1ed6ed30f8164	19	00:001FF378,01:00221288,02:002103E0,03:001F8D10,04:001F1DE0,05:0022E060,06:00217418,07:002271E0,08:00211EF8,09:0021F058,10:001F29E0,11:00230CE0,12:00222288,13:0020AE60,14:00212988,15:001F8AF0,16:001FDBE0,17:001FC420,18:00208160	
FUN_001f9ab0	exe	40	5bc4c9103f9cfebe	19	00:001FF398,01:002212A8,02:00210400,03:001F8D30,04:001F1E00,05:0022E080,06:00217438,07:00227200,08:00211F18,09:0021F078,10:001F2A00,11:00230D00,12:002222A8,13:0020AE80,14:002129A8,15:001F8B10,16:001FDC00,17:001FC440,18:00208180	assembly/textbin/fast_vec_dot
FUN_001f9ad8	exe	24	8b9ab617886e85eb	19	00:001FF3C0,01:002212D0,02:00210428,03:001F8D58,04:001F1E28,05:0022E0A8,06:00217460,07:00227228,08:00211F40,09:0021F0A0,10:001F2A28,11:00230D28,12:002222D0,13:0020AEA8,14:002129D0,15:001F8B38,16:001FDC28,17:001FC468,18:002081A8	assembly/textbin/fast_vec_cross
FUN_001f9af0	exe	48	ddca01e66e970402	19	00:001FF3D8,01:002212E8,02:00210440,03:001F8D70,04:001F1E40,05:0022E0C0,06:00217478,07:00227240,08:00211F58,09:0021F0B8,10:001F2A40,11:00230D40,12:002222E8,13:0020AEC0,14:002129E8,15:001F8B50,16:001FDC40,17:001FC480,18:002081C0	assembly/textbin/fast_vec_length
FUN_001f9b20	exe	40	c5ec4504d280cb58	19	00:001FF408,01:00221318,02:00210470,03:001F8DA0,04:001F1E70,05:0022E0F0,06:002174A8,07:00227270,08:00211F88,09:0021F0E8,10:001F2A70,11:00230D70,12:00222318,13:0020AEF0,14:00212A18,15:001F8B80,16:001FDC70,17:001FC4B0,18:002081F0	assembly/textbin/fun_001f9b20
FUN_L00_001ff430	shared	32	520b757f589c5a98	19	00:001FF430,01:00221340,02:00210498,03:001F8DC8,04:001F1E98,05:0022E118,06:002174D0,07:00227298,08:00211FB0,09:0021F110,10:001F2A98,11:00230D98,12:00222340,13:0020AF18,14:00212A40,15:001F8BA8,16:001FDC98,17:001FC4D8,18:00208218	
FUN_001f9b48	exe	56	22d051aaa18264eb	19	00:001FF450,01:00221360,02:002104B8,03:001F8DE8,04:001F1EB8,05:0022E138,06:002174F0,07:002272B8,08:00211FD0,09:0021F130,10:001F2AB8,11:00230DB8,12:00222360,13:0020AF38,14:00212A60,15:001F8BC8,16:001FDCB8,17:001FC4F8,18:00208238	assembly/textbin/fast_vec_dist
FUN_001f9b80	exe	48	369a0ef7803d5ed0	19	00:001FF488,01:00221398,02:002104F0,03:001F8E20,04:001F1EF0,05:0022E170,06:00217528,07:002272F0,08:00212008,09:0021F168,10:001F2AF0,11:00230DF0,12:00222398,13:0020AF70,14:00212A98,15:001F8C00,16:001FDCF0,17:001FC530,18:00208270	assembly/textbin/fun_001f9b80
FUN_001f9bb0	exe	72	bbc1a5ee7e48d75b	19	00:001FF4B8,01:002213C8,02:00210520,03:001F8E50,04:001F1F20,05:0022E1A0,06:00217558,07:00227320,08:00212038,09:0021F198,10:001F2B20,11:00230E20,12:002223C8,13:0020AFA0,14:00212AC8,15:001F8C30,16:001FDD20,17:001FC560,18:002082A0	assembly/textbin/fun_001f9bb0
FUN_001f9bf8	exe	80	4f337a0b65903105	19	00:001FF500,01:00221410,02:00210568,03:001F8E98,04:001F1F68,05:0022E1E8,06:002175A0,07:00227368,08:00212080,09:0021F1E0,10:001F2B68,11:00230E68,12:00222410,13:0020AFE8,14:00212B10,15:001F8C78,16:001FDD68,17:001FC5A8,18:002082E8	assembly/textbin/fast_vec_normalize
FUN_001f9c48	exe	72	9f0c4b4159a5ad4f	19	00:001FF550,01:00221460,02:002105B8,03:001F8EE8,04:001F1FB8,05:0022E238,06:002175F0,07:002273B8,08:002120D0,09:0021F230,10:001F2BB8,11:00230EB8,12:00222460,13:0020B038,14:00212B60,15:001F8CC8,16:001FDDB8,17:001FC5F8,18:00208338	assembly/textbin/fun_001f9c48
FUN_001f9c90	exe	104	cb548069ab57fc1c	19	00:001FF598,01:002214A8,02:00210600,03:001F8F30,04:001F2000,05:0022E280,06:00217638,07:00227400,08:00212118,09:0021F278,10:001F2C00,11:00230F00,12:002224A8,13:0020B080,14:00212BA8,15:001F8D10,16:001FDE00,17:001FC640,18:00208380	assembly/textbin/fun_001f9c90
FUN_L00_001ff600	shared	96	29058cbd536d51cd	19	00:001FF600,01:00221510,02:00210668,03:001F8F98,04:001F2068,05:0022E2E8,06:002176A0,07:00227468,08:00212180,09:0021F2E0,10:001F2C68,11:00230F68,12:00222510,13:0020B0E8,14:00212C10,15:001F8D78,16:001FDE68,17:001FC6A8,18:002083E8	
FUN_L00_001ff660	shared	112	6375e2bc717ed878	19	00:001FF660,01:00221570,02:002106C8,03:001F8FF8,04:001F20C8,05:0022E348,06:00217700,07:002274C8,08:002121E0,09:0021F340,10:001F2CC8,11:00230FC8,12:00222570,13:0020B148,14:00212C70,15:001F8DD8,16:001FDEC8,17:001FC708,18:00208448	
FUN_001f9cf8	exe	40	6ededb970ce0759c	19	00:001FF6D0,01:002215E0,02:00210738,03:001F9068,04:001F2138,05:0022E3B8,06:00217770,07:00227538,08:00212250,09:0021F3B0,10:001F2D38,11:00231038,12:002225E0,13:0020B1B8,14:00212CE0,15:001F8E48,16:001FDF38,17:001FC778,18:002084B8	assembly/textbin/fun_001f9cf8
FUN_001f9d20	exe	48	aad0660b2e133537	19	00:001FF6F8,01:00221608,02:00210760,03:001F9090,04:001F2160,05:0022E3E0,06:00217798,07:00227560,08:00212278,09:0021F3D8,10:001F2D60,11:00231060,12:00222608,13:0020B1E0,14:00212D08,15:001F8E70,16:001FDF60,17:001FC7A0,18:002084E0	assembly/textbin/fun_001f9d20
FUN_001f9d50	exe	24	d02d9b1c86a1d19c	19	00:001FF728,01:00221638,02:00210790,03:001F90C0,04:001F2190,05:0022E410,06:002177C8,07:00227590,08:002122A8,09:0021F408,10:001F2D90,11:00231090,12:00222638,13:0020B210,14:00212D38,15:001F8EA0,16:001FDF90,17:001FC7D0,18:00208510	assembly/textbin/fast_vector_from_packed_chars
FUN_001f9d68	exe	40	3c32d88b0b5d1464	19	00:001FF740,01:00221650,02:002107A8,03:001F90D8,04:001F21A8,05:0022E428,06:002177E0,07:002275A8,08:002122C0,09:0021F420,10:001F2DA8,11:002310A8,12:00222650,13:0020B228,14:00212D50,15:001F8EB8,16:001FDFA8,17:001FC7E8,18:00208528	assembly/textbin/fast_vector_to_packed_chars
FUN_L00_001ff768	shared	72	c86be1eda29cc400	19	00:001FF768,01:00221678,02:002107D0,03:001F9100,04:001F21D0,05:0022E450,06:00217808,07:002275D0,08:002122E8,09:0021F448,10:001F2DD0,11:002310D0,12:00222678,13:0020B250,14:00212D78,15:001F8EE0,16:001FDFD0,17:001FC810,18:00208550	
FUN_001f9d98	exe	44	f451004e92da1969	19	00:001FF7B8,01:002216C8,02:00210820,03:001F9150,04:001F2220,05:0022E4A0,06:00217858,07:00227620,08:00212338,09:0021F498,10:001F2E20,11:00231120,12:002226C8,13:0020B2A0,14:00212DC8,15:001F8F30,16:001FE020,17:001FC860,18:002085A0	assembly/math/fast_count_chars
FUN_001f9dc8	exe	24	ee3d3d24605497e8	19	00:001FF7E8,01:002216F8,02:00210850,03:001F9180,04:001F2250,05:0022E4D0,06:00217888,07:00227650,08:00212368,09:0021F4C8,10:001F2E50,11:00231150,12:002226F8,13:0020B2D0,14:00212DF8,15:001F8F60,16:001FE050,17:001FC890,18:002085D0	assembly/textbin/fast_cos
FUN_001f9de0	exe	24	a21d5083bf99191a	19	00:001FF800,01:00221710,02:00210868,03:001F9198,04:001F2268,05:0022E4E8,06:002178A0,07:00227668,08:00212380,09:0021F4E0,10:001F2E68,11:00231168,12:00222710,13:0020B2E8,14:00212E10,15:001F8F78,16:001FE068,17:001FC8A8,18:002085E8	assembly/textbin/fast_sin
FUN_001f9df8	exe	152	c30313dadc122e0f	19	00:001FF818,01:00221728,02:00210880,03:001F91B0,04:001F2280,05:0022E500,06:002178B8,07:00227680,08:00212398,09:0021F4F8,10:001F2E80,11:00231180,12:00222728,13:0020B300,14:00212E28,15:001F8F90,16:001FE080,17:001FC8C0,18:00208600	assembly/textbin/fast_arc_sin
FUN_001f9e90	exe	272	4a0f49d588aca51e	19	00:001FF8B0,01:002217C0,02:00210918,03:001F9248,04:001F2318,05:0022E598,06:00217950,07:00227718,08:00212430,09:0021F590,10:001F2F18,11:00231218,12:002227C0,13:0020B398,14:00212EC0,15:001F9028,16:001FE118,17:001FC958,18:00208698	assembly/textbin/fast_arc_tan
FUN_L00_001ff9c0	shared	40	8952ee73a931da6b	19	00:001FF9C0,01:002218D0,02:00210A28,03:001F9358,04:001F2428,05:0022E6A8,06:00217A60,07:00227828,08:00212540,09:0021F6A0,10:001F3028,11:00231328,12:002228D0,13:0020B4A8,14:00212FD0,15:001F9138,16:001FE228,17:001FCA68,18:002087A8	
FUN_001f9fc8	exe	44	7287f819743e35b0	19	00:001FF9E8,01:002218F8,02:00210A50,03:001F9380,04:001F2450,05:0022E6D0,06:00217A88,07:00227850,08:00212568,09:0021F6C8,10:001F3050,11:00231350,12:002228F8,13:0020B4D0,14:00212FF8,15:001F9160,16:001FE250,17:001FCA90,18:002087D0	assembly/textbin/fun_001f9fc8
FUN_001f9ff8	exe	56	fa6c5aa08cf0c910	19	00:001FFA18,01:00221928,02:00210A80,03:001F93B0,04:001F2480,05:0022E700,06:00217AB8,07:00227880,08:00212598,09:0021F6F8,10:001F3080,11:00231380,12:00222928,13:0020B500,14:00213028,15:001F9190,16:001FE280,17:001FCAC0,18:00208800	assembly/textbin/fun_001f9ff8
FUN_001fa030	exe	28	d20ac3882a951fee	19	00:001FFA50,01:00221960,02:00210AB8,03:001F93E8,04:001F24B8,05:0022E738,06:00217AF0,07:002278B8,08:002125D0,09:0021F730,10:001F30B8,11:002313B8,12:00222960,13:0020B538,14:00213060,15:001F91C8,16:001FE2B8,17:001FCAF8,18:00208838	assembly/textbin/fun_001fa030
FUN_001fa050	exe	32	dcb91892ecf6af5a	19	00:001FFA70,01:00221980,02:00210AD8,03:001F9408,04:001F24D8,05:0022E758,06:00217B10,07:002278D8,08:002125F0,09:0021F750,10:001F30D8,11:002313D8,12:00222980,13:0020B558,14:00213080,15:001F91E8,16:001FE2D8,17:001FCB18,18:00208858	assembly/textbin/fun_001fa050
FUN_001fa070	exe	548	a24de28d75236a7c	19	00:001FFA90,01:002219A0,02:00210AF8,03:001F9428,04:001F24F8,05:0022E778,06:00217B30,07:002278F8,08:00212610,09:0021F770,10:001F30F8,11:002313F8,12:002229A0,13:0020B578,14:002130A0,15:001F9208,16:001FE2F8,17:001FCB38,18:00208878	assembly/textbin/fun_001fa070
FUN_001fa298	exe	32	ca74ece7025ae90e	19	00:001FFCB8,01:00221BC8,02:00210D20,03:001F9650,04:001F2720,05:0022E9A0,06:00217D58,07:00227B20,08:00212838,09:0021F998,10:001F3320,11:00231620,12:00222BC8,13:0020B7A0,14:002132C8,15:001F9430,16:001FE520,17:001FCD60,18:00208AA0	assembly/textbin/fun_001fa298
FUN_001fa2b8	exe	32	b9308ff10703b5f4	19	00:001FFCD8,01:00221BE8,02:00210D40,03:001F9670,04:001F2740,05:0022E9C0,06:00217D78,07:00227B40,08:00212858,09:0021F9B8,10:001F3340,11:00231640,12:00222BE8,13:0020B7C0,14:002132E8,15:001F9450,16:001FE540,17:001FCD80,18:00208AC0	assembly/textbin/fun_001fa2b8
FUN_001fa2d8	exe	80	77a8d8cec6ae358d	19	00:001FFCF8,01:00221C08,02:00210D60,03:001F9690,04:001F2760,05:0022E9E0,06:00217D98,07:00227B60,08:00212878,09:0021F9D8,10:001F3360,11:00231660,12:00222C08,13:0020B7E0,14:00213308,15:001F9470,16:001FE560,17:001FCDA0,18:00208AE0	assembly/textbin/fun_001fa2d8
FUN_L00_001ffd48	shared	64	568bfa5c2c86ea6a	19	00:001FFD48,01:00221C58,02:00210DB0,03:001F96E0,04:001F27B0,05:0022EA30,06:00217DE8,07:00227BB0,08:002128C8,09:0021FA28,10:001F33B0,11:002316B0,12:00222C58,13:0020B830,14:00213358,15:001F94C0,16:001FE5B0,17:001FCDF0,18:00208B30	
FUN_001fa328	exe	80	91fe97895d1e337c	19	00:001FFD88,01:00221C98,02:00210DF0,03:001F9720,04:001F27F0,05:0022EA70,06:00217E28,07:00227BF0,08:00212908,09:0021FA68,10:001F33F0,11:002316F0,12:00222C98,13:0020B870,14:00213398,15:001F9500,16:001FE5F0,17:001FCE30,18:00208B70	assembly/textbin/fun_001fa328
FUN_001fa378	exe	68	7ab0c83d97921288	19	00:001FFDD8,01:00221CE8,02:00210E40,03:001F9770,04:001F2840,05:0022EAC0,06:00217E78,07:00227C40,08:00212958,09:0021FAB8,10:001F3440,11:00231740,12:00222CE8,13:0020B8C0,14:002133E8,15:001F9550,16:001FE640,17:001FCE80,18:00208BC0	assembly/textbin/fun_001fa378
FUN_L00_001ffe20	shared	72	da0a011fcf80cc15	19	00:001FFE20,01:00221D30,02:00210E88,03:001F97B8,04:001F2888,05:0022EB08,06:00217EC0,07:00227C88,08:002129A0,09:0021FB00,10:001F3488,11:00231788,12:00222D30,13:0020B908,14:00213430,15:001F9598,16:001FE688,17:001FCEC8,18:00208C08	
FUN_001fa3c0	exe	64	99ea573b74088e1f	19	00:001FFE68,01:00221D78,02:00210ED0,03:001F9800,04:001F28D0,05:0022EB50,06:00217F08,07:00227CD0,08:002129E8,09:0021FB48,10:001F34D0,11:002317D0,12:00222D78,13:0020B950,14:00213478,15:001F95E0,16:001FE6D0,17:001FCF10,18:00208C50	assembly/textbin/fun_001fa3c0
FUN_001fa400	exe	124	f6e92f330e8a7f7e	19	00:001FFEA8,01:00221DB8,02:00210F10,03:001F9840,04:001F2910,05:0022EB90,06:00217F48,07:00227D10,08:00212A28,09:0021FB88,10:001F3510,11:00231810,12:00222DB8,13:0020B990,14:002134B8,15:001F9620,16:001FE710,17:001FCF50,18:00208C90	assembly/textbin/fun_001fa400
FUN_L00_001fff28	shared	192	0e4296229e6a28ec	19	00:001FFF28,01:00221E38,02:00210F90,03:001F98C0,04:001F2990,05:0022EC10,06:00217FC8,07:00227D90,08:00212AA8,09:0021FC08,10:001F3590,11:00231890,12:00222E38,13:0020BA10,14:00213538,15:001F96A0,16:001FE790,17:001FCFD0,18:00208D10	
FUN_001fa480	exe	120	600b184056a3930b	19	00:001FFFE8,01:00221EF8,02:00211050,03:001F9980,04:001F2A50,05:0022ECD0,06:00218088,07:00227E50,08:00212B68,09:0021FCC8,10:001F3650,11:00231950,12:00222EF8,13:0020BAD0,14:002135F8,15:001F9760,16:001FE850,17:001FD090,18:00208DD0	assembly/textbin/fun_001fa480
FUN_001fa4f8	exe	132	eb016556a40f84ca	19	00:00200060,01:00221F70,02:002110C8,03:001F99F8,04:001F2AC8,05:0022ED48,06:00218100,07:00227EC8,08:00212BE0,09:0021FD40,10:001F36C8,11:002319C8,12:00222F70,13:0020BB48,14:00213670,15:001F97D8,16:001FE8C8,17:001FD108,18:00208E48	assembly/textbin/fun_001fa4f8
FUN_001fa580	exe	68	d02cf5cdb82b33ac	19	00:002000E8,01:00221FF8,02:00211150,03:001F9A80,04:001F2B50,05:0022EDD0,06:00218188,07:00227F50,08:00212C68,09:0021FDC8,10:001F3750,11:00231A50,12:00222FF8,13:0020BBD0,14:002136F8,15:001F9860,16:001FE950,17:001FD190,18:00208ED0	assembly/textbin/math/rotations/fast_add_rotations
FUN_001fa5c8	exe	68	50f33e239636dd20	19	00:00200130,01:00222040,02:00211198,03:001F9AC8,04:001F2B98,05:0022EE18,06:002181D0,07:00227F98,08:00212CB0,09:0021FE10,10:001F3798,11:00231A98,12:00223040,13:0020BC18,14:00213740,15:001F98A8,16:001FE998,17:001FD1D8,18:00208F18	assembly/textbin/math/rotations/fast_subtract_rotations
FUN_001fa610	exe	116	7f90615e65da6b94	19	00:00200178,01:00222088,02:002111E0,03:001F9B10,04:001F2BE0,05:0022EE60,06:00218218,07:00227FE0,08:00212CF8,09:0021FE58,10:001F37E0,11:00231AE0,12:00223088,13:0020BC60,14:00213788,15:001F98F0,16:001FE9E0,17:001FD220,18:00208F60	assembly/textbin/math/rotations/fast_normalize_angle
FUN_001fa688	exe	52	abc4c1a78546dbd6	19	00:002001F0,01:00222100,02:00211258,03:001F9B88,04:001F2C58,05:0022EED8,06:00218290,07:00228058,08:00212D70,09:0021FED0,10:001F3858,11:00231B58,12:00223100,13:0020BCD8,14:00213800,15:001F9968,16:001FEA58,17:001FD298,18:00208FD8	assembly/textbin/math/rotations/fast_difference_between_rotations
FUN_L00_00200228	shared	24	e32b219f6c6b1ac1	19	00:00200228,01:00222138,02:00211290,03:001F9BC0,04:001F2C90,05:0022EF10,06:002182C8,07:00228090,08:00212DA8,09:0021FF08,10:001F3890,11:00231B90,12:00223138,13:0020BD10,14:00213838,15:001F99A0,16:001FEA90,17:001FD2D0,18:00209010	
FUN_001fa6c0	exe	16	c458766ca8555004	19	00:00200240,01:00222150,02:002112A8,03:001F9BD8,04:001F2CA8,05:0022EF28,06:002182E0,07:002280A8,08:00212DC0,09:0021FF20,10:001F38A8,11:00231BA8,12:00223150,13:0020BD28,14:00213850,15:001F99B8,16:001FEAA8,17:001FD2E8,18:00209028	assembly/math/convert_integer_to_float
FUN_001fa6d0	exe	16	339674bbbe3b46d9	19	00:00200250,01:00222160,02:002112B8,03:001F9BE8,04:001F2CB8,05:0022EF38,06:002182F0,07:002280B8,08:00212DD0,09:0021FF30,10:001F38B8,11:00231BB8,12:00223160,13:0020BD38,14:00213860,15:001F99C8,16:001FEAB8,17:001FD2F8,18:00209038	assembly/math/conversion/truncate_float_to_s32
FUN_L00_00200260	shared	56	1c57cee0c4fcddd4	19	00:00200260,01:00222170,02:002112C8,03:001F9BF8,04:001F2CC8,05:0022EF48,06:00218300,07:002280C8,08:00212DE0,09:0021FF40,10:001F38C8,11:00231BC8,12:00223170,13:0020BD48,14:00213870,15:001F99D8,16:001FEAC8,17:001FD308,18:00209048	
FUN_001fa6e0	exe	72	8bc35df5d8be55ea	19	00:00200298,01:002221A8,02:00211300,03:001F9C30,04:001F2D00,05:0022EF80,06:00218338,07:00228100,08:00212E18,09:0021FF78,10:001F3900,11:00231C00,12:002231A8,13:0020BD80,14:002138A8,15:001F9A10,16:001FEB00,17:001FD340,18:00209080	assembly/textbin/fast_tween_color
FUN_001fa728	exe	248	a938337e93ea7d12	19	00:002002E0,01:002221F0,02:00211348,03:001F9C78,04:001F2D48,05:0022EFC8,06:00218380,07:00228148,08:00212E60,09:0021FFC0,10:001F3948,11:00231C48,12:002231F0,13:0020BDC8,14:002138F0,15:001F9A58,16:001FEB48,17:001FD388,18:002090C8	assembly/textbin/fast_bsphere_check
FUN_001fa820	exe	60	833875f805ace8b9	19	00:002003D8,01:002222E8,02:00211440,03:001F9D70,04:001F2E40,05:0022F0C0,06:00218478,07:00228240,08:00212F58,09:002200B8,10:001F3A40,11:00231D40,12:002232E8,13:0020BEC0,14:002139E8,15:001F9B50,16:001FEC40,17:001FD480,18:002091C0	assembly/textbin/fun_001fa820
FUN_001fa860	exe	248	8cbcf47e7982b9e6	19	00:00200418,01:00222328,02:00211480,03:001F9DB0,04:001F2E80,05:0022F100,06:002184B8,07:00228280,08:00212F98,09:002200F8,10:001F3A80,11:00231D80,12:00223328,13:0020BF00,14:00213A28,15:001F9B90,16:001FEC80,17:001FD4C0,18:00209200	assembly/textbin/fun_001fa860
FUN_L00_00200510	shared	184	1888ca1ab3ea1dc1	19	00:00200510,01:00222420,02:00211578,03:001F9EA8,04:001F2F78,05:0022F1F8,06:002185B0,07:00228378,08:00213090,09:002201F0,10:001F3B78,11:00231E78,12:00223420,13:0020BFF8,14:00213B20,15:001F9C88,16:001FED78,17:001FD5B8,18:002092F8	
FUN_001fa978	exe	2308	1e5a25a762e30419	19	00:002005E8,01:002224F8,02:00211650,03:001F9F80,04:001F3BC8,05:0022F2D0,06:00218688,07:00228450,08:00213168,09:002202C8,10:001F3C50,11:00231F50,12:002234F8,13:0020C0D0,14:00213BF8,15:001F9D60,16:001FEE50,17:001FD690,18:002093D0	assembly/textbin/rendering/buffers/setup_fs_aa_buffer
FUN_001fb280	exe	40	99491c49baf165bb	19	00:00200EF0,01:00222E00,02:00211F58,03:001FA888,04:001F44D0,05:0022FBD8,06:00218F90,07:00228D58,08:00213A70,09:00220BD0,10:001F4558,11:00232858,12:00223E00,13:0020C9D8,14:00214500,15:001FA668,16:001FF758,17:001FDF98,18:00209CD8	rendering/color/set_background_color
FUN_001fb2a8	exe	36	9c4c3999ad0982d1	19	00:00200F18,01:00222E28,02:00211F80,03:001FA8B0,04:001F44F8,05:0022FC00,06:00218FB8,07:00228D80,08:00213A98,09:00220BF8,10:001F4580,11:00232880,12:00223E28,13:0020CA00,14:00214528,15:001FA690,16:001FF780,17:001FDFC0,18:00209D00	rendering/packets/put_disp_buffer
FUN_001fb2d0	exe	148	c792ea6b36e436c2	19	00:00200F40,01:00222E50,02:00211FA8,03:001FA8D8,04:001F4520,05:0022FC28,06:00218FE0,07:00228DA8,08:00213AC0,09:00220C20,10:001F45A8,11:002328A8,12:00223E50,13:0020CA28,14:00214550,15:001FA6B8,16:001FF7A8,17:001FDFE8,18:00209D28	rendering/packets/append_draw_environment_packet
FUN_001fb368	exe	100	39cd6d3115577d0b	19	00:00200FD8,01:00222EE8,02:00212040,03:001FA970,04:001F45B8,05:0022FCC0,06:00219078,07:00228E40,08:00213B58,09:00220CB8,10:001F4640,11:00232940,12:00223EE8,13:0020CAC0,14:002145E8,15:001FA750,16:001FF840,17:001FE080,18:00209DC0	rendering/packets/append_gif_transfer_packet
FUN_001fb3d0	exe	108	4de1bce22d606994	19	00:00201040,01:00222F50,02:002120A8,03:001FA9D8,04:001F4620,05:0022FD28,06:002190E0,07:00228EA8,08:00213BC0,09:00220D20,10:001F46A8,11:002329A8,12:00223F50,13:0020CB28,14:00214650,15:001FA7B8,16:001FF8A8,17:001FE0E8,18:00209E28	rendering/packets/append_draw_buffer_packet
FUN_001fb440	exe	572	3f0d85c5b5d58722	19	00:002010B0,01:00222FC0,02:00212118,03:001FAA48,04:001F4690,05:0022FD98,06:00219150,07:00228F18,08:00213C30,09:00220D90,10:001F4718,11:00232A18,12:00223FC0,13:0020CB98,14:002146C0,15:001FA828,16:001FF918,17:001FE158,18:00209E98	rendering/fun_001fb440
FUN_001fb680	exe	92	d313d0da65161316	19	00:002012F0,00:00201350,00:002A0D90,00:002A0DF0,00:002A0E50,00:002A0EB8,01:00223200,01:00223260,01:002B4B00,01:002B4B60,01:002B4BC0,01:002B4C28,02:00212358,02:002123B8,02:002A0598,02:002A05F8,02:002A0658,02:002A06C0,03:001FAC88,03:001FACE8,03:0028D6D8,03:0028D738,03:0028D798,03:0028D800,04:001F48D0,04:001F4930,04:00291C88,04:00291CE8,04:00291D48,04:00291DB0,05:0022FFD8,05:00230038,05:002C94E0,05:002C9540,05:002C95A0,05:002C9608,06:00219390,06:002193F0,06:002ADE88,06:002ADEE8,06:002ADF48,06:002ADFB0,07:00229158,07:002291B8,07:002C7A38,07:002C7A98,07:002C7AF8,07:002C7B60,08:00213E70,08:00213ED0,08:002A91B0,08:002A9210,08:002A9270,08:002A92D8,09:00220FD0,09:00221030,09:002BD6E0,09:002BD740,09:002BD7A0,09:002BD808,10:001F4958,10:001F49B8,10:00291890,10:002918F0,10:00291950,10:002919B8,11:00232C58,11:00232CB8,11:002C3C88,11:002C3CE8,11:002C3D48,11:002C3DB0,12:00224200,12:00224260,12:002B7618,12:002B7678,12:002B76D8,12:002B7740,13:0020CDD8,13:0020CE38,13:002AB420,13:002AB480,13:002AB4E0,13:002AB548,14:00214900,14:00214960,14:002A7138,14:002A7198,14:002A71F8,14:002A7260,15:001FAA68,15:001FAAC8,15:0028ECD8,15:0028ED38,15:0028ED98,15:0028EE00,16:001FFB58,16:001FFBB8,16:00299D00,16:00299D60,16:00299DC0,16:00299E28,17:001FE398,17:001FE3F8,17:00298FF0,17:00299050,17:002990B0,17:00299118,18:0020A0D8,18:0020A138,18:002A0938,18:002A0998,18:002A09F8,18:002A0A60	rendering/texture/append_texture_transfer_packet
FUN_001fb740	exe	432	bad2e12d7a1c26de	19	00:002013B0,01:002232C0,02:00212418,03:001FAD48,04:001F4990,05:00230098,06:00219450,07:00229218,08:00213F30,09:00221090,10:001F4A18,11:00232D18,12:002242C0,13:0020CE98,14:002149C0,15:001FAB28,16:001FFC18,17:001FE458,18:0020A198	rendering/fun_001fb740
FUN_001fb8f0	exe	448	91644c1fa16ea16d	19	00:00201560,01:00223470,02:002125C8,03:001FAEF8,04:001F4B40,05:00230248,06:00219600,07:002293C8,08:002140E0,09:00221240,10:001F4BC8,11:00232EC8,12:00224470,13:0020D048,14:00214B70,15:001FACD8,16:001FFDC8,17:001FE608,18:0020A348	rendering/framebuffer/draw_framebuffer_rect
FUN_L00_00201720	shared	12	ceaacd8dbc655056	19	00:00201720,01:00223630,02:00212788,03:001FB0B8,04:001F4D00,05:00230408,06:002197C0,07:00229588,08:002142A0,09:00221400,10:001F4D88,11:00233088,12:00224630,13:0020D208,14:00214D30,15:001FAE98,16:001FFF88,17:001FE7C8,18:0020A508	
FUN_001fbab8	exe	408	e1dc1cc622136659	19	00:00201730,01:00223640,02:00212798,03:001FB0C8,04:001F4D10,05:00230418,06:002197D0,07:00229598,08:002142B0,09:00221410,10:001F4D98,11:00233098,12:00224640,13:0020D218,14:00214D40,15:001FAEA8,16:001FFF98,17:001FE7D8,18:0020A518	assembly/textbin/runtime/memory/mode_freeze_init
FUN_001fbc50	exe	4564	29e66835c7b28317	19	00:002018C8,01:002237D8,02:00212930,03:001FB260,04:001F4EA8,05:002305B0,06:00219968,07:00229730,08:00214448,09:002215A8,10:001F4F30,11:00233230,12:002247D8,13:0020D3B0,14:00214ED8,15:001FB040,16:00200130,17:001FE970,18:0020A6B0	assembly/textbin/rendering/draw_dialog_text
FUN_001fce28	exe	2232	fe38ca37f6fdd853	19	00:00202AA0,01:002249B0,02:00213B08,03:001FC438,04:001F6080,05:00231788,06:0021AB40,07:0022A908,08:00215620,09:00222780,10:001F6108,11:00234408,12:002259B0,13:0020E588,14:002160B0,15:001FC218,16:00201308,17:001FFB48,18:0020B888	assembly/textbin/runtime/memory/update_mode_freeze
FUN_L00_00203358	shared	84	c30c3cc86e97a567	19	00:00203358,01:00225268,02:002143C0,03:001FCCF0,04:001F6938,05:00232040,06:0021B3F8,07:0022B1C0,08:00215ED8,09:00223038,10:001F69C0,11:00234CC0,12:00226268,13:0020EE40,14:00216968,15:001FCAD0,16:00201BC0,17:00200400,18:0020C140	
FUN_L00_002033ac	shared	16	da3c5eb607016b83	19	00:002033AC,01:002252BC,02:00214414,03:001FCD44,04:001F698C,05:00232094,06:0021B44C,07:0022B214,08:00215F2C,09:0022308C,10:001F6A14,11:00234D14,12:002262BC,13:0020EE94,14:002169BC,15:001FCB24,16:00201C14,17:00200454,18:0020C194	
FUN_001fd748	exe	1212	00c48cdffa58839c	19	00:002033C0,01:002252D0,02:00214428,03:001FCD58,04:001F69A0,05:002320A8,06:0021B460,07:0022B228,08:00215F40,09:002230A0,10:001F6A28,11:00234D28,12:002262D0,13:0020EEA8,14:002169D0,15:001FCB38,16:00201C28,17:00200468,18:0020C1A8	assembly/textbin/fun_001fd748
FUN_001fdc08	exe	132	0396555dbb5094cc	19	00:00203880,01:00225790,02:002148E8,03:001FD218,04:001F6E60,05:00232568,06:0021B920,07:0022B6E8,08:00216400,09:00223560,10:001F6EE8,11:002351E8,12:00226790,13:0020F368,14:00216E90,15:001FCFF8,16:002020E8,17:00200928,18:0020C668	ui/help/dismiss_help
FUN_L00_00203908	shared	148	de6e2932308b2bef	19	00:00203908,01:00225818,02:00214970,03:001FD2A0,04:001F6EE8,05:002325F0,06:0021B9A8,07:0022B770,08:00216488,09:002235E8,10:001F6F70,11:00235270,12:00226818,13:0020F3F0,14:00216F18,15:001FD080,16:00202170,17:002009B0,18:0020C6F0	
FUN_L00_002039a0	shared	136	f352cae92d741bb8	19	00:002039A0,01:002258B0,02:00214A08,03:001FD338,04:001F6F80,05:00232688,06:0021BA40,07:0022B808,08:00216520,09:00223680,10:001F7008,11:00235308,12:002268B0,13:0020F488,14:00216FB0,15:001FD118,16:00202208,17:00200A48,18:0020C788	
FUN_L00_00203a28	shared	60	c07c2a393e646b6e	19	00:00203A28,01:00225938,02:00214A90,03:001FD3C0,04:001F7008,05:00232710,06:0021BAC8,07:0022B890,08:002165A8,09:00223708,10:001F7090,11:00235390,12:00226938,13:0020F510,14:00217038,15:001FD1A0,16:00202290,17:00200AD0,18:0020C810	
FUN_001fdca0	exe	108	97bafdcbe38381d4	19	00:00203A68,01:00225978,02:00214AD0,03:001FD400,04:001F7048,05:00232750,06:0021BB08,07:0022B8D0,08:002165E8,09:00223748,10:001F70D0,11:002353D0,12:00226978,13:0020F550,14:00217078,15:001FD1E0,16:002022D0,17:00200B10,18:0020C850	ui/help/find_help_message_index
FUN_001fdd10	exe	64	bc17f4b404a34368	19	00:00203AD8,01:002259E8,02:00214B40,03:001FD470,04:001F70B8,05:002327C0,06:0021BB78,07:0022B940,08:00216658,09:002237B8,10:001F7140,11:00235440,12:002269E8,13:0020F5C0,14:002170E8,15:001FD250,16:00202340,17:00200B80,18:0020C8C0	ui/help/get_help_message_text
FUN_L00_00203b18	shared	96	b3a20705d869c3f1	19	00:00203B18,01:00225A28,02:00214B80,03:001FD4B0,04:001F70F8,05:00232800,06:0021BBB8,07:0022B980,08:00216698,09:002237F8,10:001F7180,11:00235480,12:00226A28,13:0020F600,14:00217128,15:001FD290,16:00202380,17:00200BC0,18:0020C900	
FUN_L00_00203b78	shared	12	e2117bb00cada19d	19	00:00203B78,01:00225A88,02:00214BE0,03:001FD510,04:001F7158,05:00232860,06:0021BC18,07:0022B9E0,08:002166F8,09:00223858,10:001F71E0,11:002354E0,12:00226A88,13:0020F660,14:00217188,15:001FD2F0,16:002023E0,17:00200C20,18:0020C960	
FUN_001fdd58	exe	308	d8d736cbc8141987	19	00:00203B88,01:00225A98,02:00214BF0,03:001FD520,04:001F7168,05:00232870,06:0021BC28,07:0022B9F0,08:00216708,09:00223868,10:001F71F0,11:002354F0,12:00226A98,13:0020F670,14:00217198,15:001FD300,16:002023F0,17:00200C30,18:0020C970	ui/text/link_localized_display_text
FUN_001fde90	exe	2564	466552496dff4577	19	00:00203CC0,01:00225BD0,02:00214D28,03:001FD658,04:001F72A0,05:002329A8,06:0021BD60,07:0022BB28,08:00216840,09:002239A0,10:001F7328,11:00235628,12:00226BD0,13:0020F7A8,14:002172D0,15:001FD438,16:00202528,17:00200D68,18:0020CAA8	ui/help/update_help_state
FUN_001fe898	exe	228	7c1722f5a79a1168	19	00:002046C8,01:002265D8,02:00215730,03:001FE060,04:001F7CA8,05:002333B0,06:0021C768,07:0022C530,08:00217248,09:002243A8,10:001F7D30,11:00236030,12:002275D8,13:002101B0,14:00217CD8,15:001FDE40,16:00202F30,17:00201770,18:0020D4B0	ui/help/help_draw_prompt
FUN_001fe980	exe	836	48126ed9dfe78914	19	00:002047B0,01:002266C0,02:00215818,03:001FE148,04:001F7D90,05:00233498,06:0021C850,07:0022C618,08:00217330,09:00224490,10:001F7E18,11:00236118,12:002276C0,13:00210298,14:00217DC0,15:001FDF28,16:00203018,17:00201858,18:0020D598	ui/help/draw_help
FUN_001fecc8	exe	100	22e760ac9481f568	19	00:00204AF8,01:00226A08,02:00215B60,03:001FE490,04:001F80D8,05:002337E0,06:0021CB98,07:0022C960,08:00217678,09:002247D8,10:001F8160,11:00236460,12:00227A08,13:002105E0,14:00218108,15:001FE270,16:00203360,17:00201BA0,18:0020D8E0	ui/help/find_help_entry
FUN_001fed30	exe	256	eff197a1a7807182	19	00:00204B60,01:00226A70,02:00215BC8,03:001FE4F8,04:001F8140,05:00233848,06:0021CC00,07:0022C9C8,08:002176E0,09:00224840,10:001F81C8,11:002364C8,12:00227A70,13:00210648,14:00218170,15:001FE2D8,16:002033C8,17:00201C08,18:0020D948	ui/help/push_help_history
FUN_L00_00204c60	shared	796	6787ca4bd8a260f1	19	00:00204C60,01:00226B70,02:00215CC8,03:001FE5F8,04:001F8240,05:00233948,06:0021CD00,07:0022CAC8,08:002177E0,09:00224940,10:001F82C8,11:002365C8,12:00227B70,13:00210748,14:00218270,15:001FE3D8,16:002034C8,17:00201D08,18:0020DA48	
FUN_L00_00204f80	shared	128	c669d36e3d2cc8f2	19	00:00204F80,01:00226E90,02:00215FE8,03:001FE918,04:001F8560,05:00233C68,06:0021D020,07:0022CDE8,08:00217B00,09:00224C60,10:001F85E8,11:002368E8,12:00227E90,13:00210A68,14:00218590,15:001FE6F8,16:002037E8,17:00202028,18:0020DD68	
FUN_L00_00205000	shared	184	b021b5a22f60a4a1	6	00:00205000,04:001F85E0,07:0022CE68,09:00224CE0,10:001F8668,13:00210AE8	
FUN_L00_002050b8	shared	8	e76f4eb6c6308b87	19	00:002050B8,01:00226FA0,02:002160F8,03:001FEA28,04:001F8698,05:00233D78,06:0021D140,07:0022CF20,08:00217C10,09:00224D98,10:001F8720,11:002369F8,12:00227FB0,13:00210BA0,14:002186B0,15:001FE818,16:002038F8,17:00202158,18:0020DE88	
FUN_L00_002050c0	shared	76	9acf7ca74d52b355	19	00:002050C0,01:00226FA8,02:00216100,03:001FEA30,04:001F86A0,05:00233D80,06:0021D148,07:0022CF28,08:00217C18,09:00224DA0,10:001F8728,11:00236A00,12:00227FB8,13:00210BA8,14:002186B8,15:001FE820,16:00203900,17:00202160,18:0020DE90	
FUN_L00_00205110	shared	88	56fb1d2d60f1025c	19	00:00205110,01:00226FF8,02:00216150,03:001FEA80,04:001F86F0,05:00233DD0,06:0021D198,07:0022CF78,08:00217C68,09:00224DF0,10:001F8778,11:00236A50,12:00228008,13:00210BF8,14:00218708,15:001FE870,16:00203950,17:002021B0,18:0020DEE0	
FUN_L00_00205168	shared	892	db74eea2398344db	19	00:00205168,01:00227050,02:002161A8,03:001FEAD8,04:001F8748,05:00233E28,06:0021D1F0,07:0022CFD0,08:00217CC0,09:00224E48,10:001F87D0,11:00236AA8,12:00228060,13:00210C50,14:00218760,15:001FE8C8,16:002039A8,17:00202208,18:0020DF38	
FUN_L00_002054e8	shared	76	a08d1f0bb7e61224	19	00:002054E8,01:002273D0,02:00216528,03:001FEE58,04:001F8AC8,05:002341A8,06:0021D570,07:0022D350,08:00218040,09:002251C8,10:001F8B50,11:00236E28,12:002283E0,13:00210FD0,14:00218AE0,15:001FEC48,16:00203D28,17:00202588,18:0020E2B8	
FUN_L00_00205538	shared	196	d3db0c666a32b3a9	19	00:00205538,01:00227420,02:00216578,03:001FEEA8,04:001F8B18,05:002341F8,06:0021D5C0,07:0022D3A0,08:00218090,09:00225218,10:001F8BA0,11:00236E78,12:00228430,13:00211020,14:00218B30,15:001FEC98,16:00203D78,17:002025D8,18:0020E308	
FUN_L00_00205600	shared	168	c1230c202ec8161e	19	00:00205600,01:002274E8,02:00216640,03:001FEF70,04:001F8BE0,05:002342C0,06:0021D688,07:0022D468,08:00218158,09:002252E0,10:001F8C68,11:00236F40,12:002284F8,13:002110E8,14:00218BF8,15:001FED60,16:00203E40,17:002026A0,18:0020E3D0	
FUN_L00_002056a8	shared	816	e491f2e0eee8625a	19	00:002056A8,01:00227590,02:002166E8,03:001FF018,04:001F8C88,05:00234368,06:0021D730,07:0022D510,08:00218200,09:00225388,10:001F8D10,11:00236FE8,12:002285A0,13:00211190,14:00218CA0,15:001FEE08,16:00203EE8,17:00202748,18:0020E478	
FUN_L00_002059d8	shared	1232	9f29986eabbce035	19	00:002059D8,01:002278C0,02:00216A18,03:001FF348,04:001F8FB8,05:00234698,06:0021DA60,07:0022D840,08:00218530,09:002256B8,10:001F9040,11:00237318,12:002288D0,13:002114C0,14:00218FD0,15:001FF138,16:00204218,17:00202A78,18:0020E7A8	
FUN_L00_00205ea8	shared	184	e395b8280a0a69d2	19	00:00205EA8,01:00227D90,02:00216EE8,03:001FF818,04:001F9488,05:00234B68,06:0021DF30,07:0022DD10,08:00218A00,09:00225B88,10:001F9510,11:002377E8,12:00228DA0,13:00211990,14:002194A0,15:001FF608,16:002046E8,17:00202F48,18:0020EC78	
FUN_L00_00205f60	shared	284	39a8529dc4dbe1ff	9	00:00205F60,04:001F9540,07:0022DDC8,09:00225C40,10:001F95C8,12:00228E58,13:00211A48,14:00219558,17:00203000	
FUN_L00_00206080	shared	364	ebe2b361e23043f2	19	00:00206080,01:00227E90,02:00216FE8,03:001FF918,04:001F9660,05:00234C68,06:0021E030,07:0022DEE8,08:00218B00,09:00225D60,10:001F96E8,11:002378E8,12:00228F78,13:00211B68,14:00219678,15:001FF708,16:002047E8,17:00203120,18:0020ED78	
FUN_L00_002061f0	shared	192	802150d31f5f2d8b	8	00:002061F0,04:001F97D0,07:0022E058,09:00225ED0,10:001F9858,13:00211CD8,15:001FF878,18:0020EEE8	
FUN_L00_002062b0	shared	2388	bada5a1f55b14a0b	6	00:002062B0,04:001F9890,07:0022E118,09:00225F90,10:001F9918,13:00211D98	
FUN_L00_00206c08	shared	240	ee183ab4f22339a2	19	00:00206C08,01:002283A8,02:00217500,03:001FFE30,04:001FA1E8,05:00235180,06:0021EA70,07:0022EA70,08:00219018,09:002268E8,10:001FA270,11:00237E00,12:00229490,13:002126F0,14:00219B90,15:001FFD60,16:00204D00,17:00203B60,18:0020F3D0	
FUN_L00_00206cf8	shared	264	dbef0377cd07a459	19	00:00206CF8,01:00228498,02:002175F0,03:001FFF20,04:001FA2D8,05:00235270,06:0021EB60,07:0022EB60,08:00219108,09:002269D8,10:001FA360,11:00237EF0,12:00229580,13:002127E0,14:00219C80,15:001FFE50,16:00204DF0,17:00203C50,18:0020F4C0	
FUN_L00_00206e00	shared	720	688988313839f4f3	19	00:00206E00,01:002285A0,02:002176F8,03:00200028,04:001FA3E0,05:00235378,06:0021EC68,07:0022EC68,08:00219210,09:00226AE0,10:001FA468,11:00237FF8,12:00229688,13:002128E8,14:00219D88,15:001FFF58,16:00204EF8,17:00203D58,18:0020F5C8	
FUN_L00_002070d0	shared	500	69c860228dbefba4	7	00:002070D0,04:001FA6B0,07:0022EF38,09:00226DB0,10:001FA738,13:00212BB8,17:00204028	
FUN_L00_002072c8	shared	104	4eae56877609587d	17	00:002072C8,01:00228A58,02:00217BB0,03:002004E8,04:001FA8A8,05:00235830,06:0021F128,07:0022F130,08:002196D0,09:00226FA8,10:001FA930,11:002384B0,12:00229B40,13:00212DB0,14:0021A248,16:002053B8,17:00204220	
FUN_L00_00207330	shared	252	2d6bcbc371923216	19	00:00207330,01:00228AC0,02:00217C18,03:00200550,04:001FA910,05:00235898,06:0021F190,07:0022F198,08:00219738,09:00227010,10:001FA998,11:00238518,12:00229BA8,13:00212E18,14:0021A2B0,15:00200410,16:00205420,17:00204288,18:0020FA88	
FUN_L00_00207430	shared	632	b5fabc8485497876	19	00:00207430,01:00228BC0,02:00217D18,03:00200650,04:001FAA10,05:00235998,06:0021F290,07:0022F298,08:00219838,09:00227110,10:001FAA98,11:00238618,12:00229CA8,13:00212F18,14:0021A3B0,15:00200510,16:00205520,17:00204388,18:0020FB88	
FUN_L00_002076a8	shared	512	a4ebb7ca39bbf438	9	00:002076A8,04:001FAC88,05:00235C10,06:0021F508,07:0022F510,09:00227388,10:001FAD10,13:00213190,17:00204600	
FUN_L00_002078a8	shared	316	f7304a90b0c6659a	17	00:002078A8,01:00228FA8,02:00218100,03:00200A38,04:001FAE88,05:00235E10,06:0021F708,07:0022F710,08:00219C20,09:00227588,10:001FAF10,11:00238A00,12:0022A090,13:00213390,14:0021A798,16:00205908,17:00204800	
FUN_L00_002079e8	shared	112	17809b1cf217d74a	17	00:002079E8,01:002290E8,02:00218240,03:00200B78,04:001FAFC8,05:00235F50,06:0021F848,07:0022F850,08:00219D60,09:002276C8,10:001FB050,11:00238B40,12:0022A1D0,13:002134D0,14:0021A8D8,16:00205A48,17:00204940	
FUN_L00_00207a58	shared	496	eee252e6f6936d5f	19	00:00207A58,01:00229158,02:002182B0,03:00200BE8,04:001FB038,05:00235FC0,06:0021F8B8,07:0022F8C0,08:00219DD0,09:00227738,10:001FB0C0,11:00238BB0,12:0022A240,13:00213540,14:0021A948,15:002008D8,16:00205AB8,17:002049B0,18:0020FF50	
FUN_L00_00207c48	shared	180	18b00c484d1e6fb6	19	00:00207C48,01:00229348,02:002184A0,03:00200DD8,04:001FB228,05:002361B0,06:0021FAA8,07:0022FAB0,08:00219FC0,09:00227928,10:001FB2B0,11:00238DA0,12:0022A430,13:00213730,14:0021AB38,15:00200AC8,16:00205CA8,17:00204BA0,18:00210140	
FUN_L00_00207d00	shared	64	0e26fdf7df1acc19	19	00:00207D00,01:00229400,02:00218558,03:00200E90,04:001FB2E0,05:00236268,06:0021FB60,07:0022FB68,08:0021A078,09:002279E0,10:001FB368,11:00238E58,12:0022A4E8,13:002137E8,14:0021ABF0,15:00200B80,16:00205D60,17:00204C58,18:002101F8	
FUN_L00_00207d40	shared	760	182f345e5894dc7e	19	00:00207D40,01:00229440,02:00218598,03:00200ED0,04:001FB320,05:002362A8,06:0021FBA0,07:0022FBA8,08:0021A0B8,09:00227A20,10:001FB3A8,11:00238E98,12:0022A528,13:00213828,14:0021AC30,15:00200BC0,16:00205DA0,17:00204C98,18:00210238	
FUN_L00_00208038	shared	120	9e145c8bd7d25a10	19	00:00208038,01:00229738,02:00218890,03:002011C8,04:001FB618,05:002365A0,06:0021FE98,07:0022FEA0,08:0021A3B0,09:00227D18,10:001FB6A0,11:00239190,12:0022A820,13:00213B20,14:0021AF28,15:00200EB8,16:00206098,17:00204F90,18:00210530	
FUN_L00_002080b0	shared	1900	76f17af071158273	19	00:002080B0,01:002297B0,02:00218908,03:00201240,04:001FB690,05:00236618,06:0021FF10,07:0022FF18,08:0021A428,09:00227D90,10:001FB718,11:00239208,12:0022A898,13:00213B98,14:0021AFA0,15:00200F30,16:00206110,17:00205008,18:002105A8	
FUN_L00_00208820	shared	492	5c38f4edf6255cc6	19	00:00208820,01:00229F20,02:00219078,03:002019B0,04:001FBE00,05:00236D88,06:00220680,07:00230688,08:0021AB98,09:00228500,10:001FBE88,11:00239978,12:0022B008,13:00214308,14:0021B710,15:002016A0,16:00206880,17:00205778,18:00210D18	
FUN_L00_00208a10	shared	332	2fc4433372bd29f7	19	00:00208A10,01:0022A110,02:00219268,03:00201BA0,04:001FBFF0,05:00236F78,06:00220870,07:00230878,08:0021AD88,09:002286F0,10:001FC078,11:00239B68,12:0022B1F8,13:002144F8,14:0021B900,15:00201890,16:00206A70,17:00205968,18:00210F08	
FUN_L00_00208b60	shared	956	f73868b86d976c69	19	00:00208B60,01:0022A260,02:002193B8,03:00201CF0,04:001FC140,05:002370C8,06:002209C0,07:002309C8,08:0021AED8,09:00228840,10:001FC1C8,11:00239CB8,12:0022B348,13:00214648,14:0021BA50,15:002019E0,16:00206BC0,17:00205AB8,18:00211058	
FUN_L00_00208f20	shared	248	976f39fac51a19da	19	00:00208F20,01:0022A620,02:00219778,03:002020B0,04:001FC500,05:00237580,06:00220D80,07:00230D88,08:0021B298,09:00228C00,10:001FC588,11:0023A078,12:0022B708,13:00214A08,14:0021BE10,15:00201DA0,16:00207078,17:00205E78,18:00211418	
FUN_L00_00209018	shared	180	36a22347ea2b96ae	16	00:00209018,01:0022A718,03:002021A8,04:001FC5F8,05:00237678,07:00230E80,08:0021B390,09:00228CF8,10:001FC680,11:0023A170,12:0022B800,13:00214B00,15:00201E98,16:00207170,17:00205F70,18:00211510	
FUN_L00_002090d0	shared	260	df9eab1c0f8a4a45	19	00:002090D0,01:0022A7D0,02:00219878,03:00202260,04:001FC6B0,05:00237730,06:00220E80,07:00230F38,08:0021B448,09:00228DB0,10:001FC738,11:0023A228,12:0022B8B8,13:00214BB8,14:0021BF10,15:00201F50,16:00207228,17:00206028,18:002115C8	
FUN_L00_002091d8	shared	100	3ad54002d2cabb33	19	00:002091D8,01:0022A8D8,02:00219980,03:00202368,04:001FC7B8,05:00237838,06:00220F88,07:00231040,08:0021B550,09:00228EB8,10:001FC840,11:0023A330,12:0022B9C0,13:00214CC0,14:0021C018,15:00202058,16:00207330,17:00206130,18:002116D0	
FUN_L00_00209240	shared	132	4178e09a89ba8e5e	19	00:00209240,01:0022A940,02:002199E8,03:002023D0,04:001FC820,05:002378A0,06:00220FF0,07:002310A8,08:0021B5B8,09:00228F20,10:001FC8A8,11:0023A398,12:0022BA28,13:00214D28,14:0021C080,15:002020C0,16:00207398,17:00206198,18:00211738	
FUN_L00_002092c8	shared	632	4c913dd653037214	19	00:002092C8,01:0022A9C8,02:00219A70,03:00202458,04:001FC8A8,05:00237928,06:00221078,07:00231130,08:0021B640,09:00228FA8,10:001FC930,11:0023A420,12:0022BAB0,13:00214DB0,14:0021C108,15:00202148,16:00207420,17:00206220,18:002117C0	
FUN_L00_00209540	shared	244	458c4d820cc1c0aa	16	00:00209540,01:0022AC40,03:002026D0,04:001FCB20,05:00237BA0,07:002313A8,08:0021B8B8,09:00229220,10:001FCBA8,11:0023A698,12:0022BD28,13:00215028,15:002023C0,16:00207698,17:00206498,18:00211A38	
FUN_L00_00209638	shared	528	7cd5caba79e720c9	16	00:00209638,01:0022AD38,03:002027C8,04:001FCC18,05:00237C98,07:002314A0,08:0021B9B0,09:00229318,10:001FCCA0,11:0023A790,12:0022BE20,13:00215120,15:002024B8,16:00207790,17:00206590,18:00211B30	
FUN_L00_00209848	shared	500	2d44343070ba85da	16	00:00209848,01:0022AF48,03:002029D8,04:001FCE28,05:00237EA8,07:002316B0,08:0021BBC0,09:00229528,10:001FCEB0,11:0023A9A0,12:0022C030,13:00215330,15:002026C8,16:002079A0,17:002067A0,18:00211D40	
FUN_L00_00209a40	shared	616	19f8732e74a7ea1f	16	00:00209A40,01:0022B140,03:00202BD0,04:001FD020,05:002380A0,07:002318A8,08:0021BDB8,09:00229720,10:001FD0A8,11:0023AB98,12:0022C228,13:00215528,15:002028C0,16:00207B98,17:00206998,18:00211F38	
FUN_L00_00209ca8	shared	544	f329f97cb99c8a11	19	00:00209CA8,01:0022B3A8,02:00219CF8,03:00202E38,04:001FD288,05:00238308,06:00221300,07:00231B10,08:0021C020,09:00229988,10:001FD310,11:0023AE00,12:0022C490,13:00215790,14:0021C390,15:00202B28,16:00207E00,17:00206C00,18:002121A0	
FUN_L00_00209ec8	shared	788	45ecec22f77c0df4	9	00:00209EC8,04:001FD4A8,05:00238528,06:00221520,07:00231D30,09:00229BA8,10:001FD530,13:002159B0,17:00206E20	
FUN_L00_0020a1e0	shared	20	510c790963160988	19	00:0020A1E0,00:0020A1F8,00:0020A210,00:0020A228,01:0022B5C8,01:0022B5E0,01:0022B5F8,01:0022B610,02:00219F18,02:00219F30,02:00219F48,02:00219F60,03:00203058,03:00203070,03:00203088,03:002030A0,04:001FD7C0,04:001FD7D8,04:001FD7F0,04:001FD808,05:00238840,05:00238858,05:00238870,05:00238888,06:00221838,06:00221850,06:00221868,06:00221880,07:00232048,07:00232060,07:00232078,07:00232090,08:0021C240,08:0021C258,08:0021C270,08:0021C288,09:00229EC0,09:00229ED8,09:00229EF0,09:00229F08,10:001FD848,10:001FD860,10:001FD878,10:001FD890,11:0023B020,11:0023B038,11:0023B050,11:0023B068,12:0022C6B0,12:0022C6C8,12:0022C6E0,12:0022C6F8,13:00215CC8,13:00215CE0,13:00215CF8,13:00215D10,14:0021C5B0,14:0021C5C8,14:0021C5E0,14:0021C5F8,15:00202D48,15:00202D60,15:00202D78,15:00202D90,16:00208020,16:00208038,16:00208050,16:00208068,17:00207138,17:00207150,17:00207168,17:00207180,18:002123C0,18:002123D8,18:002123F0,18:00212408	
FUN_L00_0020a240	shared	212	5f953ddde9a70ca2	19	00:0020A240,01:0022B628,02:00219F78,03:002030B8,04:001FD820,05:002388A0,06:00221898,07:002320A8,08:0021C2A0,09:00229F20,10:001FD8A8,11:0023B080,12:0022C710,13:00215D28,14:0021C610,15:00202DA8,16:00208080,17:00207198,18:00212420	
FUN_L00_0020a318	shared	484	efa4433925fc8589	19	00:0020A318,01:0022B700,02:0021A050,03:00203190,04:001FD8F8,05:00238978,06:00221970,07:00232180,08:0021C378,09:00229FF8,10:001FD980,11:0023B158,12:0022C7E8,13:00215E00,14:0021C6E8,15:00202E80,16:00208158,17:00207270,18:002124F8	
FUN_L00_0020a500	shared	60	a5ab3047c1ee44a4	19	00:0020A500,01:0022B8E8,02:0021A238,03:00203378,04:001FDAE0,05:00238B60,06:00221B58,07:00232368,08:0021C560,09:0022A1E0,10:001FDB68,11:0023B340,12:0022C9D0,13:00215FE8,14:0021C8D0,15:00203068,16:00208340,17:00207458,18:002126E0	
FUN_L00_0020a540	shared	1188	5b56f2ef48c8f468	19	00:0020A540,01:0022B928,02:0021A278,03:002033B8,04:001FDB20,05:00238BA0,06:00221B98,07:002323A8,08:0021C5A0,09:0022A220,10:001FDBA8,11:0023B380,12:0022CA10,13:00216028,14:0021C910,15:002030A8,16:00208380,17:00207498,18:00212720	
FUN_L00_0020a9e8	shared	684	d962e262c5580af5	19	00:0020A9E8,01:0022BDD0,02:0021A720,03:00203860,04:001FDFC8,05:00239048,06:00222040,07:00232850,08:0021CA48,09:0022A6C8,10:001FE050,11:0023B828,12:0022CEB8,13:002164D0,14:0021CDB8,15:00203550,16:00208828,17:00207940,18:00212BC8	
FUN_L00_0020ac98	shared	1344	fc405620b24024b5	19	00:0020AC98,01:0022C080,02:0021A9D0,03:00203B10,04:001FE278,05:002392F8,06:002222F0,07:00232B00,08:0021CCF8,09:0022A978,10:001FE300,11:0023BAD8,12:0022D168,13:00216780,14:0021D068,15:00203800,16:00208AD8,17:00207BF0,18:00212E78	
FUN_L00_0020b1d8	shared	992	b7b9c620a6597b4b	19	00:0020B1D8,01:0022C5C0,02:0021AF10,03:00204050,04:001FE7B8,05:00239838,06:00222830,07:00233040,08:0021D238,09:0022AEB8,10:001FE840,11:0023C018,12:0022D6A8,13:00216CC0,14:0021D5A8,15:00203D40,16:00209018,17:00208130,18:002133B8	
FUN_L00_0020b5b8	shared	888	cb643cb314d9af56	19	00:0020B5B8,01:0022C9A0,02:0021B2F0,03:00204430,04:001FEB98,05:00239C18,06:00222C10,07:00233420,08:0021D618,09:0022B298,10:001FEC20,11:0023C3F8,12:0022DA88,13:002170A0,14:0021D988,15:00204120,16:002093F8,17:00208510,18:00213798	
FUN_L00_0020b930	shared	44	20212bdda1c000ab	19	00:0020B930,01:0022CD18,02:0021B668,03:002047A8,04:001FEF10,05:00239F90,06:00222F88,07:00233798,08:0021D990,09:0022B610,10:001FEF98,11:0023C770,12:0022DE00,13:00217418,14:0021DD00,15:00204498,16:00209770,17:00208888,18:00213B10	
FUN_L00_0020b960	shared	1388	0a6855f090ede136	7	00:0020B960,04:001FEF40,07:002337C8,09:0022B640,10:001FEFC8,13:00217448,17:002088B8	
FUN_L00_0020bed0	shared	2180	258b890dab68dc75	8	00:0020BED0,04:001FF4B0,06:00223220,07:00233D38,09:0022BBB0,10:001FF538,13:002179B8,17:00208E28	
FUN_L00_0020c758	shared	1452	5f8e14c60339b7e0	8	00:0020C758,04:001FFD38,06:00223AA8,07:002345C0,09:0022C438,10:001FFDC0,13:00218240,17:002096B0	
FUN_L00_0020cd08	shared	588	d8d14c03b2f80a36	12	00:0020CD08,04:002002E8,06:00224058,07:00234B70,08:0021EA30,09:0022C9E8,10:00200370,13:002187F0,14:0021ECD8,16:0020A840,17:00209C60,18:00214C68	
FUN_L00_0020cf58	shared	928	74304068c8d4a18f	12	00:0020CF58,04:00200538,06:002242A8,07:00234DC0,08:0021EC80,09:0022CC38,10:002005C0,13:00218A40,14:0021EF28,16:0020AA90,17:00209EB0,18:00214EB8	
FUN_L00_0020d2f8	shared	56	786570ab918f394b	8	00:0020D2F8,03:00205A30,04:002008D8,07:00235160,09:0022CFD8,10:00200960,13:00218DE0,17:0020A250	
FUN_L00_0020d330	shared	300	f25e5037b37dfe2d	8	00:0020D330,03:00205A68,04:00200910,07:00235198,09:0022D010,10:00200998,13:00218E18,17:0020A288	
FUN_L00_0020d460	shared	52	955100f76917e6e8	19	00:0020D460,01:0022DDA0,02:0021C790,03:00205B98,04:00200A40,05:0023B208,06:00224648,07:002352C8,08:0021F020,09:0022D140,10:00200AC8,11:0023D7A8,12:0022EDD8,13:00218F48,14:0021F2C8,15:002055D8,16:0020AE30,17:0020A3B8,18:00215258	
FUN_L00_0020d498	shared	52	0f4cf3a372d362ed	19	00:0020D498,01:0022DDD8,02:0021C7C8,03:00205BD0,04:00200A78,05:0023B240,06:00224680,07:00235300,08:0021F058,09:0022D178,10:00200B00,11:0023D7E0,12:0022EE10,13:00218F80,14:0021F300,15:00205610,16:0020AE68,17:0020A3F0,18:00215290	
FUN_L00_0020d4d0	shared	72	bd7aa21c10bb38f5	19	00:0020D4D0,01:0022DE10,02:0021C800,03:00205C08,04:00200AB0,05:0023B278,06:002246B8,07:00235338,08:0021F090,09:0022D1B0,10:00200B38,11:0023D818,12:0022EE48,13:00218FB8,14:0021F338,15:00205648,16:0020AEA0,17:0020A428,18:002152C8	
FUN_L00_0020d518	shared	36	b7e40681c3d16517	19	00:0020D518,01:0022DE58,02:0021C848,03:00205C50,04:00200AF8,05:0023B2C0,06:00224700,07:00235380,08:0021F0D8,09:0022D1F8,10:00200B80,11:0023D860,12:0022EE90,13:00219000,14:0021F380,15:00205690,16:0020AEE8,17:0020A470,18:00215310	
FUN_L00_0020d540	shared	36	d27abe243049cf81	19	00:0020D540,01:0022DE80,02:0021C870,03:00205C78,04:00200B20,05:0023B2E8,06:00224728,07:002353A8,08:0021F100,09:0022D220,10:00200BA8,11:0023D888,12:0022EEB8,13:00219028,14:0021F3A8,15:002056B8,16:0020AF10,17:0020A498,18:00215338	
FUN_L00_0020d568	shared	80	b0f6676511e86871	19	00:0020D568,01:0022DEA8,02:0021C898,03:00205CA0,04:00200B48,05:0023B310,06:00224750,07:002353D0,08:0021F128,09:0022D248,10:00200BD0,11:0023D8B0,12:0022EEE0,13:00219050,14:0021F3D0,15:002056E0,16:0020AF38,17:0020A4C0,18:00215360	
FUN_L00_0020d5b8	shared	20	903cd1ae7899335a	19	00:0020D5B8,01:0022DEF8,02:0021C8E8,03:00205CF0,04:00200B98,05:0023B360,06:002247A0,07:00235420,08:0021F178,09:0022D298,10:00200C20,11:0023D900,12:0022EF30,13:002190A0,14:0021F420,15:00205730,16:0020AF88,17:0020A510,18:002153B0	
FUN_L00_0020d5d0	shared	136	fc3e324ccff49096	17	00:0020D5D0,01:0022DF10,02:0021C900,03:00205D08,04:00200BB0,06:002247B8,07:00235438,08:0021F190,09:0022D2B0,10:00200C38,11:0023D918,12:0022EF48,13:002190B8,14:0021F438,15:00205748,17:0020A528,18:002153C8	
FUN_L00_0020d658	shared	88	35db70c1a73c0547	19	00:0020D658,01:0022DF98,02:0021C988,03:00205D90,04:00200C38,05:0023B440,06:00224840,07:002354C0,08:0021F218,09:0022D338,10:00200CC0,11:0023D9A0,12:0022EFD0,13:00219140,14:0021F4C0,15:002057D0,16:0020B068,17:0020A5B0,18:00215450	
FUN_L00_0020d6b0	shared	584	b5a3604350c1309b	19	00:0020D6B0,01:0022DFF0,02:0021C9E0,03:00205DE8,04:00200C90,05:0023B498,06:00224898,07:00235518,08:0021F270,09:0022D390,10:00200D18,11:0023D9F8,12:0022F028,13:00219198,14:0021F518,15:00205828,16:0020B0C0,17:0020A608,18:002154A8	
FUN_L00_0020d8f8	shared	276	a32ab9f06d4ab2ff	19	00:0020D8F8,01:0022E238,02:0021CC28,03:00206030,04:00200ED8,05:0023B6E0,06:00224AE0,07:00235760,08:0021F4B8,09:0022D5D8,10:00200F60,11:0023DC40,12:0022F270,13:002193E0,14:0021F760,15:00205A70,16:0020B308,17:0020A850,18:002156F0	
FUN_L00_0020da10	shared	88	a71c26a18b0e364a	19	00:0020DA10,01:0022E350,02:0021CD40,03:00206148,04:00200FF0,05:0023B7F8,06:00224BF8,07:00235878,08:0021F5D0,09:0022D6F0,10:00201078,11:0023DD58,12:0022F388,13:002194F8,14:0021F878,15:00205B88,16:0020B420,17:0020A968,18:00215808	
FUN_L00_0020da68	shared	696	710181aca70b4319	19	00:0020DA68,01:0022E3A8,02:0021CD98,03:002061A0,04:00201048,05:0023B850,06:00224C50,07:002358D0,08:0021F628,09:0022D748,10:002010D0,11:0023DDB0,12:0022F3E0,13:00219550,14:0021F8D0,15:00205BE0,16:0020B478,17:0020A9C0,18:00215860	
FUN_L00_0020dd20	shared	1596	3ec2a31bdd7ac4d4	19	00:0020DD20,01:0022E660,02:0021D050,03:00206458,04:00201300,05:0023BB08,06:00224F08,07:00235B88,08:0021F8E0,09:0022DA00,10:00201388,11:0023E068,12:0022F698,13:00219808,14:0021FB88,15:00205E98,16:0020B730,17:0020AC78,18:00215B18	
FUN_L00_0020e360	shared	356	a67d213cdc0699d2	19	00:0020E360,01:0022ECA0,02:0021D690,03:00206A98,04:00201940,05:0023C148,06:00225548,07:002361C8,08:0021FF20,09:0022E040,10:002019C8,11:0023E6A8,12:0022FCD8,13:00219E48,14:002201C8,15:002064D8,16:0020BD70,17:0020B2B8,18:00216158	
FUN_L00_0020e4c8	shared	460	7b8ab31ee8aff982	19	00:0020E4C8,01:0022EE08,02:0021D7F8,03:00206C00,04:00201AA8,05:0023C2B0,06:002256B0,07:00236330,08:00220088,09:0022E1A8,10:00201B30,11:0023E810,12:0022FE40,13:00219FB0,14:00220330,15:00206640,16:0020BED8,17:0020B420,18:002162C0	
FUN_L00_0020e698	shared	144	92f72225f61b84e8	19	00:0020E698,01:0022EFD8,02:0021D9C8,03:00206DD0,04:00201C78,05:0023C480,06:00225880,07:00236500,08:00220258,09:0022E378,10:00201D00,11:0023E9E0,12:00230010,13:0021A180,14:00220500,15:00206810,16:0020C0A8,17:0020B5F0,18:00216490	
FUN_L00_0020e728	shared	808	aa3de3bf78858405	19	00:0020E728,01:0022F068,02:0021DA58,03:00206E60,04:00201D08,05:0023C510,06:00225910,07:00236590,08:002202E8,09:0022E408,10:00201D90,11:0023EA70,12:002300A0,13:0021A210,14:00220590,15:002068A0,16:0020C138,17:0020B680,18:00216520	
FUN_L00_0020ea80	shared	1592	58242bfbc15e8db2	19	00:0020EA80,01:0022F3C0,02:0021DDB0,03:002071B8,04:00202060,05:0023C868,06:00225C68,07:002368E8,08:00220640,09:0022E760,10:002020E8,11:0023EDC8,12:002303F8,13:0021A568,14:002208E8,15:00206BF8,16:0020C490,17:0020B9D8,18:00216878	
FUN_L00_0020f0b8	shared	168	3da969c64e4cdd4c	19	00:0020F0B8,01:0022F9F8,02:0021E3E8,03:002077F0,04:00202698,05:0023CEA0,06:002262A0,07:00236F20,08:00220C78,09:0022ED98,10:00202720,11:0023F400,12:00230A30,13:0021ABA0,14:00220F20,15:00207230,16:0020CAC8,17:0020C010,18:00216EB0	
FUN_L00_0020f160	shared	1056	37b2775b1464eda1	19	00:0020F160,01:0022FAA0,02:0021E490,03:00207898,04:00202740,05:0023CF48,06:00226348,07:00236FC8,08:00220D20,09:0022EE40,10:002027C8,11:0023F4A8,12:00230AD8,13:0021AC48,14:00220FC8,15:002072D8,16:0020CB70,17:0020C0B8,18:00216F58	
FUN_L00_0020f580	shared	1828	2e3e67e1fb79ff9f	19	00:0020F580,01:0022FEC0,02:0021E8B0,03:00207CB8,04:00202B60,05:0023D368,06:00226768,07:002373E8,08:00221140,09:0022F260,10:00202BE8,11:0023F8C8,12:00230EF8,13:0021B068,14:002213E8,15:002076F8,16:0020CF90,17:0020C4D8,18:00217378	
FUN_L00_0020fca8	shared	212	c16f33f6aae7f4e2	19	00:0020FCA8,01:002305E8,02:0021EFD8,03:002083E0,04:00203288,05:0023DA90,06:00226E90,07:00237B10,08:00221868,09:0022F988,10:00203310,11:0023FFF0,12:00231620,13:0021B790,14:00221B10,15:00207E20,16:0020D6B8,17:0020CC00,18:00217AA0	
FUN_L00_0020fd80	shared	96	af43d479f86d9867	19	00:0020FD80,01:002306C0,02:0021F0B0,03:002084B8,04:00203360,05:0023DB68,06:00226F68,07:00237BE8,08:00221940,09:0022FA60,10:002033E8,11:002400C8,12:002316F8,13:0021B868,14:00221BE8,15:00207EF8,16:0020D790,17:0020CCD8,18:00217B78	
FUN_L00_0020fde0	shared	76	671da8335c8d5413	19	00:0020FDE0,01:00230720,02:0021F110,03:00208518,04:002033C0,05:0023DBC8,06:00226FC8,07:00237C48,08:002219A0,09:0022FAC0,10:00203448,11:00240128,12:00231758,13:0021B8C8,14:00221C48,15:00207F58,16:0020D7F0,17:0020CD38,18:00217BD8	
FUN_L00_0020fe30	shared	108	7d2c59dd2b1536e4	19	00:0020FE30,01:00230770,02:0021F160,03:00208568,04:00203410,05:0023DC18,06:00227018,07:00237C98,08:002219F0,09:0022FB10,10:00203498,11:00240178,12:002317A8,13:0021B918,14:00221C98,15:00207FA8,16:0020D840,17:0020CD88,18:00217C28	
FUN_L00_0020fea0	shared	2216	04cf707a54cd3aef	17	00:0020FEA0,01:002307E0,02:0021F1D0,03:002085D8,04:00203480,06:00227088,07:00237D08,08:00221A60,09:0022FB80,10:00203508,11:002401E8,12:00231818,13:0021B988,14:00221D08,15:00208018,17:0020CDF8,18:00217C98	
FUN_L00_00210748	shared	480	922da95b1cf49934	19	00:00210748,01:00231088,02:0021FA78,03:00208E80,04:00203D28,05:0023E570,06:00227930,07:002385B0,08:00222308,09:00230428,10:00203DB0,11:00240A90,12:002320C0,13:0021C230,14:002225B0,15:002088C0,16:0020E198,17:0020D6A0,18:00218540	
FUN_L00_00210928	shared	220	fc105f89f47d6cb9	19	00:00210928,01:00231268,02:0021FC58,03:00209060,04:00203F08,05:0023E750,06:00227B10,07:00238790,08:002224E8,09:00230608,10:00203F90,11:00240C70,12:002322A0,13:0021C410,14:00222790,15:00208AA0,16:0020E378,17:0020D880,18:00218720	
FUN_L00_00210a08	shared	292	169c4ed6b7b83e3f	8	00:00210A08,04:00203FE8,07:00238870,09:002306E8,10:00204070,13:0021C4F0,15:00208B80,18:00218800	
FUN_L00_00210b30	shared	332	2ee184f07487ec68	6	00:00210B30,04:00204110,07:00238998,09:00230810,10:00204198,13:0021C618	
FUN_L00_00210c80	shared	104	2c37e4a6c58d70a2	19	00:00210C80,01:00231518,02:0021FF08,03:00209310,04:00204260,05:0023EA00,06:00227E10,07:00238AE8,08:00222798,09:00230960,10:002042E8,11:00240F20,12:00232550,13:0021C768,14:00222A40,15:00208DA8,16:0020E628,17:0020DB80,18:00218A28	
FUN_L00_00210ce8	shared	1384	93968f158a3c66a8	6	00:00210CE8,04:002042C8,07:00238B50,09:002309C8,10:00204350,13:0021C7D0	
FUN_L00_00211250	shared	272	61a11d0b4cd6e7f5	19	00:00211250,01:002319B0,02:002202B8,03:002097A8,04:00204830,05:0023EE98,06:00228230,07:002390B8,08:00222C50,09:00230F30,10:002048B8,11:002413B8,12:002329E8,13:0021CD38,14:00222E08,15:00209320,16:0020EAE0,17:0020E090,18:00218FC0	
FUN_L00_00211360	shared	32	58fb286d63490788	19	00:00211360,01:00231AC0,02:002203C8,03:002098B8,04:00204940,05:0023EFA8,06:00228340,07:002391C8,08:00222D60,09:00231040,10:002049C8,11:002414C8,12:00232AF8,13:0021CE48,14:00222F18,15:00209430,16:0020EBF0,17:0020E1A0,18:002190D0	
FUN_L00_00211380	shared	748	2c754e41d9ade9a7	6	00:00211380,04:00204960,07:002391E8,09:00231060,10:002049E8,13:0021CE68	
FUN_L00_00211670	shared	448	f3eda548df5a3201	19	00:00211670,01:00231D18,02:00220608,03:00209B10,04:00204C50,05:0023F200,06:002285C8,07:002394D8,08:00222FB8,09:00231350,10:00204CD8,11:00241720,12:00232D90,13:0021D158,14:00223198,15:002096C8,16:0020EE48,17:0020E480,18:00219368	
FUN_L00_00211830	shared	60	e275bd9c2a55962f	19	00:00211830,01:00231ED8,02:002207C8,03:00209CD0,04:00204E10,05:0023F3C0,06:00228788,07:00239698,08:00223178,09:00231510,10:00204E98,11:002418E0,12:00232F50,13:0021D318,14:00223358,15:00209888,16:0020F008,17:0020E640,18:00219528	
FUN_L00_00211870	shared	64	dd684eb4a57d1fb0	19	00:00211870,01:00231F18,02:00220808,03:00209D10,04:00204E50,05:0023F400,06:002287C8,07:002396D8,08:002231B8,09:00231550,10:00204ED8,11:00241920,12:00232F90,13:0021D358,14:00223398,15:002098C8,16:0020F048,17:0020E680,18:00219568	
FUN_L00_002118b0	shared	20	15fbf0293e28bccb	19	00:002118B0,00:002321A8,01:00231F58,01:00247880,02:00220848,02:002356E0,03:00209D50,03:002219B8,04:00204E90,04:00225788,05:0023F440,06:00228808,06:00241F68,07:00239718,07:0025A010,08:002231F8,08:0023D458,09:00231590,09:00251E88,10:00204F18,10:00225810,11:00241960,11:00258C18,12:00232FD0,12:0024BA58,13:0021D398,13:0023DC90,14:002233D8,14:0023B4E8,15:00209908,15:00222DE0,16:0020F088,17:0020E6C0,17:0022D490,18:002195A8,18:002357C8	
FUN_L00_002118c8	shared	800	c0dc098e3d6a397c	19	00:002118C8,01:00231F70,02:00220860,03:00209D68,04:00204EA8,05:0023F458,06:00228820,07:00239730,08:00223210,09:002315A8,10:00204F30,11:00241978,12:00232FE8,13:0021D3B0,14:002233F0,15:00209920,16:0020F0A0,17:0020E6D8,18:002195C0	
FUN_L00_00211be8	shared	268	ba961a2c9b9638be	11	00:00211BE8,04:002051C8,07:00239A50,08:00223530,09:002318C8,10:00205250,12:00233308,13:0021D6D0,16:0020F3C0,17:0020E9F8,18:002198E0	
FUN_L00_00211cf8	shared	124	c85fd803b28e152a	19	00:00211CF8,01:00232358,02:00220C38,03:0020A150,04:002052D8,05:0023F840,06:00228BB0,07:00239B60,08:00223640,09:002319D8,10:00205360,11:00241D60,12:00233418,13:0021D7E0,14:002237C8,15:00209D08,16:0020F4D0,17:0020EB08,18:002199F0	
FUN_L00_00211d78	shared	180	6e1aa4105f3e6d7d	19	00:00211D78,01:002323D8,02:00220CB8,03:0020A1D0,04:00205358,05:0023F8C0,06:00228C30,07:00239BE0,08:002236C0,09:00231A58,10:002053E0,11:00241DE0,12:00233498,13:0021D860,14:00223848,15:00209D88,16:0020F550,17:0020EB88,18:00219A70	
FUN_L00_00211e30	shared	104	424eb86b52e6cdc5	19	00:00211E30,01:00232490,02:00220D70,03:0020A288,04:00205410,05:0023F978,06:00228CE8,07:00239C98,08:00223778,09:00231B10,10:00205498,11:00241E98,12:00233550,13:0021D918,14:00223900,15:00209E40,16:0020F608,17:0020EC40,18:00219B28	
FUN_L00_00211e98	shared	156	a1d2aa37e0565d41	19	00:00211E98,01:002324F8,02:00220DD8,03:0020A2F0,04:00205478,05:0023F9E0,06:00228D50,07:00239D00,08:002237E0,09:00231B78,10:00205500,11:00241F00,12:002335B8,13:0021D980,14:00223968,15:00209EA8,16:0020F670,17:0020ECA8,18:00219B90	
FUN_L00_00211f38	shared	336	1a771e197ed46481	19	00:00211F38,01:00232598,02:00220E78,03:0020A390,04:00205518,05:0023FA80,06:00228DF0,07:00239DA0,08:00223880,09:00231C18,10:002055A0,11:00241FA0,12:00233658,13:0021DA20,14:00223A08,15:00209F48,16:0020F710,17:0020ED48,18:00219C30	
FUN_L00_00212088	shared	80	f1d21a3cf6ba713e	19	00:00212088,01:002326E8,02:00220FC8,03:0020A4E0,04:00205668,05:0023FBD0,06:00228F40,07:00239EF0,08:002239D0,09:00231D68,10:002056F0,11:002420F0,12:002337A8,13:0021DB70,14:00223B58,15:0020A098,16:0020F860,17:0020EE98,18:00219D80	
FUN_L00_002120d8	shared	228	b56f6793335cee0f	19	00:002120D8,01:00232738,02:00221018,03:0020A530,04:002056B8,05:0023FC20,06:00228F90,07:00239F40,08:00223A20,09:00231DB8,10:00205740,11:00242140,12:002337F8,13:0021DBC0,14:00223BA8,15:0020A0E8,16:0020F928,17:0020EEE8,18:00219DD0	
FUN_L00_002121c0	shared	344	73160c1ab5ab8aec	19	00:002121C0,01:00232820,02:00221100,03:0020A618,04:002057A0,05:0023FD08,06:00229078,07:0023A028,08:00223B08,09:00231EA0,10:00205828,11:00242228,12:002338E0,13:0021DCA8,14:00223C90,15:0020A1D0,16:0020FA10,17:0020EFD0,18:00219EB8	
FUN_L00_00212318	shared	928	bd65aa796431b3c7	6	00:00212318,04:002058F8,07:0023A180,09:00231FF8,10:00205980,13:0021DE00	
FUN_L00_002126b8	shared	256	a59a91cc88a7eb73	19	00:002126B8,01:00232CC0,02:002215A0,03:0020AAB8,04:00205C98,05:002401A8,06:00229550,07:0023A520,08:00223FA8,09:00232398,10:00205D20,11:002426C8,12:00233D80,13:0021E1A0,14:00224130,15:0020A6A0,16:0020FEB0,17:0020F4A8,18:0021A388	
FUN_L00_002127b8	shared	2104	4b31d54ecdcda0c0	7	00:002127B8,04:00205D98,07:0023A620,09:00232498,10:00205E20,13:0021E2A0,17:0020F5A8	
FUN_L00_00212ff0	shared	708	79a619f0634a6951	19	00:00212FF0,01:00233588,02:00221EB8,03:0020B380,04:002065D0,05:00240B18,06:00229E18,07:0023AE58,08:00224870,09:00232CD0,10:00206658,11:00242F90,12:00234630,13:0021EAD8,14:002249F8,15:0020AF68,16:002107A8,17:0020FDE0,18:0021AC50	
FUN_L00_002132b8	shared	152	53e4a50f3d4fce41	19	00:002132B8,01:00233850,02:00222180,03:0020B648,04:00206898,05:00240DE0,06:0022A0E0,07:0023B120,08:00224B38,09:00232F98,10:00206920,11:00243258,12:002348F8,13:0021EDA0,14:00224CC0,15:0020B230,16:00210A70,17:002100A8,18:0021AF18	
FUN_L00_00213350	shared	84	ceafa723e65cc25b	19	00:00213350,01:002338E8,02:00222218,03:0020B6E0,04:00206930,05:00240E78,06:0022A178,07:0023B1B8,08:00224BD0,09:00233030,10:002069B8,11:002432F0,12:00234990,13:0021EE38,14:00224D58,15:0020B2C8,16:00210B08,17:00210140,18:0021AFB0	
FUN_L00_002133a8	shared	1020	fe02993ee650110f	9	00:002133A8,04:00206988,07:0023B210,08:00224C28,09:00233088,10:00206A10,13:0021EE90,17:00210198,18:0021B008	
FUN_L00_002137a8	shared	212	1f9527629631dc5c	19	00:002137A8,01:00233D08,02:00222600,03:0020BB00,04:00206D88,05:00241308,06:0022A590,07:0023B610,08:00225028,09:00233488,10:00206E10,11:00243710,12:00234DB0,13:0021F290,14:00225170,15:0020B6E8,16:00210FC0,17:00210598,18:0021B408	
FUN_L00_00213880	shared	1384	930b8664b5249fb5	11	00:00213880,04:00206E60,06:0022A668,07:0023B6E8,08:00225100,09:00233560,10:00206EE8,13:0021F368,14:00225248,17:00210670,18:0021B4E0	
FUN_L00_00213de8	shared	124	7c036f0eef61f00a	19	00:00213DE8,01:002342D8,02:00222BE8,03:0020C0E8,04:002073C8,05:002419F0,06:0022ABD0,07:0023BC50,08:00225668,09:00233AC8,10:00207450,11:00243CF8,12:00235398,13:0021F8D0,14:002257B0,15:0020BCD0,16:00211720,17:00210BD8,18:0021BA48	
FUN_L00_00213e68	shared	672	1e6aadaa7fc261c5	9	00:00213E68,04:00207448,07:0023BCD0,09:00233B48,10:002074D0,12:00235418,13:0021F950,14:00225830,17:00210C58	
FUN_L00_00214108	shared	1360	b0d9aa5326caf0ac	19	00:00214108,01:002345F0,02:00222F00,03:0020C400,04:002076E8,05:00241D08,06:0022AEE8,07:0023BF70,08:00225980,09:00233DE8,10:00207770,11:00244010,12:002356B8,13:0021FBF0,14:00225AD0,15:0020BFE8,16:00211A38,17:00210EF8,18:0021BD60	
FUN_L00_00214658	shared	2172	ffa62f4e166de149	7	00:00214658,04:00207C38,07:0023C4C0,09:00234338,10:00207CC0,13:00220140,17:00211448	
FUN_L00_00214ed8	shared	272	4483e367308005f6	19	00:00214ED8,01:002351D0,02:00223B78,03:0020D078,04:002084B8,05:00242980,06:0022BBE8,07:0023CD40,08:002265F8,09:00234BB8,10:00208540,11:00244C88,12:00236400,13:002209C0,14:00226818,15:0020CC60,16:002126B0,17:00211CC8,18:0021C9D8	
FUN_L00_00214fe8	shared	852	81f42ad59735bc95	19	00:00214FE8,01:002352E0,02:00223C88,03:0020D188,04:002085C8,05:00242A90,06:0022BCF8,07:0023CE50,08:00226708,09:00234CC8,10:00208650,11:00244D98,12:00236510,13:00220AD0,14:00226928,15:0020CD70,16:002127C0,17:00211DD8,18:0021CAE8	
FUN_L00_00215340	shared	2084	a5402291b1816a6f	19	00:00215340,01:00235638,02:00223FE0,03:0020D4E0,04:00208920,05:00242DE8,06:0022C050,07:0023D1A8,08:00226A60,09:00235020,10:002089A8,11:002450F0,12:00236868,13:00220E28,14:00226C80,15:0020D0C8,16:00212B18,17:00212130,18:0021CE40	
FUN_L00_00215b68	shared	912	d66e05fdb7cfe75a	8	00:00215B68,04:00209148,06:0022C878,07:0023D9D0,09:00235848,10:002091D0,13:00221650,17:00212958	
FUN_L00_00215ef8	shared	384	a9f9e8a523f2811a	19	00:00215EF8,01:00235E60,02:00224808,03:0020DD08,04:002094D8,05:00243610,06:0022CC08,07:0023DD60,08:00227288,09:00235BD8,10:00209560,11:00245918,12:00237090,13:002219E0,14:002274A8,15:0020D8F0,16:00213340,17:00212CE8,18:0021D668	
FUN_L00_00216078	shared	172	b7a506379537c482	19	00:00216078,01:00235FE0,02:00224988,03:0020DE88,04:00209658,05:00243790,06:0022CD88,07:0023DEE0,08:00227408,09:00235D58,10:002096E0,11:00245A98,12:00237210,13:00221B60,14:00227628,15:0020DA70,16:002134C0,17:00212E68,18:0021D7E8	
FUN_L00_00216130	shared	704	0d413efde66b42f3	19	00:00216130,01:00236098,02:00224A40,03:0020DF40,04:00209710,05:00243848,06:0022CE40,07:0023DF98,08:002274C0,09:00235E10,10:00209798,11:00245B50,12:002372C8,13:00221C18,14:002276E0,15:0020DB28,16:00213578,17:00212F20,18:0021D8A0	
FUN_L00_002163f0	shared	452	0da705a2c272e60e	19	00:002163F0,01:00236358,02:00224D00,03:0020E200,04:002099D0,05:00243B08,06:0022D100,07:0023E258,08:00227780,09:002360D0,10:00209A58,11:00245E10,12:00237588,13:00221ED8,14:002279A0,15:0020DDE8,16:00213838,17:002131E0,18:0021DB60	
FUN_L00_002165b8	shared	344	221efc885bc1d8bc	19	00:002165B8,01:00236520,02:00224EC8,03:0020E3C8,04:00209B98,05:00243CD0,06:0022D2C8,07:0023E420,08:00227948,09:00236298,10:00209C20,11:00245FD8,12:00237750,13:002220A0,14:00227B68,15:0020DFB0,16:00213A00,17:002133A8,18:0021DD28	
FUN_L00_00216710	shared	188	a1a449c86623e04c	19	00:00216710,01:00236678,02:00225020,03:0020E520,04:00209CF0,05:00243E28,06:0022D420,07:0023E578,08:00227AA0,09:002363F0,10:00209D78,11:00246130,12:002378A8,13:002221F8,14:00227CC0,15:0020E108,16:00213B58,17:00213500,18:0021DE80	
FUN_L00_002167d0	shared	1560	b2f5ed6151f8692a	9	00:002167D0,04:00209DB0,07:0023E638,09:002364B0,10:00209E38,12:00237968,13:002222B8,14:00227D80,17:002135C0	
FUN_L00_00216de8	shared	92	1230b51b32e9252d	19	00:00216DE8,01:00236738,02:002250E0,03:0020E5E0,04:0020A3C8,05:00243EE8,06:0022D4E0,07:0023EC50,08:00227B60,09:00236AC8,10:0020A450,11:002461F0,12:00237F80,13:002228D0,14:00228398,15:0020E1C8,16:00213C18,17:00213BD8,18:0021DF40	
FUN_L00_00216e48	shared	116	0987efbe493acb0a	19	00:00216E48,01:00236798,02:00225140,03:0020E640,04:0020A428,05:00243F48,06:0022D540,07:0023ECB0,08:00227BC0,09:00236B28,10:0020A4B0,11:00246250,12:00237FE0,13:00222930,14:002283F8,15:0020E228,16:00213C78,17:00213C38,18:0021DFA0	
FUN_L00_00216ec0	shared	76	9099d21754d43d10	16	00:00216EC0,01:00236810,03:0020E6B8,04:0020A4A0,05:00243FC0,07:0023ED28,08:00227C38,09:00236BA0,10:0020A528,11:002462C8,12:00238058,13:002229A8,15:0020E2A0,16:00213CF0,17:00213CB0,18:0021E018	
FUN_L00_00216f10	shared	124	089ff43855ffc29e	19	00:00216F10,01:00236860,02:002251C0,03:0020E708,04:0020A4F0,05:00244010,06:0022D5C0,07:0023ED78,08:00227C88,09:00236BF0,10:0020A578,11:00246318,12:002380A8,13:002229F8,14:00228478,15:0020E2F0,16:00213D40,17:00213D00,18:0021E068	
FUN_L00_00216f90	shared	388	78aca7184967095c	19	00:00216F90,01:002368E0,02:00225240,03:0020E788,04:0020A570,05:00244090,06:0022D640,07:0023EDF8,08:00227D08,09:00236C70,10:0020A5F8,11:00246398,12:00238128,13:00222A78,14:002284F8,15:0020E370,16:00213DC0,17:00213D80,18:0021E0E8	
FUN_L00_00217118	shared	588	394ce2dbc6b0fc1f	19	00:00217118,01:00236A68,02:002253C8,03:0020E910,04:0020A6F8,05:00244218,06:0022D7C8,07:0023EF80,08:00227E90,09:00236DF8,10:0020A780,11:00246520,12:002382B0,13:00222C00,14:00228680,15:0020E4F8,16:00213F48,17:00213F08,18:0021E270	
FUN_L00_00217368	shared	228	47cbe5419f556ad2	19	00:00217368,01:00236CB8,02:00225618,03:0020EB60,04:0020A948,05:00244468,06:0022DA18,07:0023F1D0,08:002280E0,09:00237048,10:0020A9D0,11:00246770,12:00238500,13:00222E50,14:002288D0,15:0020E748,16:00214198,17:00214158,18:0021E4C0	
FUN_L00_00217450	shared	520	abf29cd4330dff2c	12	00:00217450,02:00225700,04:0020AA30,05:00244550,06:0022DB00,07:0023F2B8,09:00237130,10:0020AAB8,13:00222F38,15:0020E830,17:00214240,18:0021E5A8	
FUN_L00_00217658	shared	792	d9acc9ee8aa5623b	19	00:00217658,01:00236DA0,02:00225908,03:0020EC48,04:0020AC38,05:00244758,06:0022DD08,07:0023F4C0,08:002281C8,09:00237338,10:0020ACC0,11:00246858,12:002385E8,13:00223140,14:002289B8,15:0020EA38,16:00214280,17:00214448,18:0021E7B0	
FUN_L00_00217970	shared	39324	27487a2b4886c948	6	00:00217970,04:0020AF50,07:0023F7D8,09:00237650,10:0020AFD8,13:00223458	
FUN_L00_00221310	shared	696	d1a72afe63dee96c	17	00:00221310,01:0023C458,02:0022A6D0,03:002155F0,04:002148F0,06:00234618,07:00249178,08:0022FAE0,09:00240FF0,10:00214978,11:0024CAF8,12:0023F078,13:0022CDF8,14:0022EF00,15:00215BA0,17:0021D4A8,18:00226D38	
FUN_L00_002215c8	shared	1440	42a64ed2c7d672cd	6	00:002215C8,04:00214BA8,07:00249430,09:002412A8,10:00214C30,13:0022D0B0	
FUN_L00_00221b68	shared	556	eb82f0527b075ce9	19	00:00221B68,01:0023CC20,02:0022AE98,03:00215DB8,04:00215148,05:0024C658,06:00234E10,07:002499D0,08:002302A8,09:00241848,10:002151D0,11:0024D2C0,12:0023F840,13:0022D650,14:0022F6C8,15:002163A8,16:0021DB08,17:0021DCA0,18:00227540	
FUN_L00_00221d98	shared	92	a2bbd00d1bf115b9	19	00:00221D98,01:0023CE50,02:0022B0C8,03:00215FE8,04:00215378,05:0024C888,06:00235040,07:00249C00,08:002304D8,09:00241A78,10:00215400,11:0024D4F0,12:0023FA70,13:0022D880,14:0022F8F8,15:002165D8,16:0021DD38,17:0021DED0,18:00227770	
FUN_L00_00221df8	shared	228	469b986f29f504d2	19	00:00221DF8,01:0023CEB0,02:0022B128,03:00216048,04:002153D8,05:0024C8E8,06:002350A0,07:00249C60,08:00230538,09:00241AD8,10:00215460,11:0024D550,12:0023FAD0,13:0022D8E0,14:0022F958,15:00216638,16:0021DD98,17:0021DF30,18:002277D0	
FUN_L00_00221ee0	shared	628	3f7f479f6591fe73	18	00:00221EE0,02:0022B210,03:00216130,04:002154C0,05:0024C9D0,06:00235188,07:00249D48,08:00230620,09:00241BC0,10:00215548,11:0024D638,12:0023FBB8,13:0022D9C8,14:0022FA40,15:00216720,16:0021DE80,17:0021E018,18:002278B8	
FUN_L00_00222158	shared	668	73be12d02a2745f3	18	00:00222158,02:0022B488,03:002163A8,04:00215738,05:0024CC48,06:00235400,07:00249FC0,08:00230898,09:00241E38,10:002157C0,11:0024D8B0,12:0023FE30,13:0022DC40,14:0022FCB8,15:00216998,16:0021E0F8,17:0021E290,18:00227B30	
FUN_L00_002223f8	shared	21056	a909c9b9ceaa34bc	6	00:002223F8,04:002159D8,07:0024A260,09:002420D8,10:00215A60,13:0022DEE0	
FUN_L00_00227638	shared	136	5ad50df47234db2a	6	00:00227638,04:0021AC18,07:0024F4A0,09:00247318,10:0021ACA0,13:00233120	
FUN_L00_002276c0	shared	180	4733517c1d6e7665	19	00:002276C0,01:002405F8,02:0022EAE8,03:0021A1E8,04:0021ACA0,05:002512E0,06:002395A0,07:0024F528,08:00234C70,09:002473A0,10:0021AD28,11:002515B0,12:00243D58,13:002331A8,14:00233730,15:0021ABD8,16:00222A48,17:002233F8,18:0022C490	
FUN_L00_00227778	shared	564	db5624e98a32f220	16	00:00227778,01:002406B0,03:0021A2A0,04:0021AD58,05:00251398,07:0024F5E0,08:00234D28,09:00247458,10:0021ADE0,11:00251668,12:00243E10,13:00233260,15:0021AC90,16:00222B00,17:002234B0,18:0022C548	
FUN_L00_002279b0	shared	908	a5bf44f709b6fb54	14	00:002279B0,01:002408E8,03:0021A4D8,04:0021AF90,07:0024F818,08:00234F60,09:00247690,10:0021B018,11:002518A0,12:00244048,13:00233498,15:0021AEC8,17:002236E8,18:0022C780	
FUN_L00_00227d40	shared	608	1bbca74466a714b1	19	00:00227D40,01:00240C78,02:0022EBA0,03:0021A868,04:0021B320,05:00251988,06:00239658,07:0024FBA8,08:002352F0,09:00247A20,10:0021B3A8,11:00251C30,12:002443D8,13:00233828,14:002337E8,15:0021B258,16:002230F0,17:00223A78,18:0022CB10	
FUN_L00_00227fa0	shared	3028	b6b4eae7c6070a2b	8	00:00227FA0,03:0021AAC8,04:0021B580,07:0024FE08,09:00247C80,10:0021B608,13:00233A88,17:00223CD8	
FUN_L00_00228b78	shared	156	84f7236258fab3df	19	00:00228B78,01:00241968,02:0022F9C0,03:0021B6A0,04:0021C158,05:00252AE8,06:0023A478,07:002509E0,08:00236110,09:00248858,10:0021C1E0,11:00252A50,12:002451F8,13:00234660,14:00234608,15:0021C078,16:00224250,17:002248B0,18:0022D930	
FUN_L00_00228c18	shared	912	64e9738eb8b4db91	19	00:00228C18,01:00241A08,02:0022FA60,03:0021B740,04:0021C1F8,05:00252B88,06:0023A518,07:00250A80,08:002361B0,09:002488F8,10:0021C280,11:00252AF0,12:00245298,13:00234700,14:002346A8,15:0021C118,16:002242F0,17:00224950,18:0022D9D0	
FUN_L00_00228fa8	shared	104	f24090b7d25c1481	19	00:00228FA8,01:00241D98,02:0022FDF0,03:0021BAD0,04:0021C588,05:00252F18,06:0023A8A8,07:00250E10,08:00236540,09:00248C88,10:0021C610,11:00252E80,12:00245628,13:00234A90,14:00234A38,15:0021C4A8,16:00224680,17:00224CE0,18:0022DD60	
FUN_L00_00229010	shared	920	212a97f908cb62f8	19	00:00229010,01:00241E00,02:0022FE58,03:0021BB38,04:0021C5F0,05:00252F80,06:0023A910,07:00250E78,08:002365A8,09:00248CF0,10:0021C678,11:00252EE8,12:00245690,13:00234AF8,14:00234AA0,15:0021C510,16:002246E8,17:00224D48,18:0022DDC8	
FUN_L00_002293a8	shared	696	211f0a76ca55ea4a	9	00:002293A8,04:0021C988,07:00251210,09:00249088,10:0021CA10,12:00245A28,13:00234E90,14:00234E38,17:002250E0	
FUN_L00_00229660	shared	688	054bcee78ffd84b1	19	00:00229660,01:00242420,02:00230478,03:0021C158,04:0021CC40,05:002535A0,06:0023AF30,07:002514C8,08:00236BC8,09:00249340,10:0021CCC8,11:00253508,12:00245CE0,13:00235148,14:002350F0,15:0021CB30,16:00224D08,17:00225398,18:0022E3E8	
FUN_L00_00229910	shared	388	2424d249da1bbea2	19	00:00229910,01:002426D0,02:00230728,03:0021C408,04:0021CEF0,05:00255030,06:0023B1E0,07:00251778,08:00236E78,09:002495F0,10:0021CF78,11:002537B8,12:00245F90,13:002353F8,14:002353A0,15:0021CDE0,16:00226798,17:00225648,18:0022E698	
FUN_L00_00229a98	shared	216	46f0925fddd110e7	19	00:00229A98,01:00242858,02:002308B0,03:0021C590,04:0021D078,05:00255888,06:0023B368,07:00251900,08:00237000,09:00249778,10:0021D100,11:00253940,12:00246118,13:00235580,14:00235528,15:0021CF68,16:00226FF0,17:002257D0,18:0022E820	
FUN_L00_00229b70	shared	33172	00b86961486cbb54	6	00:00229B70,04:0021D150,07:002519D8,09:00249850,10:0021D1D8,13:00235658	
FUN_L00_00231d08	shared	168	2ee24fae264d9450	19	00:00231D08,01:002473E0,02:00235240,03:00221518,04:002252E8,05:0025B098,06:00241AC8,07:00259B70,08:0023CFB8,09:002519E8,10:00225370,11:00258778,12:0024B5B8,13:0023D7F0,14:0023B048,15:00222940,16:0022D7A8,17:0022CFF0,18:00235328	
FUN_L00_00231db0	shared	200	c66284287922f9cf	19	00:00231DB0,01:00247488,02:002352E8,03:002215C0,04:00225390,05:0025B140,06:00241B70,07:00259C18,08:0023D060,09:00251A90,10:00225418,11:00258820,12:0024B660,13:0023D898,14:0023B0F0,15:002229E8,16:0022D850,17:0022D098,18:002353D0	
FUN_L00_00231e78	shared	380	47757f04fce8eb2a	19	00:00231E78,01:00247550,02:002353B0,03:00221688,04:00225458,05:0025B208,06:00241C38,07:00259CE0,08:0023D128,09:00251B58,10:002254E0,11:002588E8,12:0024B728,13:0023D960,14:0023B1B8,15:00222AB0,16:0022D918,17:0022D160,18:00235498	
FUN_L00_00231ff8	shared	304	7193d9cbbe752097	19	00:00231FF8,01:002476D0,02:00235530,03:00221808,04:002255D8,05:0025B388,06:00241DB8,07:00259E60,08:0023D2A8,09:00251CD8,10:00225660,11:00258A68,12:0024B8A8,13:0023DAE0,14:0023B338,15:00222C30,16:0022DA98,17:0022D2E0,18:00235618	
FUN_L00_00232128	shared	128	5e6f37ab04655049	19	00:00232128,01:00247800,02:00235660,03:00221938,04:00225708,05:0025B4B8,06:00241EE8,07:00259F90,08:0023D3D8,09:00251E08,10:00225790,11:00258B98,12:0024B9D8,13:0023DC10,14:0023B468,15:00222D60,16:0022DBC8,17:0022D410,18:00235748	
FUN_L00_002321c0	shared	96	cd927193e85942cd	19	00:002321C0,01:00247898,02:002356F8,03:002219D0,04:002257A0,05:0025B578,06:00241F80,07:0025A028,08:0023D470,09:00251EA0,10:00225828,11:00258C30,12:0024BA70,13:0023DCA8,14:0023B500,15:00222DF8,16:0022DC88,17:0022D4A8,18:002357E0	
FUN_L00_00232220	shared	168	95271592ba3ec8ee	19	00:00232220,01:002478F8,02:00235758,03:00221A30,04:00225800,05:0025B5D8,06:00241FE0,07:0025A088,08:0023D4D0,09:00251F00,10:00225888,11:00258C90,12:0024BAD0,13:0023DD08,14:0023B560,15:00222E58,16:0022DCE8,17:0022D508,18:00235840	
FUN_L00_002322c8	shared	88	37cc3d07b344dc42	19	00:002322C8,01:002479A0,02:00235800,03:00221AD8,04:002258A8,05:0025B680,06:00242088,07:0025A130,08:0023D578,09:00251FA8,10:00225930,11:00258D38,12:0024BB78,13:0023DDB0,14:0023B608,15:00222F00,16:0022DD90,17:0022D5B0,18:002358E8	
FUN_L00_00232320	shared	152	d57c2880c8b77510	19	00:00232320,01:002479F8,02:00235858,03:00221B30,04:00225900,05:0025B6D8,06:002420E0,07:0025A188,08:0023D5D0,09:00252000,10:00225988,11:00258D90,12:0024BBD0,13:0023DE08,14:0023B660,15:00222F58,16:0022DDE8,17:0022D608,18:00235940	
FUN_L00_002323b8	shared	484	13e7d974a51a8014	19	00:002323B8,01:00247A90,02:002358F0,03:00221BC8,04:00225998,05:0025B770,06:00242178,07:0025A220,08:0023D668,09:00252098,10:00225A20,11:00258E28,12:0024BC68,13:0023DEA0,14:0023B6F8,15:00222FF0,16:0022DE80,17:0022D6A0,18:002359D8	
FUN_L00_002325a0	shared	64	8c6be7d57731f762	19	00:002325A0,01:00247C78,02:00235AD8,03:00221DB0,04:00225B80,05:0025B958,06:00242360,07:0025A408,08:0023D850,09:00252280,10:00225C08,11:00259010,12:0024BE50,13:0023E088,14:0023B8E0,15:002231D8,16:0022E068,17:0022D888,18:00235BC0	
FUN_L00_002325e0	shared	72	b193e3de32896c9e	19	00:002325E0,01:00247CB8,02:00235B18,03:00221DF0,04:00225BC0,05:0025B998,06:002423A0,07:0025A448,08:0023D890,09:002522C0,10:00225C48,11:00259050,12:0024BE90,13:0023E0C8,14:0023B920,15:00223218,16:0022E0A8,17:0022D8C8,18:00235C00	
FUN_L00_00232628	shared	24	75911dd4861012f7	19	00:00232628,01:00247D00,02:00235B60,03:00221E38,04:00225C08,05:0025B9E0,06:002423E8,07:0025A490,08:0023D8D8,09:00252308,10:00225C90,11:00259098,12:0024BED8,13:0023E110,14:0023B968,15:00223260,16:0022E0F0,17:0022D910,18:00235C48	
FUN_L00_00232640	shared	48	0ec82eb486d65950	19	00:00232640,01:00247D18,02:00235B78,03:00221E50,04:00225C20,05:0025B9F8,06:00242400,07:0025A4A8,08:0023D8F0,09:00252320,10:00225CA8,11:002590B0,12:0024BEF0,13:0023E128,14:0023B980,15:00223278,16:0022E108,17:0022D928,18:00235C60	
FUN_L00_00232670	shared	1312	a236430a1a6d8c13	19	00:00232670,01:00247D48,02:00235BA8,03:00221E80,04:00225C50,05:0025BA28,06:00242430,07:0025A4D8,08:0023D920,09:00252350,10:00225CD8,11:002590E0,12:0024BF20,13:0023E158,14:0023B9B0,15:002232A8,16:0022E138,17:0022D958,18:00235C90	
FUN_L00_00232b90	shared	1112	3037c673fcf6df51	19	00:00232B90,01:00248268,02:002360C8,03:002223A0,04:00226170,05:0025BF48,06:00242950,07:0025A9F8,08:0023DE40,09:00252870,10:002261F8,11:00259600,12:0024C440,13:0023E678,14:0023BED0,15:002237C8,16:0022E658,17:0022DE78,18:002361B0	
FUN_L00_00232fe8	shared	232	2d229c9bbe5da73f	19	00:00232FE8,01:002486C0,02:00236520,03:002227F8,04:002265C8,05:0025C3A0,06:00242DA8,07:0025AE50,08:0023E298,09:00252CC8,10:00226650,11:00259A58,12:0024C898,13:0023EAD0,14:0023C328,15:00223C20,16:0022EAB0,17:0022E2D0,18:00236608	
FUN_L00_002330d0	shared	316	a449802267cc35cb	19	00:002330D0,01:002487A8,02:00236608,03:002228E0,04:002266B0,05:0025C488,06:00242E90,07:0025AF38,08:0023E380,09:00252DB0,10:00226738,11:00259B40,12:0024C980,13:0023EBB8,14:0023C410,15:00223D08,16:0022EB98,17:0022E3B8,18:002366F0	
FUN_L00_00233210	shared	56	186a3e2f31a3154d	8	00:00233210,04:002267F0,06:00242FD0,07:0025B078,09:00252EF0,10:00226878,13:0023ECF8,17:0022E4F8	
FUN_L00_00233248	shared	56	4b19f85ebcdabeae	8	00:00233248,04:00226828,06:00243008,07:0025B0B0,09:00252F28,10:002268B0,13:0023ED30,17:0022E530	
FUN_L00_00233288	shared	68	c7598aaf19361eb6	19	00:00233288,01:00248920,02:00236780,03:00222A58,04:00226868,05:0025C600,06:00243048,07:0025B0F0,08:0023E4F8,09:00252F68,10:002268F0,11:00259CB8,12:0024CAF8,13:0023ED70,14:0023C588,15:00223E80,16:0022ED10,17:0022E570,18:00236868	
FUN_L00_002332d0	shared	368	4ec910fd00a87a9b	19	00:002332D0,01:00248968,02:002367C8,03:00222AA0,04:002268B0,05:0025C648,06:00243090,07:0025B138,08:0023E540,09:00252FB0,10:00226938,11:00259D00,12:0024CB40,13:0023EDB8,14:0023C5D0,15:00223EC8,16:0022ED58,17:0022E5B8,18:002368B0	
FUN_L00_00233440	shared	144	cb9e41f3056c4853	19	00:00233440,01:00248AD8,02:00236938,03:00222C10,04:00226A20,05:0025C7B8,06:00243200,07:0025B2A8,08:0023E6B0,09:00253120,10:00226AA8,11:00259E70,12:0024CCB0,13:0023EF28,14:0023C740,15:00224038,16:0022EEC8,17:0022E728,18:00236A20	
FUN_L00_002334d0	shared	244	796ea09b7f257a62	19	00:002334D0,01:00248B68,02:002369C8,03:00222CA0,04:00226AB0,05:0025C848,06:00243290,07:0025B338,08:0023E740,09:002531B0,10:00226B38,11:00259F00,12:0024CD40,13:0023EFB8,14:0023C7D0,15:002240C8,16:0022EF58,17:0022E7B8,18:00236AB0	
FUN_L00_002335c8	shared	152	7a5ac14ad359571a	19	00:002335C8,01:00248C60,02:00236AC0,03:00222D98,04:00226BA8,05:0025C940,06:00243388,07:0025B430,08:0023E838,09:002532A8,10:00226C30,11:00259FF8,12:0024CE38,13:0023F0B0,14:0023C8C8,15:002241C0,16:0022F050,17:0022E8B0,18:00236BA8	
FUN_L00_00233660	shared	132	d775110c58ca5160	19	00:00233660,01:00248CF8,02:00236B58,03:00222E30,04:00226C40,05:0025C9D8,06:00243420,07:0025B4C8,08:0023E8D0,09:00253340,10:00226CC8,11:0025A090,12:0024CED0,13:0023F148,14:0023C960,15:00224258,16:0022F0E8,17:0022E948,18:00236C40	
FUN_L00_002336e8	shared	28	2c16efe623906b80	19	00:002336E8,01:00248D80,02:00236BE0,03:00222EB8,04:00226CC8,05:0025CA60,06:002434A8,07:0025B550,08:0023E958,09:002533C8,10:00226D50,11:0025A118,12:0024CF58,13:0023F1D0,14:0023C9E8,15:002242E0,16:0022F170,17:0022E9D0,18:00236CC8	
FUN_L00_00233708	shared	264	ab49a3d83a121854	19	00:00233708,01:00248DA0,02:00236C00,03:00222ED8,04:00226CE8,05:0025CA80,06:002434C8,07:0025B570,08:0023E978,09:002533E8,10:00226D70,11:0025A138,12:0024CF78,13:0023F1F0,14:0023CA08,15:00224300,16:0022F190,17:0022E9F0,18:00236CE8	
FUN_L00_00233810	shared	188	f326fb879a476b1b	19	00:00233810,01:00248EA8,02:00236D08,03:00222FE0,04:00226DF0,05:0025CB88,06:002435D0,07:0025B678,08:0023EA80,09:002534F0,10:00226E78,11:0025A240,12:0024D080,13:0023F2F8,14:0023CB10,15:00224408,16:0022F298,17:0022EAF8,18:00236DF0	
FUN_L00_002338d0	shared	252	4e296b801b50dfe3	19	00:002338D0,01:00248F68,02:00236DC8,03:002230A0,04:00226EB0,05:0025CC48,06:00243690,07:0025B738,08:0023EB40,09:002535B0,10:00226F38,11:0025A300,12:0024D140,13:0023F3B8,14:0023CBD0,15:002244C8,16:0022F358,17:0022EBB8,18:00236EB0	
FUN_L00_002339d0	shared	164	cce1c497367e8165	19	00:002339D0,01:00249068,02:00236EC8,03:002231A0,04:00226FB0,05:0025CD48,06:00243790,07:0025B838,08:0023EC40,09:002536B0,10:00227038,11:0025A400,12:0024D240,13:0023F4B8,14:0023CCD0,15:002245C8,16:0022F458,17:0022ECB8,18:00236FB0	
FUN_L00_00233a78	shared	164	b53dcb7cd7f3d681	19	00:00233A78,01:00249110,02:00236F70,03:00223248,04:00227058,05:0025CDF0,06:00243838,07:0025B8E0,08:0023ECE8,09:00253758,10:002270E0,11:0025A4A8,12:0024D2E8,13:0023F560,14:0023CD78,15:00224670,16:0022F500,17:0022ED60,18:00237058	
FUN_L00_00233b20	shared	128	2a1518e43e4c7130	19	00:00233B20,01:002491B8,02:00237018,03:002232F0,04:00227100,05:0025CE98,06:002438E0,07:0025B988,08:0023ED90,09:00253800,10:00227188,11:0025A550,12:0024D390,13:0023F608,14:0023CE20,15:00224718,16:0022F5A8,17:0022EE08,18:00237100	
FUN_L00_00233ba0	shared	140	fcc1f01b1af07651	19	00:00233BA0,01:00249238,02:00237098,03:00223370,04:00227180,05:0025CF18,06:00243960,07:0025BA08,08:0023EE10,09:00253880,10:00227208,11:0025A5D0,12:0024D410,13:0023F688,14:0023CEA0,15:00224798,16:0022F628,17:0022EE88,18:00237180	
FUN_L00_00233c30	shared	256	66bb2326501d49db	19	00:00233C30,01:002492C8,02:00237128,03:00223400,04:00227210,05:0025CFA8,06:002439F0,07:0025BA98,08:0023EEA0,09:00253910,10:00227298,11:0025A660,12:0024D4A0,13:0023F718,14:0023CF30,15:00224828,16:0022F6B8,17:0022EF18,18:00237210	
FUN_L00_00233d30	shared	136	a49de0b2f93dd22e	19	00:00233D30,01:002493C8,02:00237228,03:00223500,04:00227310,05:0025D0A8,06:00243AF0,07:0025BB98,08:0023EFA0,09:00253A10,10:00227398,11:0025A760,12:0024D5A0,13:0023F818,14:0023D030,15:00224928,16:0022F7B8,17:0022F018,18:00237310	
FUN_L00_00233db8	shared	132	e551c6163f27eda5	19	00:00233DB8,01:00249450,02:002372B0,03:00223588,04:00227398,05:0025D130,06:00243B78,07:0025BC20,08:0023F028,09:00253A98,10:00227420,11:0025A7E8,12:0024D628,13:0023F8A0,14:0023D0B8,15:002249B0,16:0022F840,17:0022F0A0,18:00237398	
FUN_L00_00233e40	shared	88	4fdaec73093f1ebc	19	00:00233E40,01:002494D8,02:00237338,03:00223610,04:00227420,05:0025D1B8,06:00243C00,07:0025BCA8,08:0023F0B0,09:00253B20,10:002274A8,11:0025A870,12:0024D6B0,13:0023F928,14:0023D140,15:00224A38,16:0022F8C8,17:0022F128,18:00237420	
FUN_L00_00233e98	shared	80	6459b8152fa72ac1	19	00:00233E98,01:00249530,02:00237390,03:00223668,04:00227478,05:0025D210,06:00243C58,07:0025BD00,08:0023F108,09:00253B78,10:00227500,11:0025A8C8,12:0024D708,13:0023F980,14:0023D198,15:00224A90,16:0022F920,17:0022F180,18:00237478	
FUN_L00_00233ee8	shared	76	1af7099c2428d272	19	00:00233EE8,01:00249580,02:002373E0,03:002236B8,04:002274C8,05:0025D260,06:00243CA8,07:0025BD50,08:0023F158,09:00253BC8,10:00227550,11:0025A918,12:0024D758,13:0023F9D0,14:0023D1E8,15:00224AE0,16:0022F970,17:0022F1D0,18:002374C8	
FUN_L00_00233f38	shared	72	3b2e2fa84302a6c3	19	00:00233F38,01:002495D0,02:00237430,03:00223708,04:00227518,05:0025D2B0,06:00243CF8,07:0025BDA0,08:0023F1A8,09:00253C18,10:002275A0,11:0025A968,12:0024D7A8,13:0023FA20,14:0023D238,15:00224B30,16:0022F9C0,17:0022F220,18:00237518	
FUN_L00_00233f80	shared	2108	8d8c70c709dd7099	19	00:00233F80,01:00249618,02:002374D8,03:00223750,04:00227560,05:0025D2F8,06:00243D40,07:0025BDE8,08:0023F1F0,09:00253C60,10:002275E8,11:0025A9B0,12:0024D7F0,13:0023FA68,14:0023D280,15:00224B78,16:0022FA08,17:0022F268,18:00237560	
FUN_L00_002347c0	shared	68	f02f195437e9b0fa	19	00:002347C0,01:00249E58,02:00237D18,03:00223F90,04:00227DA0,05:0025DB38,06:00244580,07:0025C628,08:0023FA30,09:002544A0,10:00227E28,11:0025B1F0,12:0024E030,13:002402A8,14:0023DAC0,15:002253B8,16:00230248,17:0022FAA8,18:00237DA0	
FUN_L00_00234808	shared	584	aeb39b5d71c2c89d	19	00:00234808,01:00249EA0,02:00237D60,03:00223FD8,04:00227DE8,05:0025DB80,06:002445C8,07:0025C670,08:0023FA78,09:002544E8,10:00227E70,11:0025B238,12:0024E078,13:002402F0,14:0023DB08,15:00225400,16:00230290,17:0022FAF0,18:00237DE8	
FUN_L00_00234a50	shared	232	8b24a2b3cb6e4e97	19	00:00234A50,01:0024A0E8,02:00237FA8,03:00224220,04:00228030,05:0025DDC8,06:00244810,07:0025C8B8,08:0023FCC0,09:00254730,10:002280B8,11:0025B480,12:0024E2C0,13:00240538,14:0023DD50,15:00225648,16:002304D8,17:0022FD38,18:00238030	
FUN_L00_00234b38	shared	316	51a7f62ede5c7e79	19	00:00234B38,01:0024A1D0,02:00238090,03:00224308,04:00228118,05:0025DEB0,06:002448F8,07:0025C9A0,08:0023FDA8,09:00254818,10:002281A0,11:0025B568,12:0024E3A8,13:00240620,14:0023DE38,15:00225730,16:002305C0,17:0022FE20,18:00238118	
FUN_L00_00234c78	shared	200	1a3d52dc9f1e2e02	19	00:00234C78,01:0024A310,02:002381D0,03:00224448,04:00228258,05:0025DFF0,06:00244A38,07:0025CAE0,08:0023FEE8,09:00254958,10:002282E0,11:0025B6A8,12:0024E4E8,13:00240760,14:0023DF78,15:00225870,16:00230700,17:0022FF60,18:00238258	
FUN_L00_00234d40	shared	188	66ed3a04a0a53add	19	00:00234D40,01:0024A3D8,02:00238298,03:00224510,04:00228320,05:0025E0B8,06:00244B00,07:0025CBA8,08:0023FFB0,09:00254A20,10:002283A8,11:0025B770,12:0024E5B0,13:00240828,14:0023E040,15:00225938,16:002307C8,17:00230028,18:00238320	
FUN_L00_00234e00	shared	68	6505b7c1468f1d4a	19	00:00234E00,01:0024A498,02:00238358,03:002245D0,04:002283E0,05:0025E178,06:00244BC0,07:0025CC68,08:00240070,09:00254AE0,10:00228468,11:0025B830,12:0024E670,13:002408E8,14:0023E100,15:002259F8,16:00230888,17:002300E8,18:002383E0	
FUN_001fee38	exe	76	32d85605d4fcda17	19	00:00234E48,01:0024A4E0,02:002383A0,03:00224618,04:00228428,05:0025E1C0,06:00244C08,07:0025CCB0,08:002400B8,09:00254B28,10:002284B0,11:0025B878,12:0024E6B8,13:00240930,14:0023E148,15:00225A40,16:002308D0,17:00230130,18:00238428	gameplay/animation/find_animation_definition_index
FUN_001fee88	exe	308	54bd8c4204ad689d	19	00:00234E98,01:0024A530,02:002383F0,03:00224668,04:00228478,05:0025E210,06:00244C58,07:0025CD00,08:00240108,09:00254B78,10:00228500,11:0025B8C8,12:0024E708,13:00240980,14:0023E198,15:00225A90,16:00230920,17:00230180,18:00238478	ui/hud/init_hud
FUN_L00_00234fd0	shared	480	900d25c2ae48f324	19	00:00234FD0,01:0024A668,02:00238528,03:002247A0,04:002285B0,05:0025E348,06:00244D90,07:0025CE38,08:00240240,09:00254CB0,10:00228638,11:0025BA00,12:0024E840,13:00240AB8,14:0023E2D0,15:00225BC8,16:00230A58,17:002302B8,18:002385B0	
FUN_001fefc0	exe	348	6b2cb45641136bc6	19	00:002351B0,01:0024A848,02:00238708,03:00224980,04:00228790,05:0025E528,06:00244F70,07:0025D018,08:00240420,09:00254E90,10:00228818,11:0025BBE0,12:0024EA20,13:00240C98,14:0023E4B0,15:00225DA8,16:00230C38,17:00230498,18:00238790	ui/hud/link_hud_bank
FUN_L00_00235310	shared	380	7ae8a07a92cd2698	19	00:00235310,01:0024A9A8,02:00238868,03:00224AE0,04:002288F0,05:0025E688,06:002450D0,07:0025D178,08:00240580,09:00254FF0,10:00228978,11:0025BD40,12:0024EB80,13:00240DF8,14:0023E610,15:00225F08,16:00230D98,17:002305F8,18:002388F0	
FUN_001ff128	exe	312	216fb832fe236c49	19	00:00235490,01:0024AB28,02:002389E8,03:00224C60,04:00228A70,05:0025E808,06:00245250,07:0025D2F8,08:00240700,09:00255170,10:00228AF8,11:0025BEC0,12:0024ED00,13:00240F78,14:0023E790,15:00226088,16:00230F18,17:00230778,18:00238A70	assembly/textbin/ui/hud/hud_send_resident_bank
FUN_001ff260	exe	40	c59ccdb9afee8635	19	00:002355C8,01:0024AC60,02:00238B20,03:00224D98,04:00228BA8,05:0025E940,06:00245388,07:0025D430,08:00240838,09:002552A8,10:00228C30,11:0025BFF8,12:0024EE38,13:002410B0,14:0023E8C8,15:002261C0,16:00231050,17:002308B0,18:00238BA8	ui/hud/hud_heap_reset
FUN_001ff288	exe	116	85f82f26ec69fd61	19	00:002355F0,01:0024AC88,02:00238B48,03:00224DC0,04:00228BD0,05:0025E968,06:002453B0,07:0025D458,08:00240860,09:002552D0,10:00228C58,11:0025C020,12:0024EE60,13:002410D8,14:0023E8F0,15:002261E8,16:00231078,17:002308D8,18:00238BD0	ui/hud/hud_heap_alloc
FUN_L00_00235668	shared	148	0bdee9e0920cb2cd	19	00:00235668,01:0024AD00,02:00238BC0,03:00224E38,04:00228C48,05:0025E9E0,06:00245428,07:0025D4D0,08:002408D8,09:00255348,10:00228CD0,11:0025C098,12:0024EED8,13:00241150,14:0023E968,15:00226260,16:002310F0,17:00230950,18:00238C48	
FUN_001ff308	exe	268	d17177a2f8d8c552	19	00:00235700,01:0024AD98,02:00238C58,03:00224ED0,04:00228CE0,05:0025EA78,06:002454C0,07:0025D568,08:00240970,09:002553E0,10:00228D68,11:0025C130,12:0024EF70,13:002411E8,14:0023EA00,15:002262F8,16:00231188,17:002309E8,18:00238CE0	gameplay/animation/queue_animation_update
FUN_001ff418	exe	104	2c56e238af3ca147	19	00:00235810,01:0024AEA8,02:00238D68,03:00224FE0,04:00228DF0,05:0025EB88,06:002455D0,07:0025D678,08:00240A80,09:002554F0,10:00228E78,11:0025C240,12:0024F080,13:002412F8,14:0023EB10,15:00226408,16:00231298,17:00230AF8,18:00238DF0	gameplay/animation/apply_pending_animation
FUN_L00_00235878	shared	144	ea041ce0675d40e0	19	00:00235878,01:0024AF10,02:00238DD0,03:00225048,04:00228E58,05:0025EBF0,06:00245638,07:0025D6E0,08:00240AE8,09:00255558,10:00228EE0,11:0025C2A8,12:0024F0E8,13:00241360,14:0023EB78,15:00226470,16:00231300,17:00230B60,18:00238E58	
FUN_001ff480	exe	128	cc7c57d4d2c386a0	19	00:00235908,01:0024AFA0,02:00238E60,03:002250D8,04:00228EE8,05:0025EC80,06:002456C8,07:0025D770,08:00240B78,09:002555E8,10:00228F70,11:0025C338,12:0024F178,13:002413F0,14:0023EC08,15:00226500,16:00231390,17:00230BF0,18:00238EE8	ui/hud/remove_hud_item
FUN_001ff500	exe	104	7d5f02553932827d	19	00:00235988,01:0024B020,02:00238EE0,03:00225158,04:00228F68,05:0025ED00,06:00245748,07:0025D7F0,08:00240BF8,09:00255668,10:00228FF0,11:0025C3B8,12:0024F1F8,13:00241470,14:0023EC88,15:00226580,16:00231410,17:00230C70,18:00238F68	gameplay/animation/load_animation_definition
FUN_001ff570	exe	112	a2b51cc8aff0b3ad	19	00:002359F8,01:0024B090,02:00238F50,03:002251C8,04:00228FD8,05:0025ED70,06:002457B8,07:0025D860,08:00240C68,09:002556D8,10:00229060,11:0025C428,12:0024F268,13:002414E0,14:0023ECF8,15:002265F0,16:00231480,17:00230CE0,18:00238FD8	gameplay/animation/set_animation_parameter
FUN_L00_00235a70	shared	104	12e8b1a18f4a78f3	19	00:00235A70,01:0024B108,02:00238FC8,03:00225240,04:00229050,05:0025EDE8,06:00245830,07:0025D8D8,08:00240CE0,09:00255750,10:002290D8,11:0025C4A0,12:0024F2E0,13:00241558,14:0023ED70,15:00226668,16:002314F8,17:00230D58,18:00239050	
FUN_L00_00235ad8	shared	420	dbc7f6bbd18429ec	19	00:00235AD8,01:0024B170,02:00239030,03:002252A8,04:002290B8,05:0025EE50,06:00245898,07:0025D940,08:00240D48,09:002557B8,10:00229140,11:0025C508,12:0024F348,13:002415C0,14:0023EDD8,15:002266D0,16:00231560,17:00230DC0,18:002390B8	
FUN_L00_00235c80	shared	252	42c415fb55b62cab	19	00:00235C80,01:0024B318,02:002391D8,03:00225450,04:00229260,05:0025EFF8,06:00245A40,07:0025DAE8,08:00240EF0,09:00255960,10:002292E8,11:0025C6B0,12:0024F4F0,13:00241768,14:0023EF80,15:00226878,16:00231708,17:00230F68,18:00239260	
FUN_L00_00235d80	shared	64	534f387d6a556f35	19	00:00235D80,01:0024B418,02:002392D8,03:00225550,04:00229360,05:0025F0F8,06:00245B40,07:0025DBE8,08:00240FF0,09:00255A60,10:002293E8,11:0025C7B0,12:0024F5F0,13:00241868,14:0023F080,15:00226978,16:00231808,17:00231068,18:00239360	
FUN_L00_00235dc0	shared	76	a12df422d1e50024	19	00:00235DC0,00:00237190,01:0024B458,01:0024C828,02:00239318,02:00239E50,03:00225590,03:00226960,04:002293A0,04:0022A770,05:0025F138,05:00260508,06:00245B80,06:002466B8,07:0025DC28,07:0025EFF8,08:00241030,08:00242400,09:00255AA0,09:00256E70,10:00229428,10:0022A7F8,11:0025C7F0,11:0025DBC0,12:0024F630,12:00250A00,13:002418A8,13:00242C78,14:0023F0C0,14:0023FBF8,15:002269B8,15:00227D88,16:00231848,16:00232C18,17:002310A8,17:00232478,18:002393A0,18:0023A770	
FUN_L00_00235e18	shared	136	e063a0bbfd32840d	19	00:00235E18,01:0024B4B0,02:00239370,03:002255E8,04:002293F8,05:0025F190,06:00245BD8,07:0025DC80,08:00241088,09:00255AF8,10:00229480,11:0025C848,12:0024F688,13:00241900,14:0023F118,15:00226A10,16:002318A0,17:00231100,18:002393F8	
FUN_L00_00235ea0	shared	644	0a976f7cf7c6a646	19	00:00235EA0,01:0024B538,02:002393F8,03:00225670,04:00229480,05:0025F218,06:00245C60,07:0025DD08,08:00241110,09:00255B80,10:00229508,11:0025C8D0,12:0024F710,13:00241988,14:0023F1A0,15:00226A98,16:00231928,17:00231188,18:00239480	
FUN_L00_00236128	shared	308	e7688e36d2a926f6	19	00:00236128,01:0024B7C0,02:00239680,03:002258F8,04:00229708,05:0025F4A0,06:00245EE8,07:0025DF90,08:00241398,09:00255E08,10:00229790,11:0025CB58,12:0024F998,13:00241C10,14:0023F428,15:00226D20,16:00231BB0,17:00231410,18:00239708	
FUN_L00_00236268	shared	492	2978dc5cd45f0575	19	00:00236268,00:00236B10,01:0024B900,01:0024C1A8,02:002397D0,03:00225A38,03:002262E0,04:00229848,04:0022A0F0,05:0025F5E0,05:0025FE88,06:00246038,07:0025E0D0,07:0025E978,08:002414D8,08:00241D80,09:00255F48,09:002567F0,10:002298D0,10:0022A178,11:0025CC98,11:0025D540,12:0024FAD8,12:00250380,13:00241D50,13:002425F8,14:0023F578,15:00226E60,15:00227708,16:00231CF0,16:00232598,17:00231550,17:00231DF8,18:00239848,18:0023A0F0	
FUN_L00_00236458	shared	332	343c4055f53b8786	19	00:00236458,00:00236D00,01:0024BAF0,01:0024C398,02:002399C0,03:00225C28,03:002264D0,04:00229A38,04:0022A2E0,05:0025F7D0,05:00260078,06:00246228,07:0025E2C0,07:0025EB68,08:002416C8,08:00241F70,09:00256138,09:002569E0,10:00229AC0,10:0022A368,11:0025CE88,11:0025D730,12:0024FCC8,12:00250570,13:00241F40,13:002427E8,14:0023F768,15:00227050,15:002278F8,16:00231EE0,16:00232788,17:00231740,17:00231FE8,18:00239A38,18:0023A2E0	
FUN_L00_002365a8	shared	1384	af4a58caf91feeb3	16	00:002365A8,01:0024BC40,03:00225D78,04:00229B88,05:0025F920,07:0025E410,08:00241818,09:00256288,10:00229C10,11:0025CFD8,12:0024FE18,13:00242090,15:002271A0,16:00232030,17:00231890,18:00239B88	
FUN_L00_00236e50	shared	832	99fdcd4623e9f523	19	00:00236E50,01:0024C4E8,02:00239B10,03:00226620,04:0022A430,05:002601C8,06:00246378,07:0025ECB8,08:002420C0,09:00256B30,10:0022A4B8,11:0025D880,12:002506C0,13:00242938,14:0023F8B8,15:00227A48,16:002328D8,17:00232138,18:0023A430	
FUN_L00_002371e0	shared	28	81d8f775af31cf46	19	00:002371E0,00:00237798,00:0025A400,00:002DB868,00:002EBBB0,01:0024C878,01:0024CE30,01:0026F300,01:002B96C0,01:003040D8,01:00318008,02:00239EA0,02:0023A458,02:0025CA68,02:002E64D8,02:002F9BE0,03:002269B0,03:00226F68,03:00248E88,03:002D6BA0,03:002E8940,03:002E8960,03:002EA8D8,04:0022A7C0,04:0022AD78,04:0024D430,04:002DDBF8,04:002ED920,04:002ED940,04:002EF918,05:00260558,05:00260B10,05:002846B8,05:00311340,05:00328450,06:00246708,06:00246CC0,06:00269210,06:002EC4D0,06:00313C80,07:0025F048,07:0025F600,07:00282E60,07:003073D0,07:00327560,08:00242450,08:00242A08,08:00264930,08:002FD5E8,08:00314A10,09:00256EC0,09:00257478,09:00279EF8,09:002FCD18,09:003136F0,10:0022A848,10:0022AE00,10:0024CF10,10:002D0508,10:002F3FE8,11:0025DC10,11:0025E1C8,11:002802E0,11:00304B00,11:003162D0,11:003191A0,11:00326F60,12:00250A50,12:00251008,12:002732F0,12:002FBCC8,12:00313DC0,13:00242CC8,13:00243280,13:00266488,13:002FE8A8,13:00316018,14:0023FC48,14:00240200,14:00262828,14:002F7DC8,14:003126B0,15:00227DD8,15:00228390,15:00249CE8,15:002E0810,15:002F5E50,16:00232C68,16:00233220,16:00255D38,16:002CB600,16:002D0038,16:002DA268,16:002F2F58,17:002324C8,17:00232A80,17:00254CF0,17:002DE0B0,17:002FF408,18:0023A7C0,18:0023AD78,18:0025C740,18:002D6230,18:002E5BF8,18:003047E8	
FUN_L00_00237200	shared	1300	71bef4205e028105	19	00:00237200,01:0024C898,02:00239EC0,03:002269D0,04:0022A7E0,05:00260578,06:00246728,07:0025F068,08:00242470,09:00256EE0,10:0022A868,11:0025DC30,12:00250A70,13:00242CE8,14:0023FC68,15:00227DF8,16:00232C88,17:002324E8,18:0023A7E0	
FUN_001ff658	exe	128	59783e5e9c887c92	19	00:00237718,01:0024CDB0,02:0023A3D8,03:00226EE8,04:0022ACF8,05:00260A90,06:00246C40,07:0025F580,08:00242988,09:002573F8,10:0022AD80,11:0025E148,12:00250F88,13:00243200,14:00240180,15:00228310,16:002331A0,17:00232A00,18:0023ACF8	ui/text/copy_text_to_shared_buffer
FUN_L00_002377b8	shared	132	73fde04484f67215	19	00:002377B8,01:0024CE50,02:0023A478,03:00226F88,04:0022AD98,05:00260B30,06:00246CE0,07:0025F620,08:00242A28,09:00257498,10:0022AE20,11:0025E1E8,12:00251028,13:002432A0,14:00240220,15:002283B0,16:00233240,17:00232AA0,18:0023AD98	
FUN_L00_00237840	shared	680	c0df5571a7d9995a	19	00:00237840,01:0024CED8,02:0023A500,03:00227010,04:0022AE20,05:00260BB8,06:00246D68,07:0025F6A8,08:00242AB0,09:00257520,10:0022AEA8,11:0025E270,12:002510B0,13:00243328,14:002402A8,15:00228438,16:002332C8,17:00232B28,18:0023AE20	
FUN_L00_00237ae8	shared	184	e93b934053e430ce	19	00:00237AE8,01:0024D180,02:0023A7A8,03:002272B8,04:0022B0C8,05:00260E60,06:00247010,07:0025F950,08:00242D58,09:002577C8,10:0022B150,11:0025E518,12:00251358,13:002435D0,14:00240550,15:002286E0,16:00233570,17:00232DD0,18:0023B0C8	
FUN_L00_00237ba0	shared	1788	a84a59c74b8d736b	19	00:00237BA0,01:0024D238,02:0023A860,03:00227370,04:0022B180,05:00260F18,06:002470C8,07:0025FA08,08:00242E10,09:00257880,10:0022B208,11:0025E5D0,12:00251410,13:00243688,14:00240608,15:00228798,16:00233628,17:00232E88,18:0023B180	
FUN_L00_002382a0	shared	2164	8e003fe9ba91a919	19	00:002382A0,01:0024D938,02:0023AF60,03:00227A70,04:0022B880,05:00261618,06:002477C8,07:00260108,08:00243510,09:00257F80,10:0022B908,11:0025ECD0,12:00251B10,13:00243D88,14:00240D08,15:00228E98,16:00233D28,17:00233588,18:0023B880	
FUN_L00_00238b18	shared	104	11f1623ace5af062	8	00:00238B18,04:0022C0F8,06:00248040,07:00260980,09:002587F8,10:0022C180,13:00244600,17:00233E00	
FUN_L00_00238b80	shared	1028	c76d85880188f38b	8	00:00238B80,04:0022C160,06:002480A8,07:002609E8,09:00258860,10:0022C1E8,13:00244668,17:00233E68	
FUN_L00_00238f88	shared	1576	8859da215f80bd6b	8	00:00238F88,04:0022C568,06:002484B0,07:00260DF0,09:00258C68,10:0022C5F0,13:00244A70,17:00234270	
FUN_L00_002395b0	shared	128	a7c13073b6768146	19	00:002395B0,01:0024E1B8,02:0023B7E0,03:002282F0,04:0022CB90,05:00261E98,06:00248AD8,07:00261418,08:00243D90,09:00259290,10:0022CC18,11:0025F550,12:00252390,13:00245098,14:00241588,15:00229718,16:002345A8,17:00234898,18:0023C100	
FUN_L00_00239630	shared	480	765d2b404cec4a7f	19	00:00239630,01:0024E238,02:0023B860,03:00228370,04:0022CC10,05:00261F18,06:00248B58,07:00261498,08:00243E10,09:00259310,10:0022CC98,11:0025F5D0,12:00252410,13:00245118,14:00241608,15:00229798,16:00234628,17:00234918,18:0023C180	
FUN_L00_00239810	shared	1208	7e66bc8b6ba9e8a8	19	00:00239810,01:0024E418,02:0023BA40,03:00228550,04:0022CDF0,05:002620F8,06:00248D38,07:00261678,08:00243FF0,09:002594F0,10:0022CE78,11:0025F7B0,12:002525F0,13:002452F8,14:002417E8,15:00229978,16:00234808,17:00234AF8,18:0023C360	
FUN_L00_00239cc8	shared	56	4d3926b7dfa806a0	19	00:00239CC8,01:0024E8D0,02:0023BEF8,03:00228A08,04:0022D2A8,05:002625B0,06:002491F0,07:00261B30,08:002444A8,09:002599A8,10:0022D330,11:0025FC68,12:00252AA8,13:002457B0,14:00241CA0,15:00229E30,16:00234CC0,17:00234FB0,18:0023C818	
FUN_L00_00239d00	shared	248	b12b77a43c2a0b44	19	00:00239D00,01:0024E908,02:0023BF30,03:00228A40,04:0022D2E0,05:002625E8,06:00249228,07:00261B68,08:002444E0,09:002599E0,10:0022D368,11:0025FCA0,12:00252AE0,13:002457E8,14:00241CD8,15:00229E68,16:00234CF8,17:00234FE8,18:0023C850	
FUN_L00_00239df8	shared	1020	3246235d09a37bc3	19	00:00239DF8,01:0024EA00,02:0023C028,03:00228B38,04:0022D3D8,05:002626E0,06:00249320,07:00261C60,08:002445D8,09:00259AD8,10:0022D460,11:0025FD98,12:00252BD8,13:002458E0,14:00241DD0,15:00229F60,16:00234DF0,17:002350E0,18:0023C948	
FUN_L00_0023a218	shared	180	4e6c9a625015bfab	19	00:0023A218,01:0024EE20,02:0023C448,03:00228F58,04:0022D7F8,05:002635B8,06:00249AC8,07:00262408,08:002449F8,09:00259EF8,10:0022D880,11:002601B8,12:00252FF8,13:00246088,14:002421F0,15:0022A380,16:00235CC8,17:00235500,18:0023D0F0	
FUN_L00_0023a2d0	shared	880	dbdcc0ce1b737e22	19	00:0023A2D0,01:0024EED8,02:0023C500,03:00229010,04:0022D8B0,05:00263670,06:00249B80,07:002624C0,08:00244AB0,09:00259FB0,10:0022D938,11:00260270,12:002530B0,13:00246140,14:002422A8,15:0022A438,16:00235D80,17:002355B8,18:0023D1A8	
FUN_L00_0023a640	shared	284	872705baf7960915	19	00:0023A640,01:0024F248,02:0023C870,03:00229380,04:0022DC20,05:002639E0,06:00249EF0,07:00262830,08:00244E20,09:0025A320,10:0022DCA8,11:002605E0,12:00253420,13:002464B0,14:00242618,15:0022A7A8,16:002360F0,17:00235928,18:0023D518	
FUN_L00_0023a760	shared	68	e17ea6a48c5eadbb	19	00:0023A760,01:0024F368,02:0023C990,03:002294A0,04:0022DD40,05:00263B00,06:0024A010,07:00262950,08:00244F40,09:0025A440,10:0022DDC8,11:00260700,12:00253540,13:002465D0,14:00242738,15:0022A8C8,16:00236210,17:00235A48,18:0023D638	
FUN_L00_0023a7a8	shared	748	43b4b3a183d0a6d1	19	00:0023A7A8,01:0024F3B0,02:0023C9D8,03:002294E8,04:0022DD88,05:00263B48,06:0024A058,07:00262998,08:00244F88,09:0025A488,10:0022DE10,11:00260748,12:00253588,13:00246618,14:00242780,15:0022A910,16:00236258,17:00235A90,18:0023D680	
FUN_L00_0023aaa8	shared	464	73cd488f4fca32bd	19	00:0023AAA8,01:0024F6B0,02:0023D188,03:002297E8,04:0022E088,05:00263E48,06:0024A358,07:00262C98,08:00245288,09:0025A788,10:0022E110,11:00260A48,12:00253888,13:00246918,14:00242A80,15:0022AC10,16:00236558,17:00235D90,18:0023D980	
FUN_L00_0023ac78	shared	316	3cdc8c9b027d2eab	19	00:0023AC78,01:0024F880,02:0023D358,03:002299B8,04:0022E258,05:00264018,06:0024A528,07:00262E68,08:00245458,09:0025A958,10:0022E2E0,11:00260C18,12:00253A58,13:00246AE8,14:00242C50,15:0022ADE0,16:00236728,17:00235F60,18:0023DB50	
FUN_L00_0023adb8	shared	316	6b6d3cff28cb543d	19	00:0023ADB8,01:0024F9C0,02:0023D498,03:00229AF8,04:0022E398,05:00264158,06:0024A668,07:00262FA8,08:00245598,09:0025AA98,10:0022E420,11:00260D58,12:00253B98,13:00246C28,14:00242D90,15:0022AF20,16:00236868,17:002360A0,18:0023DC90	
FUN_L00_0023aef8	shared	56	6fa8fa20c412476c	19	00:0023AEF8,01:0024FB00,02:0023D5D8,03:00229C38,04:0022E4D8,05:002642E8,06:0024A7A8,07:002630E8,08:002456D8,09:0025ABD8,10:0022E560,11:00260E98,12:00253CD8,13:00246D68,14:00242ED0,15:0022B060,16:002369F8,17:002361E0,18:0023DDD0	
FUN_001ff768	exe	20	728863f234f6de45	19	00:0023AF30,01:0024FB38,02:0023D610,03:00229C70,04:0022E510,05:00264320,06:0024A7E0,07:00263120,08:00245710,09:0025AC10,10:0022E598,11:00260ED0,12:00253D10,13:00246DA0,14:00242F08,15:0022B098,16:00236A30,17:00236218,18:0023DE08	runtime/resources/update_resource_counter
FUN_001ff780	exe	468	1fc6b172dca119cf	19	00:0023AF48,01:0024FB50,02:0023D628,03:00229C88,04:0022E528,05:00264338,06:0024A7F8,07:00263138,08:00245728,09:0025AC28,10:0022E5B0,11:00260EE8,12:00253D28,13:00246DB8,14:00242F20,15:0022B0B0,16:00236A48,17:00236230,18:0023DE20	ui/hud/update_hud
FUN_L00_0023b120	shared	228	dd603984b45194ae	19	00:0023B120,01:0024FD28,02:0023D800,03:00229E60,04:0022E700,05:00264510,06:0024A9D0,07:00263310,08:00245900,09:0025AE00,10:0022E788,11:002610C0,12:00253F00,13:00246F90,14:002430F8,15:0022B288,16:00236C20,17:00236408,18:0023DFF8	
FUN_001ff960	exe	172	582066d62b3744be	19	00:0023B208,01:0024FE10,02:0023D8E8,03:00229F48,04:0022E7E8,05:002645F8,06:0024AAB8,07:002633F8,08:002459E8,09:0025AEE8,10:0022E870,11:002611A8,12:00253FE8,13:00247078,14:002431E0,15:0022B370,16:00236D08,17:002364F0,18:0023E0E0	gameplay/animation/find_valid_animation_frame_index
FUN_001ffa10	exe	544	0e0aa8eb49177067	19	00:0023B2B8,01:0024FEC0,02:0023D998,03:00229FF8,04:0022E898,05:002646A8,06:0024AB68,07:002634A8,08:00245A98,09:0025AF98,10:0022E920,11:00261258,12:00254098,13:00247128,14:00243290,15:0022B420,16:00236DB8,17:002365A0,18:0023E190	assembly/textbin/gameplay/animation/get_frame_texture
FUN_001ffc30	exe	488	6ff465855316a5cc	19	00:0023B4D8,01:002500E0,02:0023DBB8,03:0022A218,04:0022EAB8,05:002648C8,06:0024AD88,07:002636C8,08:00245CB8,09:0025B1B8,10:0022EB40,11:00261478,12:002542B8,13:00247348,14:002434B0,15:0022B640,16:00236FD8,17:002367C0,18:0023E3B0	ui/hud/draw_hud_sprite
FUN_L00_0023b6c0	shared	416	adbbb0ccb2eec314	19	00:0023B6C0,01:002502C8,02:0023DDA0,03:0022A400,04:0022ECA0,05:00264AB0,06:0024AF70,07:002638B0,08:00245EA0,09:0025B3A0,10:0022ED28,11:00261660,12:002544A0,13:00247530,14:00243698,15:0022B828,16:002371C0,17:002369A8,18:0023E598	
FUN_001ffe18	exe	604	1484df761cfc2d18	19	00:0023B860,01:00250468,02:0023DF40,03:0022A5A0,04:0022EE40,05:00264C50,06:0024B110,07:00263A50,08:00246040,09:0025B540,10:0022EEC8,11:00261800,12:00254640,13:002476D0,14:00243838,15:0022B9C8,16:00237360,17:00236B48,18:0023E738	ui/hud/draw_hud_sprite_flipped
FUN_L00_0023bac0	shared	604	9c84cb5521e40a75	19	00:0023BAC0,01:002506C8,02:0023E1A0,03:0022A800,04:0022F0A0,05:00264EB0,06:0024B370,07:00263CB0,08:002462A0,09:0025B7A0,10:0022F128,11:00261A60,12:002548A0,13:00247930,14:00243A98,15:0022BC28,16:002375C0,17:00236DA8,18:0023E998	
FUN_00200080	exe	472	3c0a6d8e96adae56	19	00:0023BD20,01:00250928,02:0023E400,03:0022AA60,04:0022F300,05:00265110,06:0024B5D0,07:00263F10,08:00246500,09:0025BA00,10:0022F388,11:00261CC0,12:00254B00,13:00247B90,14:00243CF8,15:0022BE88,16:00237820,17:00237008,18:0023EBF8	ui/hud/draw_hud_sprite_subpixel
FUN_00200258	exe	528	75c26cd341478eeb	19	00:0023BEF8,01:00250B00,02:0023E5D8,03:0022AC38,04:0022F4D8,05:002652E8,06:0024B7A8,07:002640E8,08:002466D8,09:0025BBD8,10:0022F560,11:00261E98,12:00254CD8,13:00247D68,14:00243ED0,15:0022C060,16:002379F8,17:002371E0,18:0023EDD0	ui/hud/draw_hud_sprite_uv
FUN_00200468	exe	404	334a790c4f18a8cd	19	00:0023C108,01:00250D10,02:0023E7E8,03:0022AE48,04:0022F6E8,05:002654F8,06:0024B9B8,07:002642F8,08:002468E8,09:0025BDE8,10:0022F770,11:002620A8,12:00254EE8,13:00247F78,14:002440E0,15:0022C270,16:00237C08,17:002373F0,18:0023EFE0	assembly/textbin/fun_00200468
FUN_00200600	exe	852	f271f28fdebcc389	19	00:0023C2A0,01:00250EA8,02:0023E980,03:0022AFE0,04:0022F880,05:00265690,06:0024BB50,07:00264490,08:00246A80,09:0025BF80,10:0022F908,11:00262240,12:00255080,13:00248110,14:00244278,15:0022C408,16:00237DA0,17:00237588,18:0023F178	ui/hud/draw_rotated_sprite
FUN_00200958	exe	440	7231a96b067a70a0	19	00:0023C5F8,01:00251200,02:0023ECD8,03:0022B338,04:0022FBD8,05:002659E8,06:0024BEA8,07:002647E8,08:00246DD8,09:0025C2D8,10:0022FC60,11:00262598,12:002553D8,13:00248468,14:002445D0,15:0022C760,16:002380F8,17:002378E0,18:0023F4D0	ui/hud/draw_hud_sprite_rect
FUN_00200b10	exe	368	40f54d6c08d35ec2	19	00:0023C7B0,01:002513B8,02:0023EE90,03:0022B4F0,04:0022FD90,05:00265BA0,06:0024C060,07:002649A0,08:00246F90,09:0025C490,10:0022FE18,11:00262750,12:00255590,13:00248620,14:00244788,15:0022C918,16:002382B0,17:00237A98,18:0023F688	ui/hud/hud_send_texture
FUN_00200c80	exe	388	7a26df77fd8d2119	19	00:0023C920,00:0023CAA8,01:00251528,01:002516B0,02:0023F000,02:0023F188,03:0022B660,03:0022B7E8,04:0022FF00,04:00230088,05:00265D10,05:00265E98,06:0024C1D0,06:0024C358,07:00264B10,07:00264C98,08:00247100,08:00247288,09:0025C600,09:0025C788,10:0022FF88,10:00230110,11:002628C0,11:00262A48,12:00255700,12:00255888,13:00248790,13:00248918,14:002448F8,14:00244A80,15:0022CA88,15:0022CC10,16:00238420,16:002385A8,17:00237C08,17:00237D90,18:0023F7F8,18:0023F980	ui/hud/draw_hud_rect
FUN_00200f90	exe	384	e94137d6c9fd0df6	19	00:0023CC30,01:00251838,02:0023F310,03:0022B970,04:00230210,05:00266020,06:0024C4E0,07:00264E20,08:00247410,09:0025C910,10:00230298,11:00262BD0,12:00255A10,13:00248AA0,14:00244C08,15:0022CD98,16:00238730,17:00237F18,18:0023FB08	ui/hud/draw_hud_rect_depth
FUN_L00_0023cdb8	shared	228	b7033b293c46d093	19	00:0023CDB8,01:002519C0,02:0023F498,03:0022BAF8,04:00230398,05:00266238,06:0024C668,07:00264FA8,08:00247598,09:0025CA98,10:00230420,11:00262D58,12:00255B98,13:00248C28,14:00244D90,15:0022CF20,16:00238948,17:002380A0,18:0023FC90	
FUN_00201128	exe	216	ce23432b445d8688	19	00:0023CEA8,01:00251AB0,02:0023F588,03:0022BBE8,04:00230488,05:00266A60,06:0024C758,07:00265098,08:00247688,09:0025CB88,10:00230510,11:00262E48,12:00255C88,13:00248D18,14:00244E80,15:0022D010,16:00239170,17:00238190,18:0023FD80	ui/frames/draw_stretchable_ui_frame
FUN_00201200	exe	168	deaa0959caa72ac5	19	00:0023CF80,01:00251B88,02:0023F660,03:0022BCC0,04:00230560,05:00266B38,06:0024C830,07:00265170,08:00247760,09:0025CC60,10:002305E8,11:00262F20,12:00255D60,13:00248DF0,14:00244F58,15:0022D0E8,16:00239248,17:00238268,18:0023FE58	assembly/textbin/ui/frames/draw_framed_text
FUN_L00_0023d028	shared	364	ef087461cf93954d	19	00:0023D028,01:00251C30,02:0023F708,03:0022BD68,04:00230608,05:00266BE0,06:0024C8D8,07:00265218,08:00247808,09:0025CD08,10:00230690,11:00262FC8,12:00255E08,13:00248E98,14:00245000,15:0022D190,16:002392F0,17:00238310,18:0023FF00	
FUN_L00_0023d198	shared	572	7e3a7649d2b3b597	19	00:0023D198,01:00251DA0,02:0023F878,03:0022BED8,04:00230778,05:00266D50,06:0024CA48,07:00265388,08:00247978,09:0025CE78,10:00230800,11:00263138,12:00255F78,13:00249008,14:00245170,15:0022D300,16:00239460,17:00238480,18:00240070	
FUN_L00_0023d3d8	shared	136	6db1ac3760ac66ef	19	00:0023D3D8,01:00251FE0,02:0023FAB8,03:0022C118,04:002309B8,05:00266F90,06:0024CC88,07:002655C8,08:00247BB8,09:0025D0B8,10:00230A40,11:00263378,12:002561B8,13:00249248,14:002453B0,15:0022D540,16:002396A0,17:002386C0,18:002402B0	
FUN_00201520	exe	180	7a98083a940520c3	19	00:0023D468,01:00252070,02:0023FB48,03:0022C1A8,04:00230A48,05:00267020,06:0024CD18,07:00265658,08:00247C48,09:0025D148,10:00230AD0,11:00263408,12:00256248,13:002492D8,14:00245440,15:0022D5D0,16:00239730,17:00238750,18:00240340	runtime/iop/load_irx_module
FUN_002015d8	exe	120	322af05852a55242	19	00:0023D520,01:00252128,02:0023FC00,03:0022C260,04:00230B00,05:002670D8,06:0024CDD0,07:00265710,08:00247D00,09:0025D200,10:00230B88,11:002634C0,12:00256300,13:00249390,14:002454F8,15:0022D688,16:002397E8,17:00238808,18:002403F8	runtime/memory/init_mem_slots
FUN_00201650	exe	972	472d614a6194c910	19	00:0023D598,01:002521A0,02:0023FC78,03:0022C2D8,04:00230B78,05:00267150,06:0024CE48,07:00265788,08:00247D78,09:0025D278,10:00230C00,11:00263538,12:00256378,13:00249408,14:00245570,15:0022D700,16:00239860,17:00238880,18:00240470	runtime/startup/init_once
FUN_L00_0023d968	level	452	bf0acd757bd999df	1	00:0023D968	
FUN_L00_0023db30	shared	1236	6c55ffc1c3f55809	2	00:0023DB30,14:002459C0	
FUN_L00_0023e008	shared	608	7d5133021d8dfdc9	2	00:0023E008,14:00245E98	
FUN_L00_0023e268	level	884	4262f261660b80bd	1	00:0023E268	
FUN_L00_0023e5e0	shared	344	28ef6c837f758177	19	00:0023E5E0,01:002525F8,02:00240130,03:0022C8B8,04:00230FD0,05:002675A8,06:0024D2A0,07:00265C38,08:002481D0,09:0025D6D0,10:00231058,11:00263990,12:002567D0,13:00249860,14:00246170,15:0022DBE0,16:00239CB8,17:00238CD8,18:002408C8	
FUN_L00_0023e738	shared	252	b2078344646c9f55	19	00:0023E738,01:00252750,02:00240288,03:0022CA10,04:00231128,05:00267700,06:0024D3F8,07:00265D90,08:00248328,09:0025D828,10:002311B0,11:00263AE8,12:00256928,13:002499B8,14:002462C8,15:0022DD38,16:00239E10,17:00238E30,18:00240A20	
FUN_L00_0023e838	shared	88	fa25d0d3aeff27f3	19	00:0023E838,01:00252850,02:00240388,03:0022CB10,04:00231228,05:00267800,06:0024D4F8,07:00265E90,08:00248428,09:0025D928,10:002312B0,11:00263BE8,12:00256A28,13:00249AB8,14:002463C8,15:0022DE38,16:00239F10,17:00238F30,18:00240B20	
FUN_00201a28	exe	384	3624b0174df7350d	19	00:0023E890,01:002528A8,02:002403E0,03:0022CB68,04:00231280,05:00267858,06:0024D550,07:00265EE8,08:00248480,09:0025D980,10:00231308,11:00263C40,12:00256A80,13:00249B10,14:00246420,15:0022DE90,16:00239F68,17:00238F88,18:00240B78	rendering/update_all_point_lights
FUN_00201ba8	exe	944	43b6e6428bf702f3	19	00:0023EA10,01:00252A28,02:00240560,03:0022CCE8,04:00231400,05:002679D8,06:0024D6D0,07:00266068,08:00248600,09:0025DB00,10:00231488,11:00263DC0,12:00256C00,13:00249C90,14:002465A0,15:0022E010,16:0023A0E8,17:00239108,18:00240CF8	rendering/create_point_light
FUN_00201f58	exe	44	70ebbd5f8117c04c	19	00:0023EDC0,00:002EC678,01:00252DD8,01:00318AD0,02:00240910,02:002A48A0,02:002FA6A8,03:0022D098,03:002EB3A0,04:002317B0,04:002F03E0,05:00267D88,05:00328F18,05:0032A758,06:0024DA80,06:00314748,07:00266418,07:00328028,08:002489B0,08:003154D8,09:0025DEB0,09:003141B8,10:00231838,10:002F4AB0,11:00264170,11:00327A28,12:00256FB0,12:00314888,13:0024A040,13:00316AE0,14:00246950,14:00313178,15:0022E3C0,15:002F6918,16:0023A498,16:002F3A20,16:002F5260,17:002394B8,17:002FFED0,18:002410A8,18:003052B0	rendering/refresh_point_light
FUN_00201f88	exe	744	111eff2349d75d52	19	00:0023EDF0,01:00252E08,02:00240940,03:0022D0C8,04:002317E0,05:00267DB8,06:0024DAB0,07:00266448,08:002489E0,09:0025DEE0,10:00231868,11:002641A0,12:00256FE0,13:0024A070,14:00246980,15:0022E3F0,16:0023A4C8,17:002394E8,18:002410D8	rendering/detach_point_light
FUN_L00_0023f0d8	shared	72	a46b0b5660806ef9	19	00:0023F0D8,01:002530F0,02:00240C28,03:0022D3B0,04:00231AC8,05:002680A0,06:0024DD98,07:00266730,08:00248CC8,09:0025E1C8,10:00231B50,11:00264488,12:002572C8,13:0024A358,14:00246C68,15:0022E6D8,16:0023A7B0,17:002397D0,18:002413C0	
FUN_L00_0023f120	shared	184	faf6edfa7d8ae706	19	00:0023F120,01:00253138,02:00240C70,03:0022D3F8,04:00231B10,05:002680E8,06:0024DDE0,07:00266778,08:00248D10,09:0025E210,10:00231B98,11:002644D0,12:00257310,13:0024A3A0,14:00246CB0,15:0022E720,16:0023A7F8,17:00239818,18:00241408	
FUN_00202270	exe	1104	ab7bed6e926deb2d	19	00:0023F1D8,01:002531F0,02:00240D28,03:0022D4B0,04:00231BC8,05:002681A0,06:0024DE98,07:00266830,08:00248DC8,09:0025E2C8,10:00231C50,11:00264588,12:002573C8,13:0024A458,14:00246D68,15:0022E7D8,16:0023A8B0,17:002398D0,18:002414C0	assembly/textbin/fun_00202270
FUN_002026c8	exe	312	25e19a070fc768d9	19	00:0023F630,01:00253648,02:00241180,03:0022D908,04:00232020,05:002685F8,06:0024E2F0,07:00266C88,08:00249220,09:0025E720,10:002320A8,11:002649E0,12:00257820,13:0024A8B0,14:002471C0,15:0022EC30,16:0023AD08,17:00239D28,18:00241918	rendering/texture/parse_particle_textures
FUN_00202800	exe	220	c97c5a205e8845bc	19	00:0023F768,01:00253780,02:002412B8,03:0022DA40,04:00232158,05:00268730,06:0024E428,07:00266DC0,08:00249358,09:0025E858,10:002321E0,11:00264B18,12:00257958,13:0024A9E8,14:002472F8,15:0022ED68,16:0023AE40,17:00239E60,18:00241A50	world/loaders/unpack_point_records
FUN_002028e0	exe	440	266b0632ed652111	19	00:0023F848,01:00253860,02:00241398,03:0022DB20,04:00232238,05:00268810,06:0024E508,07:00266EA0,08:00249438,09:0025E938,10:002322C0,11:00264BF8,12:00257A38,13:0024AAC8,14:002473D8,15:0022EE48,16:0023AF20,17:00239F40,18:00241B30	world/loaders/relocate_sky_definition
FUN_L00_0023fa00	shared	1040	21b0a0f9241c0195	19	00:0023FA00,01:00253A18,02:00241550,03:0022DCD8,04:002323F0,05:002689C8,06:0024E6C0,07:00267058,08:002495F0,09:0025EAF0,10:00232478,11:00264DB0,12:00257BF0,13:0024AC80,14:00247590,15:0022F000,16:0023B0D8,17:0023A0F8,18:00241CE8	
FUN_00202a98	exe	628	a6c6112c8dc6d33a	19	00:0023FE10,01:00253E28,02:00241960,03:0022E0E8,04:00232800,05:00268DD8,06:0024EAD0,07:00267468,08:00249A00,09:0025EF00,10:00232888,11:002651C0,12:00258000,13:0024B090,14:002479A0,15:0022F410,16:0023B4E8,17:0023A508,18:002420F8	ui/hud/load_hud_banks
FUN_00202d10	exe	100	cf3cf79cbd6d9196	19	00:00240088,01:002540A0,02:00241BD8,03:0022E360,04:00232A78,05:00269050,06:0024ED48,07:002676E0,08:00249C78,09:0025F178,10:00232B00,11:00265438,12:00258278,13:0024B308,14:00247C18,15:0022F688,16:0023B760,17:0023A780,18:00242370	ui/hud/load_compressed_hud_bank
FUN_00202d78	exe	600	ab80755aaf7c4f56	19	00:002400F0,01:00254108,02:00241C40,03:0022E3C8,04:00232AE0,05:002690B8,06:0024EDB0,07:00267748,08:00249CE0,09:0025F1E0,10:00232B68,11:002654A0,12:002582E0,13:0024B370,14:00247C80,15:0022F6F0,16:0023B7C8,17:0023A7E8,18:002423D8	assembly/textbin/fun_00202d78
FUN_00202fd0	exe	332	8758feee7f95841c	19	00:00240348,01:00254360,02:00241E98,03:0022E620,04:00232D38,05:00269310,06:0024F008,07:002679A0,08:00249F38,09:0025F438,10:00232DC0,11:002656F8,12:00258538,13:0024B5C8,14:00247ED8,15:0022F948,16:0023BA20,17:0023AA40,18:00242630	rendering/set_up_vis_gif_viewer
FUN_00203120	exe	448	01eed2040d70a283	19	00:00240498,01:002544B0,02:00241FE8,03:0022E770,04:00232E88,05:00269460,06:0024F158,07:00267AF0,08:0024A088,09:0025F588,10:00232F10,11:00265848,12:00258688,13:0024B718,14:00248028,15:0022FA98,16:0023BB70,17:0023AB90,18:00242780	world/loaders/upload_texture_images
FUN_002032e0	exe	84	8241c998a991e202	19	00:00240658,01:00254670,02:002421A8,03:0022E930,04:00233048,05:00269620,06:0024F318,07:00267CB0,08:0024A248,09:0025F748,10:002330D0,11:00265A08,12:00258848,13:0024B8D8,14:002481E8,15:0022FC58,16:0023BD30,17:0023AD50,18:00242940	runtime/relocation/relocate_asset_entry_pointers
FUN_00203338	exe	772	32faedd73e8d1160	19	00:002406B0,01:002546C8,02:00242200,03:0022E988,04:002330A0,05:00269678,06:0024F370,07:00267D08,08:0024A2A0,09:0025F7A0,10:00233128,11:00265A60,12:002588A0,13:0024B930,14:00248240,15:0022FCB0,16:0023BD88,17:0023ADA8,18:00242998	assembly/textbin/fun_00203338
FUN_00203640	exe	236	3c0a60df92a5775f	19	00:002409B8,01:002549D0,02:00242508,03:0022EC90,04:002333A8,05:00269980,06:0024F678,07:00268010,08:0024A5A8,09:0025FAA8,10:00233430,11:00265D68,12:00258BA8,13:0024BC38,14:00248548,15:0022FFB8,16:0023C090,17:0023B0B0,18:00242CA0	world/loaders/register_moby_class
FUN_00203730	exe	980	2858a8122bd49d49	19	00:00240AA8,01:00254AC0,02:002425F8,03:0022ED80,04:00233498,05:00269A70,06:0024F768,07:00268100,08:0024A698,09:0025FB98,10:00233520,11:00265E58,12:00258C98,13:0024BD28,14:00248638,15:002300A8,16:0023C180,17:0023B1A0,18:00242D90	assembly/textbin/fun_00203730
FUN_00203b08	exe	1492	9ff395747a53d051	19	00:00240E80,01:00254E98,02:002429D0,03:0022F158,04:00233870,05:00269E48,06:0024FB40,07:002684D8,08:0024AA70,09:0025FF70,10:002338F8,11:00266230,12:00259070,13:0024C100,14:00248A10,15:00230480,16:0023C558,17:0023B578,18:00243168	assembly/textbin/fun_00203b08
FUN_002040e0	exe	720	8bd6ea8cdc09bbf2	19	00:00241458,01:00255470,02:00242FA8,03:0022F730,04:00233E48,05:0026A420,06:00250118,07:00268AB0,08:0024B048,09:00260548,10:00233ED0,11:00266808,12:00259648,13:0024C6D8,14:00248FE8,15:00230A58,16:0023CB30,17:0023BB50,18:00243740	assembly/textbin/fun_002040e0
FUN_L00_00241728	shared	96	9217153b6acb8959	19	00:00241728,01:00255740,02:00243278,03:0022FA00,04:00234118,05:0026A6F0,06:002503E8,07:00268D80,08:0024B318,09:00260818,10:002341A0,11:00266AD8,12:00259918,13:0024C9A8,14:002492B8,15:00230D28,16:0023CE00,17:0023BE20,18:00243A10	
FUN_L00_00241788	shared	432	67562544465ad56f	19	00:00241788,01:002557A0,02:002432D8,03:0022FA60,04:00234178,05:0026A750,06:00250448,07:00268DE0,08:0024B378,09:00260878,10:00234200,11:00266B38,12:00259978,13:0024CA08,14:00249318,15:00230D88,16:0023CE60,17:0023BE80,18:00243A70	
FUN_L00_00241940	shared	9208	55250c2f598f75e8	19	00:00241940,01:00255958,02:00243490,03:0022FC18,04:00234330,05:0026A908,06:00250600,07:00268F98,08:0024B530,09:00260A30,10:002343B8,11:00266CF0,12:00259B30,13:0024CBC0,14:002494D0,15:00230F40,16:0023D018,17:0023C038,18:00243C28	
FUN_002043b0	exe	120	c3187d43d2922fad	19	00:00243D38,01:00257D50,02:00245888,03:00232010,04:00236728,05:0026CD00,06:002529F8,07:0026B390,08:0024D928,09:00262E28,10:002367B0,11:002690E8,12:0025BF28,13:0024EFB8,14:0024B8C8,15:00233338,16:0023F410,17:0023E430,18:00246020	world/streaming/load_level_chunk_from_disc
FUN_00204428	exe	864	06f300191a63f5d5	19	00:00243DB0,01:00257DC8,02:00245900,03:00232088,04:002367A0,05:0026CD78,06:00252A70,07:0026B408,08:0024D9A0,09:00262EA0,10:00236828,11:00269160,12:0025BFA0,13:0024F030,14:0024B940,15:002333B0,16:0023F488,17:0023E4A8,18:00246098	assembly/textbin/fun_00204428
FUN_L00_00244110	shared	4260	9557e845bdc07527	19	00:00244110,01:00258128,02:00245C60,03:002323E8,04:00236B00,05:0026D0D8,06:00252DD0,07:0026B768,08:0024DD00,09:00263200,10:00236B88,11:002694C0,12:0025C300,13:0024F390,14:0024BCA0,15:00233710,16:0023F7E8,17:0023E808,18:002463F8	
FUN_L00_002451b8	shared	184	a7be03a37f192eca	19	00:002451B8,01:002591D0,02:00246D08,03:00233490,04:00237BA8,05:0026E180,06:00253E78,07:0026C810,08:0024EDA8,09:002642A8,10:00237C30,11:0026A568,12:0025D3A8,13:00250438,14:0024CD48,15:002347B8,16:00240890,17:0023F8B0,18:002474A0	
FUN_00204790	exe	596	f05b73210d81f7f6	19	00:00245270,01:00259288,02:00246DC0,03:00233548,04:00237C60,05:0026E238,06:00253F30,07:0026C8C8,08:0024EE60,09:00264360,10:00237CE8,11:0026A620,12:0025D460,13:002504F0,14:0024CE00,15:00234870,16:00240948,17:0023F968,18:00247558	world/animation/update_world_object_animation
FUN_L00_002454c8	shared	248	74df3ae13e8fac9a	19	00:002454C8,01:002594E0,02:00247018,03:002337A0,04:00237EB8,05:0026E490,06:00254188,07:0026CB20,08:0024F0B8,09:002645B8,10:00237F40,11:0026A878,12:0025D6B8,13:00250748,14:0024D058,15:00234AC8,16:00240BA0,17:0023FBC0,18:002477B0	
FUN_002049f0	exe	80	dddaf67286633c05	19	00:002455C0,00:00245720,01:002595D8,01:00259738,02:00247110,02:00247270,03:00233898,03:002339F8,04:00237FB0,04:00238110,05:0026E588,05:0026E6E8,06:00254280,06:002543E0,07:0026CC18,07:0026CD78,08:0024F1B0,08:0024F310,09:002646B0,09:00264810,10:00238038,10:00238198,11:0026A970,11:0026AAD0,12:0025D7B0,12:0025D910,13:00250840,13:002509A0,14:0024D150,14:0024D2B0,15:00234BC0,15:00234D20,16:00240C98,16:00240DF8,17:0023FCB8,17:0023FE18,18:002478A8,18:00247A08	world/parse_space_scene_chunk
FUN_L00_00245610	shared	268	5a9f5912751bf2ea	19	00:00245610,01:00259628,02:00247160,03:002338E8,04:00238000,05:0026E5D8,06:002542D0,07:0026CC68,08:0024F200,09:00264700,10:00238088,11:0026A9C0,12:0025D800,13:00250890,14:0024D1A0,15:00234C10,16:00240CE8,17:0023FD08,18:002478F8	
FUN_00204a40	exe	684	0ec919e4bb584de8	19	00:00245770,01:00259788,02:002472C0,03:00233A48,04:00238160,05:0026E738,06:00254430,07:0026CDC8,08:0024F360,09:00264860,10:002381E8,11:0026AB20,12:0025D960,13:002509F0,14:0024D300,15:00234D70,16:00240E48,17:0023FE68,18:00247A58	assembly/textbin/world/data/select_world_object_resource_tables
FUN_00204cf0	exe	320	1c07f2c450063dfb	19	00:00245A20,01:00259A38,02:00247570,03:00233CF8,04:00238410,05:0026E9E8,06:002546E0,07:0026D078,08:0024F610,09:00264B10,10:00238498,11:0026ADD0,12:0025DC10,13:00250CA0,14:0024D5B0,15:00235020,16:002410F8,17:00240118,18:00247D08	rendering/fun_00204cf0
FUN_00204e30	exe	196	a9cb1da2246a2db7	19	00:00245B60,01:00259B78,02:002476B0,03:00233E38,04:00238550,05:0026EB28,06:00254820,07:0026D1B8,08:0024F750,09:00264C50,10:002385D8,11:0026AF10,12:0025DD50,13:00250DE0,14:0024D6F0,15:00235160,16:00241238,17:00240258,18:00247E48	rendering/fun_00204e30
FUN_L00_00245c28	shared	2176	62e2d1a449d05b9e	19	00:00245C28,01:00259C40,02:00247778,03:00233F00,04:00238618,05:0026EBF0,06:002548E8,07:0026D280,08:0024F818,09:00264D18,10:002386A0,11:0026AFD8,12:0025DE18,13:00250EA8,14:0024D7B8,15:00235228,16:00241300,17:00240320,18:00247F10	
FUN_L00_002464a8	shared	1040	a32346f3edc36b75	19	00:002464A8,01:0025A4C0,02:00247FF8,03:00234780,04:00238E98,05:0026F470,06:00255168,07:0026DB00,08:00250098,09:00265598,10:00238F20,11:0026B858,12:0025E698,13:00251728,14:0024E038,15:00235AA8,16:00241B80,17:00240BA0,18:00248790	
FUN_L00_002468b8	shared	424	0be8a653a969acd4	19	00:002468B8,01:0025A8D0,02:00248408,03:00234B90,04:002392A8,05:0026F880,06:00255578,07:0026DF10,08:002504A8,09:002659A8,10:00239330,11:0026BC68,12:0025EAA8,13:00251B38,14:0024E448,15:00235EB8,16:00241F90,17:00240FB0,18:00248BA0	
FUN_00204ef8	exe	100	56edf15c94131c56	19	00:00246A60,01:0025AA78,02:002485B0,03:00234D38,04:00239450,05:0026FA28,06:00255720,07:0026E0B8,08:00250650,09:00265B50,10:002394D8,11:0026BE10,12:0025EC50,13:00251CE0,14:0024E5F0,15:00236060,16:00242138,17:00241158,18:00248D48	ui/map/find_free_map_slot
FUN_00204f60	exe	160	97c098aca681211b	19	00:00246AC8,01:0025AAE0,02:00248618,03:00234DA0,04:002394B8,05:0026FA90,06:00255788,07:0026E120,08:002506B8,09:00265BB8,10:00239540,11:0026BE78,12:0025ECB8,13:00251D48,14:0024E658,15:002360C8,16:002421A0,17:002411C0,18:00248DB0	ui/map/promote_first_available_map_entry
FUN_00205000	exe	156	ee1f91fc5ba18ded	19	00:00246B68,01:0025AB80,02:002486B8,03:00234E40,04:00239558,05:0026FB30,06:00255828,07:0026E1C0,08:00250758,09:00265C58,10:002395E0,11:0026BF18,12:0025ED58,13:00251DE8,14:0024E6F8,15:00236168,16:00242240,17:00241260,18:00248E50	ui/map/move_map_entry_slot
FUN_002050a0	exe	68	c9e9199db3afe465	19	00:00246C08,01:0025AC20,02:00248758,03:00234EE0,04:002395F8,05:0026FBD0,06:002558C8,07:0026E260,08:002507F8,09:00265CF8,10:00239680,11:0026BFB8,12:0025EDF8,13:00251E88,14:0024E798,15:00236208,16:002422E0,17:00241300,18:00248EF0	ui/map/find_map_entry_slot
FUN_002050e8	exe	312	979ed28114655a7c	19	00:00246C50,01:0025AC68,02:002487A0,03:00234F28,04:00239640,05:0026FC18,06:00255910,07:0026E2A8,08:00250840,09:00265D40,10:002396C8,11:0026C000,12:0025EE40,13:00251ED0,14:0024E7E0,15:00236250,16:00242328,17:00241348,18:00248F38	ui/map/pick_next_map
FUN_00205220	exe	84	938397a65c514905	19	00:00246D88,01:0025ADA0,02:002488D8,03:00235060,04:00239778,05:0026FD50,06:00255A48,07:0026E3E0,08:00250978,09:00265E78,10:00239800,11:0026C138,12:0025EF78,13:00252008,14:0024E918,15:00236388,16:00242460,17:00241480,18:00249070	world/data/find_id_in_terminated_table
FUN_00205278	exe	352	76a8810f0ba59f2f	19	00:00246DE0,01:0025ADF8,02:00248930,03:002350B8,04:002397D0,05:0026FDA8,06:00255AA0,07:0026E438,08:002509D0,09:00265ED0,10:00239858,11:0026C190,12:0025EFD0,13:00252060,14:0024E970,15:002363E0,16:002424B8,17:002414D8,18:002490C8	ui/map/pick_map_slot_to_evict
FUN_002053d8	exe	96	3591009b20b2a293	19	00:00246F40,01:0025AF58,02:00248A90,03:00235218,04:00239930,05:0026FF08,06:00255C00,07:0026E598,08:00250B30,09:00266030,10:002399B8,11:0026C2F0,12:0025F130,13:002521C0,14:0024EAD0,15:00236540,16:00242618,17:00241638,18:00249228	rendering/texture/compose_bitmap_from_mask
FUN_00205440	exe	512	908f5c8fadbe0086	19	00:00246FA8,01:0025AFC0,02:00248AF8,03:00235280,04:00239998,05:0026FF70,06:00255C68,07:0026E600,08:00250B98,09:00266098,10:00239A20,11:0026C358,12:0025F198,13:00252228,14:0024EB38,15:002365A8,16:00242680,17:002416A0,18:00249290	ui/map/update_map_zoom_and_pan
FUN_00205640	exe	4300	6f4cc17b25b9731e	19	00:002471A8,01:0025B1C0,02:00248CF8,03:00235480,04:00239B98,05:00270170,06:00255E68,07:0026E800,08:00250D98,09:00266298,10:00239C20,11:0026C558,12:0025F398,13:00252428,14:0024ED38,15:002367A8,16:00242880,17:002418A0,18:00249490	assembly/textbin/ui/map/draw_map_overlay
FUN_00206710	exe	336	c51812736887f34a	19	00:00248278,01:0025C290,02:00249DC8,03:00236550,04:0023AC68,05:00271240,06:00256F38,07:0026F8D0,08:00251E68,09:00267368,10:0023ACF0,11:0026D628,12:00260468,13:002534F8,14:0024FE08,15:00237878,16:00243950,17:00242970,18:0024A560	ui/map/decode_map_mask
FUN_00206860	exe	276	18025b963ffbc444	19	00:002483C8,01:0025C3E0,02:00249F18,03:002366A0,04:0023ADB8,05:00271390,06:00257088,07:0026FA20,08:00251FB8,09:002674B8,10:0023AE40,11:0026D778,12:002605B8,13:00253648,14:0024FF58,15:002379C8,16:00243AA0,17:00242AC0,18:0024A6B0	ui/map/decode_map_rle_row
FUN_L00_002484e0	shared	1808	4c0599164b4f635c	19	00:002484E0,01:0025C4F8,02:0024A030,03:002367B8,04:0023AED0,05:002714A8,06:002571A0,07:0026FB38,08:002520D0,09:002675D0,10:0023AF58,11:0026D890,12:002606D0,13:00253760,14:00250070,15:00237AE0,16:00243BB8,17:00242BD8,18:0024A7C8	
FUN_00206978	exe	40	b1fe938573e70696	19	00:00248BF0,01:0025CC08,02:0024A740,03:00236EC8,04:0023B5E0,05:00271BB8,06:002578B0,07:00270378,08:002527E0,09:00267CE0,10:0023B668,11:0026DFA0,12:00260DE0,13:00253E70,14:00250780,15:002381F0,16:002442C8,17:002432E8,18:0024AED8	ui/menus/hit_test_fixed_screen_rectangle
FUN_002069a0	exe	16	c15c93cbd8a78fd2	19	00:00248C18,00:00248C28,00:00248C38,00:00248E00,00:00248E10,00:00248E20,00:00248E30,00:00248E40,00:002498A8,00:002498B8,00:002498C8,00:002498D8,00:002498E8,00:002498F8,00:00249948,00:00249958,00:00249968,00:00249978,00:00249988,00:00249C40,00:00249D30,00:00249D40,00:00249D50,00:00249D60,00:00249D70,00:0024E210,01:0025CC30,01:0025CC40,01:0025CC50,01:0025CE18,01:0025CE28,01:0025CE38,01:0025CE48,01:0025CE58,01:0025D8C0,01:0025D8D0,01:0025D8E0,01:0025D8F0,01:0025D900,01:0025D910,01:0025D960,01:0025D970,01:0025D980,01:0025D990,01:0025D9A0,01:0025DC58,01:0025DD48,01:0025DD58,01:0025DD68,01:0025DD78,01:0025DD88,01:00262D68,02:0024A768,02:0024A778,02:0024A788,02:0024A950,02:0024A960,02:0024A970,02:0024A980,02:0024A990,02:0024B3F8,02:0024B408,02:0024B418,02:0024B428,02:0024B438,02:0024B448,02:0024B498,02:0024B4A8,02:0024B4B8,02:0024B4C8,02:0024B4D8,02:0024B790,02:0024B880,02:0024B890,02:0024B8A0,02:0024B8B0,02:0024B8C0,02:002505F8,03:00236EF0,03:00236F00,03:00236F10,03:002370D8,03:002370E8,03:002370F8,03:00237108,03:00237118,03:00237B80,03:00237B90,03:00237BA0,03:00237BB0,03:00237BC0,03:00237BD0,03:00237C20,03:00237C30,03:00237C40,03:00237C50,03:00237C60,03:00237F18,03:00238008,03:00238018,03:00238028,03:00238038,03:00238048,03:0023CD80,04:0023B608,04:0023B618,04:0023B628,04:0023B7F0,04:0023B800,04:0023B810,04:0023B820,04:0023B830,04:0023C298,04:0023C2A8,04:0023C2B8,04:0023C2C8,04:0023C2D8,04:0023C2E8,04:0023C338,04:0023C348,04:0023C358,04:0023C368,04:0023C378,04:0023C630,04:0023C720,04:0023C730,04:0023C740,04:0023C750,04:0023C760,04:00240C00,05:00271BE0,05:00271BF0,05:00271C00,05:00271DC8,05:00271DD8,05:00271DE8,05:00271DF8,05:00271E08,05:00272870,05:00272880,05:00272890,05:002728A0,05:002728B0,05:002728C0,05:00272910,05:00272920,05:00272930,05:00272940,05:00272950,05:00272C08,05:00272CF8,05:00272D08,05:00272D18,05:00272D28,05:00272D38,05:00278478,06:002578D8,06:002578E8,06:002578F8,06:00257AC0,06:00257AD0,06:00257AE0,06:00257AF0,06:00257B00,06:00258568,06:00258578,06:00258588,06:00258598,06:002585A8,06:002585B8,06:00258608,06:00258618,06:00258628,06:00258638,06:00258648,06:00258900,06:002589F0,06:00258A00,06:00258A10,06:00258A20,06:00258A30,06:0025CED0,07:002703A0,07:002703B0,07:002703C0,07:00270588,07:00270598,07:002705A8,07:002705B8,07:002705C8,07:00271030,07:00271040,07:00271050,07:00271060,07:00271070,07:00271080,07:002710D0,07:002710E0,07:002710F0,07:00271100,07:00271110,07:002713C8,07:002714B8,07:002714C8,07:002714D8,07:002714E8,07:002714F8,07:00276C38,08:00252808,08:00252818,08:00252828,08:002529F0,08:00252A00,08:00252A10,08:00252A20,08:00252A30,08:00253498,08:002534A8,08:002534B8,08:002534C8,08:002534D8,08:002534E8,08:00253538,08:00253548,08:00253558,08:00253568,08:00253578,08:00253830,08:00253920,08:00253930,08:00253940,08:00253950,08:00253960,08:00258710,09:00267D08,09:00267D18,09:00267D28,09:00267EF0,09:00267F00,09:00267F10,09:00267F20,09:00267F30,09:00268998,09:002689A8,09:002689B8,09:002689C8,09:002689D8,09:002689E8,09:00268A38,09:00268A48,09:00268A58,09:00268A68,09:00268A78,09:00268D30,09:00268E20,09:00268E30,09:00268E40,09:00268E50,09:00268E60,09:0026DB98,10:0023B690,10:0023B6A0,10:0023B6B0,10:0023B878,10:0023B888,10:0023B898,10:0023B8A8,10:0023B8B8,10:0023C320,10:0023C330,10:0023C340,10:0023C350,10:0023C360,10:0023C370,10:0023C3C0,10:0023C3D0,10:0023C3E0,10:0023C3F0,10:0023C400,10:0023C6B8,10:0023C7A8,10:0023C7B8,10:0023C7C8,10:0023C7D8,10:0023C7E8,10:00240C88,11:0026DFC8,11:0026DFD8,11:0026DFE8,11:0026E1B0,11:0026E1C0,11:0026E1D0,11:0026E1E0,11:0026E1F0,11:0026EC58,11:0026EC68,11:0026EC78,11:0026EC88,11:0026EC98,11:0026ECA8,11:0026ECF8,11:0026ED08,11:0026ED18,11:0026ED28,11:0026ED38,11:0026EFF0,11:0026F0E0,11:0026F0F0,11:0026F100,11:0026F110,11:0026F120,11:00274040,12:00260E08,12:00260E18,12:00260E28,12:00260FF0,12:00261000,12:00261010,12:00261020,12:00261030,12:00261A98,12:00261AA8,12:00261AB8,12:00261AC8,12:00261AD8,12:00261AE8,12:00261B38,12:00261B48,12:00261B58,12:00261B68,12:00261B78,12:00261E30,12:00261F20,12:00261F30,12:00261F40,12:00261F50,12:00261F60,12:00266F50,13:00253E98,13:00253EA8,13:00253EB8,13:00254080,13:00254090,13:002540A0,13:002540B0,13:002540C0,13:00254B28,13:00254B38,13:00254B48,13:00254B58,13:00254B68,13:00254B78,13:00254BC8,13:00254BD8,13:00254BE8,13:00254BF8,13:00254C08,13:00254EC0,13:00254FB0,13:00254FC0,13:00254FD0,13:00254FE0,13:00254FF0,13:00259E98,14:002507A8,14:002507B8,14:002507C8,14:00250990,14:002509A0,14:002509B0,14:002509C0,14:002509D0,14:00251438,14:00251448,14:00251458,14:00251468,14:00251478,14:00251488,14:002514D8,14:002514E8,14:002514F8,14:00251508,14:00251518,14:002517D0,14:002518C0,14:002518D0,14:002518E0,14:002518F0,14:00251900,14:00256710,15:00238218,15:00238228,15:00238238,15:00238400,15:00238410,15:00238420,15:00238430,15:00238440,15:00238EA8,15:00238EB8,15:00238EC8,15:00238ED8,15:00238EE8,15:00238EF8,15:00238F48,15:00238F58,15:00238F68,15:00238F78,15:00238F88,15:00239240,15:00239330,15:00239340,15:00239350,15:00239360,15:00239370,15:0023D810,16:002442F0,16:00244300,16:00244310,16:002444D8,16:002444E8,16:002444F8,16:00244508,16:00244518,16:00244F80,16:00244F90,16:00244FA0,16:00244FB0,16:00244FC0,16:00244FD0,16:00245020,16:00245030,16:00245040,16:00245050,16:00245060,16:00245318,16:00245408,16:00245418,16:00245428,16:00245438,16:00245448,16:002498E8,17:00243310,17:00243320,17:00243330,17:002434F8,17:00243508,17:00243518,17:00243528,17:00243538,17:00243FA0,17:00243FB0,17:00243FC0,17:00243FD0,17:00243FE0,17:00243FF0,17:00244040,17:00244050,17:00244060,17:00244070,17:00244080,17:00244338,17:00244428,17:00244438,17:00244448,17:00244458,17:00244468,17:00248908,18:0024AF00,18:0024AF10,18:0024AF20,18:0024B0E8,18:0024B0F8,18:0024B108,18:0024B118,18:0024B128,18:0024BB90,18:0024BBA0,18:0024BBB0,18:0024BBC0,18:0024BBD0,18:0024BBE0,18:0024BC30,18:0024BC40,18:0024BC50,18:0024BC60,18:0024BC70,18:0024BF28,18:0024C018,18:0024C028,18:0024C038,18:0024C048,18:0024C058,18:002504F8	ui/menus/fun_002069a0
FUN_002069d0	exe	184	746e4504c85d600e	19	00:00248C48,01:0025CC60,02:0024A798,03:00236F20,04:0023B638,05:00271C10,06:00257908,07:002703D0,08:00252838,09:00267D38,10:0023B6C0,11:0026DFF8,12:00260E38,13:00253EC8,14:002507D8,15:00238248,16:00244320,17:00243340,18:0024AF30	ui/menus/fun_002069d0
FUN_L00_00248d08	shared	48	8f6a613bb0755f69	19	00:00248D08,01:0025CD20,02:0024A858,03:00236FE0,04:0023B6F8,05:00271CD0,06:002579C8,07:00270490,08:002528F8,09:00267DF8,10:0023B780,11:0026E0B8,12:00260EF8,13:00253F88,14:00250898,15:00238308,16:002443E0,17:00243400,18:0024AFF0	
FUN_L00_00248d38	shared	76	252754c4d7d2be5b	19	00:00248D38,01:0025CD50,02:0024A888,03:00237010,04:0023B728,05:00271D00,06:002579F8,07:002704C0,08:00252928,09:00267E28,10:0023B7B0,11:0026E0E8,12:00260F28,13:00253FB8,14:002508C8,15:00238338,16:00244410,17:00243430,18:0024B020	
FUN_L00_00248d88	shared	64	726ddaca9cbef1d0	19	00:00248D88,01:0025CDA0,02:0024A8D8,03:00237060,04:0023B778,05:00271D50,06:00257A48,07:00270510,08:00252978,09:00267E78,10:0023B800,11:0026E138,12:00260F78,13:00254008,14:00250918,15:00238388,16:00244460,17:00243480,18:0024B070	
FUN_L00_00248dc8	shared	40	00ddb922db44d475	19	00:00248DC8,01:0025CDE0,02:0024A918,03:002370A0,04:0023B7B8,05:00271D90,06:00257A88,07:00270550,08:002529B8,09:00267EB8,10:0023B840,11:0026E178,12:00260FB8,13:00254048,14:00250958,15:002383C8,16:002444A0,17:002434C0,18:0024B0B0	
FUN_00206b78	exe	12	43610fde0f8d671e	19	00:00248DF0,01:0025CE08,02:0024A940,03:002370C8,04:0023B7E0,05:00271DB8,06:00257AB0,07:00270578,08:002529E0,09:00267EE0,10:0023B868,11:0026E1A0,12:00260FE0,13:00254070,14:00250980,15:002383F0,16:002444C8,17:002434E8,18:0024B0D8	ui/menus/fun_00206b78
FUN_00206bd8	exe	572	1a7fef068afefc9a	19	00:00248E50,01:0025CE68,02:0024A9A0,03:00237128,04:0023B840,05:00271E18,06:00257B10,07:002705D8,08:00252A40,09:00267F40,10:0023B8C8,11:0026E200,12:00261040,13:002540D0,14:002509E0,15:00238450,16:00244528,17:00243548,18:0024B138	assembly/textbin/fun_00206bd8
FUN_00206e18	exe	312	32cd7b4ea04e46d5	19	00:00249090,01:0025D0A8,02:0024ABE0,03:00237368,04:0023BA80,05:00272058,06:00257D50,07:00270818,08:00252C80,09:00268180,10:0023BB08,11:0026E440,12:00261280,13:00254310,14:00250C20,15:00238690,16:00244768,17:00243788,18:0024B378	ui/menus/fun_00206e18
FUN_00206f50	exe	428	3b9088e237ef2bc6	19	00:002491C8,01:0025D1E0,02:0024AD18,03:002374A0,04:0023BBB8,05:00272190,06:00257E88,07:00270950,08:00252DB8,09:002682B8,10:0023BC40,11:0026E578,12:002613B8,13:00254448,14:00250D58,15:002387C8,16:002448A0,17:002438C0,18:0024B4B0	ui/menus/fun_00206f50
FUN_00207100	exe	192	f1fe0901aee8edad	19	00:00249378,01:0025D390,02:0024AEC8,03:00237650,04:0023BD68,05:00272340,06:00258038,07:00270B00,08:00252F68,09:00268468,10:0023BDF0,11:0026E728,12:00261568,13:002545F8,14:00250F08,15:00238978,16:00244A50,17:00243A70,18:0024B660	ui/menus/fun_00207100
FUN_002071c0	exe	144	245f7a469690cf7e	19	00:00249438,01:0025D450,02:0024AF88,03:00237710,04:0023BE28,05:00272400,06:002580F8,07:00270BC0,08:00253028,09:00268528,10:0023BEB0,11:0026E7E8,12:00261628,13:002546B8,14:00250FC8,15:00238A38,16:00244B10,17:00243B30,18:0024B720	ui/menus/fun_002071c0
FUN_00207250	exe	168	d55dca7fde6abda2	19	00:002494C8,01:0025D4E0,02:0024B018,03:002377A0,04:0023BEB8,05:00272490,06:00258188,07:00270C50,08:002530B8,09:002685B8,10:0023BF40,11:0026E878,12:002616B8,13:00254748,14:00251058,15:00238AC8,16:00244BA0,17:00243BC0,18:0024B7B0	ui/menus/fun_00207250
FUN_00207300	exe	180	54f31d06fb0e8be0	19	00:00249578,01:0025D590,02:0024B0C8,03:00237850,04:0023BF68,05:00272540,06:00258238,07:00270D00,08:00253168,09:00268668,10:0023BFF0,11:0026E928,12:00261768,13:002547F8,14:00251108,15:00238B78,16:00244C50,17:00243C70,18:0024B860	ui/menus/fun_00207300
FUN_002073b8	exe	196	2a9e6778088360c6	19	00:00249630,01:0025D648,02:0024B180,03:00237908,04:0023C020,05:002725F8,06:002582F0,07:00270DB8,08:00253220,09:00268720,10:0023C0A8,11:0026E9E0,12:00261820,13:002548B0,14:002511C0,15:00238C30,16:00244D08,17:00243D28,18:0024B918	ui/menus/fun_002073b8
FUN_00207480	exe	44	3ebcb4310ad994bc	19	00:002496F8,01:0025D710,02:0024B248,03:002379D0,04:0023C0E8,05:002726C0,06:002583B8,07:00270E80,08:002532E8,09:002687E8,10:0023C170,11:0026EAA8,12:002618E8,13:00254978,14:00251288,15:00238CF8,16:00244DD0,17:00243DF0,18:0024B9E0	ui/menus/fun_00207480
FUN_L00_00249728	shared	48	45fad9843393089c	19	00:00249728,01:0025D740,02:0024B278,03:00237A00,04:0023C118,05:002726F0,06:002583E8,07:00270EB0,08:00253318,09:00268818,10:0023C1A0,11:0026EAD8,12:00261918,13:002549A8,14:002512B8,15:00238D28,16:00244E00,17:00243E20,18:0024BA10	
FUN_L00_00249758	shared	40	9d70bc40362c9361	19	00:00249758,01:0025D770,02:0024B2A8,03:00237A30,04:0023C148,05:00272720,06:00258418,07:00270EE0,08:00253348,09:00268848,10:0023C1D0,11:0026EB08,12:00261948,13:002549D8,14:002512E8,15:00238D58,16:00244E30,17:00243E50,18:0024BA40	
FUN_00207508	exe	112	799dbc39f885e40b	19	00:00249780,00:002497F8,01:0025D798,01:0025D810,02:0024B2D0,02:0024B348,03:00237A58,03:00237AD0,04:0023C170,04:0023C1E8,05:00272748,05:002727C0,06:00258440,06:002584B8,07:00270F08,07:00270F80,08:00253370,08:002533E8,09:00268870,09:002688E8,10:0023C1F8,10:0023C270,11:0026EB30,11:0026EBA8,12:00261970,12:002619E8,13:00254A00,13:00254A78,14:00251310,14:00251388,15:00238D80,15:00238DF8,16:00244E58,16:00244ED0,17:00243E78,17:00243EF0,18:0024BA68,18:0024BAE0	ui/menus/fun_00207508
FUN_002075f8	exe	48	a20743230d200b01	19	00:00249870,01:0025D888,02:0024B3C0,03:00237B48,04:0023C260,05:00272838,06:00258530,07:00270FF8,08:00253460,09:00268960,10:0023C2E8,11:0026EC20,12:00261A60,13:00254AF0,14:00251400,15:00238E70,16:00244F48,17:00243F68,18:0024BB58	ui/menus/fun_002075f8
FUN_00207690	exe	60	42c5d9739894e584	19	00:00249908,01:0025D920,02:0024B458,03:00237BE0,04:0023C2F8,05:002728D0,06:002585C8,07:00271090,08:002534F8,09:002689F8,10:0023C380,11:0026ECB8,12:00261AF8,13:00254B88,14:00251498,15:00238F08,16:00244FE0,17:00244000,18:0024BBF0	ui/menus/fun_00207690
FUN_L00_00249998	shared	84	c5ef15519990d553	19	00:00249998,01:0025D9B0,02:0024B4E8,03:00237C70,04:0023C388,05:00272960,06:00258658,07:00271120,08:00253588,09:00268A88,10:0023C410,11:0026ED48,12:00261B88,13:00254C18,14:00251528,15:00238F98,16:00245070,17:00244090,18:0024BC80	
FUN_L00_002499ec	shared	40	ef69f555c322da24	19	00:002499EC,01:0025DA04,02:0024B53C,03:00237CC4,04:0023C3DC,05:002729B4,06:002586AC,07:00271174,08:002535DC,09:00268ADC,10:0023C464,11:0026ED9C,12:00261BDC,13:00254C6C,14:0025157C,15:00238FEC,16:002450C4,17:002440E4,18:0024BCD4	
FUN_L00_00249a18	shared	48	217270a12748c07b	19	00:00249A18,01:0025DA30,02:0024B568,03:00237CF0,04:0023C408,05:002729E0,06:002586D8,07:002711A0,08:00253608,09:00268B08,10:0023C490,11:0026EDC8,12:00261C08,13:00254C98,14:002515A8,15:00239018,16:002450F0,17:00244110,18:0024BD00	
FUN_L00_00249a48	shared	48	57c72fdb9edceb5b	19	00:00249A48,01:0025DA60,02:0024B598,03:00237D20,04:0023C438,05:00272A10,06:00258708,07:002711D0,08:00253638,09:00268B38,10:0023C4C0,11:0026EDF8,12:00261C38,13:00254CC8,14:002515D8,15:00239048,16:00245120,17:00244140,18:0024BD30	
FUN_00207800	exe	120	13aef1e7067ab503	19	00:00249A78,01:0025DA90,02:0024B5C8,03:00237D50,04:0023C468,05:00272A40,06:00258738,07:00271200,08:00253668,09:00268B68,10:0023C4F0,11:0026EE28,12:00261C68,13:00254CF8,14:00251608,15:00239078,16:00245150,17:00244170,18:0024BD60	ui/menus/fun_00207800
FUN_L00_00249af8	shared	96	da03940c364b1cec	19	00:00249AF8,01:0025DB10,02:0024B648,03:00237DD0,04:0023C4E8,05:00272AC0,06:002587B8,07:00271280,08:002536E8,09:00268BE8,10:0023C570,11:0026EEA8,12:00261CE8,13:00254D78,14:00251688,15:002390F8,16:002451D0,17:002441F0,18:0024BDE0	
FUN_L00_00249b58	shared	76	2bb1fe11be9bdda1	19	00:00249B58,01:0025DB70,02:0024B6A8,03:00237E30,04:0023C548,05:00272B20,06:00258818,07:002712E0,08:00253748,09:00268C48,10:0023C5D0,11:0026EF08,12:00261D48,13:00254DD8,14:002516E8,15:00239158,16:00245230,17:00244250,18:0024BE40	
FUN_00207930	exe	148	f337030f86ce08d5	19	00:00249BA8,01:0025DBC0,02:0024B6F8,03:00237E80,04:0023C598,05:00272B70,06:00258868,07:00271330,08:00253798,09:00268C98,10:0023C620,11:0026EF58,12:00261D98,13:00254E28,14:00251738,15:002391A8,16:00245280,17:002442A0,18:0024BE90	ui/menus/fun_00207930
FUN_002079d8	exe	44	d80f7fee000f43e1	19	00:00249C50,01:0025DC68,02:0024B7A0,03:00237F28,04:0023C640,05:00272C18,06:00258910,07:002713D8,08:00253840,09:00268D40,10:0023C6C8,11:0026F000,12:00261E40,13:00254ED0,14:002517E0,15:00239250,16:00245328,17:00244348,18:0024BF38	ui/menus/fun_002079d8
FUN_00207a08	exe	8	a4a8cdc2599d57d4	19	00:00249C80,00:00249C88,00:002EF3C8,01:0025DC98,01:0025DCA0,01:0031B900,02:0024B7D0,02:0024B7D8,02:002FE028,03:00237F58,03:00237F60,03:002EF138,04:0023C670,04:0023C678,04:002F3160,05:00272C48,05:00272C50,05:0032D450,06:00258940,06:00258948,06:00318090,07:00271408,07:00271410,07:0032B078,08:00253870,08:00253878,08:00318A08,09:00268D70,09:00268D78,09:00317488,10:0023C6F8,10:0023C700,10:002F8658,11:0026F030,11:0026F038,11:0032A640,12:00261E70,12:00261E78,12:00318408,13:00254F00,13:00254F08,13:00319DA0,14:00251810,14:00251818,14:003188F0,15:00239280,15:00239288,15:002FAAE0,16:00245358,16:00245360,16:002F7578,17:00244378,17:00244380,17:003025C0,18:0024BF68,18:0024BF70,18:003087B8	ui/menus/fun_00207a08
FUN_00207a18	exe	156	41804540e40008e1	19	00:00249C90,01:0025DCA8,02:0024B7E0,03:00237F68,04:0023C680,05:00272C58,06:00258950,07:00271418,08:00253880,09:00268D80,10:0023C708,11:0026F040,12:00261E80,13:00254F10,14:00251820,15:00239290,16:00245368,17:00244388,18:0024BF78	ui/menus/fun_00207a18
FUN_L00_00249d80	shared	288	2098339cbf09a68c	19	00:00249D80,01:0025DD98,02:0024B8D0,03:00238058,04:0023C770,05:00272D48,06:00258A40,07:00271508,08:00253970,09:00268E70,10:0023C7F8,11:0026F130,12:00261F70,13:00255000,14:00251910,15:00239380,16:00245458,17:00244478,18:0024C068	
FUN_00207b08	exe	168	21e4c3573548b660	19	00:00249EA0,01:0025DEB8,02:0024B9F0,03:00238178,04:0023C890,05:00272E68,06:00258B60,07:00271628,08:00253A90,09:00268F90,10:0023C918,11:0026F250,12:00262090,13:00255120,14:00251A30,15:002394A0,16:00245578,17:00244598,18:0024C188	ui/menus/fun_00207b08
FUN_00207bb0	exe	120	0a0581c830abdd3e	19	00:00249F48,01:0025DF60,02:0024BA98,03:00238220,04:0023C938,05:00272F10,06:00258C08,07:002716D0,08:00253B38,09:00269038,10:0023C9C0,11:0026F2F8,12:00262138,13:002551C8,14:00251AD8,15:00239548,16:00245620,17:00244640,18:0024C230	ui/menus/fun_00207bb0
FUN_00207c28	exe	560	3eebf7e86f1b14e4	19	00:00249FC0,01:0025DFD8,02:0024BB10,03:00238298,04:0023C9B0,05:00272F88,06:00258C80,07:00271748,08:00253BB0,09:002690B0,10:0023CA38,11:0026F370,12:002621B0,13:00255240,14:00251B50,15:002395C0,16:00245698,17:002446B8,18:0024C2A8	assembly/textbin/fun_00207c28
FUN_00207e58	exe	464	b460ed3e5a445787	19	00:0024A1F0,01:0025E208,02:0024BD40,03:002384C8,04:0023CBE0,05:002731B8,06:00258EB0,07:00271978,08:00253DE0,09:002692E0,10:0023CC68,11:0026F5A0,12:002623E0,13:00255470,14:00251D80,15:002397F0,16:002458C8,17:002448E8,18:0024C4D8	ui/menus/fun_00207e58
FUN_00208030	exe	592	166c282cb6977c44	19	00:0024A3C8,01:0025E3E0,02:0024BF18,03:002386A0,04:0023CDB8,05:00273390,06:00259088,07:00271B50,08:00253FB8,09:002694B8,10:0023CE40,11:0026F778,12:002625B8,13:00255648,14:00251F58,15:002399C8,16:00245AA0,17:00244AC0,18:0024C6B0	ui/menus/fun_00208030
FUN_00208280	exe	380	dafaa13b419d13bb	19	00:0024A618,01:0025E630,02:0024C168,03:002388F0,04:0023D008,05:002735E0,06:002592D8,07:00271DA0,08:00254208,09:00269708,10:0023D090,11:0026F9C8,12:00262808,13:00255898,14:002521A8,15:00239C18,16:00245CF0,17:00244D10,18:0024C900	ui/menus/format_menu_item_text
FUN_L00_0024a798	shared	76	7f06549a4ec87447	19	00:0024A798,01:0025E7B0,02:0024C2E8,03:00238A70,04:0023D188,05:00273760,06:00259458,07:00271F20,08:00254388,09:00269888,10:0023D210,11:0026FB48,12:00262988,13:00255A18,14:00252328,15:00239D98,16:00245E70,17:00244E90,18:0024CA80	
FUN_00208408	exe	248	05757308029552fc	19	00:0024A7E8,01:0025E800,02:0024C338,03:00238AC0,04:0023D1D8,05:002737B0,06:002594A8,07:00271F70,08:002543D8,09:002698D8,10:0023D260,11:0026FB98,12:002629D8,13:00255A68,14:00252378,15:00239DE8,16:00245EC0,17:00244EE0,18:0024CAD0	ui/menus/world_to_map_coords
FUN_00208508	exe	616	aa113e06d0dd9d6e	19	00:0024A8E8,01:0025E900,02:0024C438,03:00238BC0,04:0023D2D8,05:002738B0,06:002595A8,07:00272070,08:002544D8,09:002699D8,10:0023D360,11:0026FC98,12:00262AD8,13:00255B68,14:00252478,15:00239EE8,16:00245FC0,17:00244FE0,18:0024CBD0	assembly/textbin/fun_00208508
FUN_00208770	exe	152	d10e13feb6620bfa	19	00:0024AB50,01:0025EB68,02:0024C6A0,03:00238E28,04:0023D540,05:00273B18,06:00259810,07:002722D8,08:00254740,09:00269C40,10:0023D5C8,11:0026FF00,12:00262D40,13:00255DD0,14:002526E0,15:0023A150,16:00246228,17:00245248,18:0024CE38	ui/menus/fun_00208770
FUN_00208818	exe	36	09ad5d4117660907	19	00:0024ABF8,01:0025EC10,02:0024C748,03:00238ED0,04:0023D5E8,05:00273BC0,06:002598B8,07:00272380,08:002547E8,09:00269CE8,10:0023D670,11:0026FFA8,12:00262DE8,13:00255E78,14:00252788,15:0023A1F8,16:002462D0,17:002452F0,18:0024CEE0	math/geometry/compute_cross_product_sign
FUN_00208840	exe	100	2b5ab59a0578d06f	19	00:0024AC20,01:0025EC38,02:0024C770,03:00238EF8,04:0023D610,05:00273BE8,06:002598E0,07:002723A8,08:00254810,09:00269D10,10:0023D698,11:0026FFD0,12:00262E10,13:00255EA0,14:002527B0,15:0023A220,16:002462F8,17:00245318,18:0024CF08	ui/menus/save_data/run_state_handler
FUN_002088a8	exe	36	05b246109eb74f75	19	00:0024AC88,01:0025ECA0,02:0024C7D8,03:00238F60,04:0023D678,05:00273C50,06:00259948,07:00272410,08:00254878,09:00269D78,10:0023D700,11:00270038,12:00262E78,13:00255F08,14:00252818,15:0023A288,16:00246360,17:00245380,18:0024CF70	ui/menus/fun_002088a8
FUN_002088d0	exe	172	0f8968726bd62e63	19	00:0024ACB0,01:0025ECC8,02:0024C800,03:00238F88,04:0023D6A0,05:00273C78,06:00259970,07:00272438,08:002548A0,09:00269DA0,10:0023D728,11:00270060,12:00262EA0,13:00255F30,14:00252840,15:0023A2B0,16:00246388,17:002453A8,18:0024CF98	ui/menus/fun_002088d0
FUN_00208980	exe	36	2db07f1667920b7f	19	00:0024AD60,01:0025ED78,02:0024C8B0,03:00239038,04:0023D750,05:00273D28,06:00259A20,07:002724E8,08:00254950,09:00269E50,10:0023D7D8,11:00270110,12:00262F50,13:00255FE0,14:002528F0,15:0023A360,16:00246438,17:00245458,18:0024D048	ui/menus/fun_00208980
FUN_002089a8	exe	36	dc3e7e5c293a843c	19	00:0024AD88,01:0025EDA0,02:0024C8D8,03:00239060,04:0023D778,05:00273D50,06:00259A48,07:00272510,08:00254978,09:00269E78,10:0023D800,11:00270138,12:00262F78,13:00256008,14:00252918,15:0023A388,16:00246460,17:00245480,18:0024D070	ui/menus/fun_002089a8
FUN_L00_0024adb0	shared	100	2bb2866725ceb67b	19	00:0024ADB0,01:0025EDC8,02:0024C900,03:00239088,04:0023D7A0,05:00273D78,06:00259A70,07:00272538,08:002549A0,09:00269EA0,10:0023D828,11:00270160,12:00262FA0,13:00256030,14:00252940,15:0023A3B0,16:00246488,17:002454A8,18:0024D098	
FUN_L00_0024ae18	shared	60	58fb0ca97a155e8a	19	00:0024AE18,01:0025EE30,02:0024C968,03:002390F0,04:0023D808,05:00273DE0,06:00259AD8,07:002725A0,08:00254A08,09:00269F08,10:0023D890,11:002701C8,12:00263008,13:00256098,14:002529A8,15:0023A418,16:002464F0,17:00245510,18:0024D100	
FUN_L00_0024ae58	shared	124	1659106a68450575	19	00:0024AE58,01:0025EE70,02:0024C9A8,03:00239130,04:0023D848,05:00273E20,06:00259B18,07:002725E0,08:00254A48,09:00269F48,10:0023D8D0,11:00270208,12:00263048,13:002560D8,14:002529E8,15:0023A458,16:00246530,17:00245550,18:0024D140	
FUN_00208af8	exe	44	405b0aade6a0bcbc	19	00:0024AED8,01:0025EEF0,02:0024CA28,03:002391B0,04:0023D8C8,05:00273EA0,06:00259B98,07:00272660,08:00254AC8,09:00269FC8,10:0023D950,11:00270288,12:002630C8,13:00256158,14:00252A68,15:0023A4D8,16:002465B0,17:002455D0,18:0024D1C0	ui/menus/fun_00208af8
FUN_00208b28	exe	92	56fcc5d71af98ef4	19	00:0024AF08,01:0025EF20,02:0024CA58,03:002391E0,04:0023D8F8,05:00273ED0,06:00259BC8,07:00272690,08:00254AF8,09:00269FF8,10:0023D980,11:002702B8,12:002630F8,13:00256188,14:00252A98,15:0023A508,16:002465E0,17:00245600,18:0024D1F0	ui/menus/fun_00208b28
FUN_00208b88	exe	52	fd19aba7e1e82e0a	19	00:0024AF68,01:0025EF80,02:0024CAB8,03:00239240,04:0023D958,05:00273F30,06:00259C28,07:002726F0,08:00254B58,09:0026A058,10:0023D9E0,11:00270318,12:00263158,13:002561E8,14:00252AF8,15:0023A568,16:00246640,17:00245660,18:0024D250	ui/menus/fun_00208b88
FUN_00208bc0	exe	60	2dc5e94bb7324b22	19	00:0024AFA0,00:0024B100,01:0025EFB8,01:0025F118,02:0024CAF0,02:0024CC50,03:00239278,03:002393D8,04:0023D990,04:0023DAF0,05:00273F68,05:002740C8,06:00259C60,06:00259DC0,07:00272728,07:00272888,08:00254B90,08:00254CF0,09:0026A090,09:0026A1F0,10:0023DA18,10:0023DB78,11:00270350,11:002704B0,12:00263190,12:002632F0,13:00256220,13:00256380,14:00252B30,14:00252C90,15:0023A5A0,15:0023A700,16:00246678,16:002467D8,17:00245698,17:002457F8,18:0024D288,18:0024D3E8	ui/menus/fun_00208bc0
FUN_L00_0024afe0	shared	108	c0dce9ac37dda47b	19	00:0024AFE0,01:0025EFF8,02:0024CB30,03:002392B8,04:0023D9D0,05:00273FA8,06:00259CA0,07:00272768,08:00254BD0,09:0026A0D0,10:0023DA58,11:00270390,12:002631D0,13:00256260,14:00252B70,15:0023A5E0,16:002466B8,17:002456D8,18:0024D2C8	
FUN_L00_0024b050	shared	56	084566adf2869569	19	00:0024B050,01:0025F068,02:0024CBA0,03:00239328,04:0023DA40,05:00274018,06:00259D10,07:002727D8,08:00254C40,09:0026A140,10:0023DAC8,11:00270400,12:00263240,13:002562D0,14:00252BE0,15:0023A650,16:00246728,17:00245748,18:0024D338	
FUN_00208ca8	exe	116	9b92118d1dc276d6	19	00:0024B088,01:0025F0A0,02:0024CBD8,03:00239360,04:0023DA78,05:00274050,06:00259D48,07:00272810,08:00254C78,09:0026A178,10:0023DB00,11:00270438,12:00263278,13:00256308,14:00252C18,15:0023A688,16:00246760,17:00245780,18:0024D370	ui/menus/fun_00208ca8
FUN_00208d60	exe	112	c98573d90b132405	19	00:0024B140,01:0025F158,02:0024CC90,03:00239418,04:0023DB30,05:00274108,06:00259E00,07:002728C8,08:00254D30,09:0026A230,10:0023DBB8,11:002704F0,12:00263330,13:002563C0,14:00252CD0,15:0023A740,16:00246818,17:00245838,18:0024D428	ui/menus/fun_00208d60
FUN_L00_0024b1b8	shared	140	eeffe732daa57a9a	19	00:0024B1B8,01:0025F1D0,02:0024CD08,03:00239490,04:0023DBA8,05:00274180,06:00259E78,07:00272940,08:00254DA8,09:0026A2A8,10:0023DC30,11:00270568,12:002633A8,13:00256438,14:00252D48,15:0023A7B8,16:00246890,17:002458B0,18:0024D4A0	
FUN_00208e68	exe	32	5258d48bdc0a1f07	19	00:0024B248,00:0024B270,00:0024B2B8,00:0024B2E0,01:0025F260,01:0025F288,01:0025F2D0,01:0025F2F8,02:0024CD98,02:0024CDC0,02:0024CE08,02:0024CE30,03:00239520,03:00239548,03:00239590,03:002395B8,04:0023DC38,04:0023DC60,04:0023DCA8,04:0023DCD0,05:00274210,05:00274238,05:00274280,05:002742A8,06:00259F08,06:00259F30,06:00259F78,06:00259FA0,07:002729D0,07:002729F8,07:00272A40,07:00272A68,08:00254E38,08:00254E60,08:00254EA8,08:00254ED0,09:0026A338,09:0026A360,09:0026A3A8,09:0026A3D0,10:0023DCC0,10:0023DCE8,10:0023DD30,10:0023DD58,11:002705F8,11:00270620,11:00270668,11:00270690,12:00263438,12:00263460,12:002634A8,12:002634D0,13:002564C8,13:002564F0,13:00256538,13:00256560,14:00252DD8,14:00252E00,14:00252E48,14:00252E70,15:0023A848,15:0023A870,15:0023A8B8,15:0023A8E0,16:00246920,16:00246948,16:00246990,16:002469B8,17:00245940,17:00245968,17:002459B0,17:002459D8,18:0024D530,18:0024D558,18:0024D5A0,18:0024D5C8	ui/menus/fun_00208e68
FUN_00208eb8	exe	28	f904d44c5b80248d	19	00:0024B298,01:0025F2B0,02:0024CDE8,03:00239570,04:0023DC88,05:00274260,06:00259F58,07:00272A20,08:00254E88,09:0026A388,10:0023DD10,11:00270648,12:00263488,13:00256518,14:00252E28,15:0023A898,16:00246970,17:00245990,18:0024D580	ui/menus/fun_00208eb8
FUN_00208f28	exe	120	06b01a6fff8b59bc	19	00:0024B308,01:0025F320,02:0024CE58,03:002395E0,04:0023DCF8,05:002742D0,06:00259FC8,07:00272A90,08:00254EF8,09:0026A3F8,10:0023DD80,11:002706B8,12:002634F8,13:00256588,14:00252E98,15:0023A908,16:002469E0,17:00245A00,18:0024D5F0	ui/menus/fun_00208f28
FUN_L00_0024b380	shared	72	76e31b369f79127b	19	00:0024B380,01:0025F398,02:0024CED0,03:00239658,04:0023DD70,05:00274348,06:0025A040,07:00272B08,08:00254F70,09:0026A470,10:0023DDF8,11:00270730,12:00263570,13:00256600,14:00252F10,15:0023A980,16:00246A58,17:00245A78,18:0024D668	
FUN_00208fe8	exe	64	2621b6885b45f860	19	00:0024B3C8,01:0025F3E0,02:0024CF18,03:002396A0,04:0023DDB8,05:00274390,06:0025A088,07:00272B50,08:00254FB8,09:0026A4B8,10:0023DE40,11:00270778,12:002635B8,13:00256648,14:00252F58,15:0023A9C8,16:00246AA0,17:00245AC0,18:0024D6B0	ui/menus/fun_00208fe8
FUN_00209030	exe	308	9a06570f4c022de7	19	00:0024B410,01:0025F428,02:0024CF60,03:002396E8,04:0023DE00,05:002743D8,06:0025A0D0,07:00272B98,08:00255000,09:0026A500,10:0023DE88,11:002707C0,12:00263600,13:00256690,14:00252FA0,15:0023AA10,16:00246AE8,17:00245B08,18:0024D6F8	storage/memory_card/memcard_get_name
FUN_00209298	exe	212	cd1dd5625ea50818	19	00:0024B550,01:0025F568,02:0024D0A0,03:00239828,04:0023DF40,05:00274518,06:0025A210,07:00272CD8,08:00255140,09:0026A640,10:0023DFC8,11:00270900,12:00263740,13:002567D0,14:002530E0,15:0023AB50,16:00246C28,17:00245C48,18:0024D838	world/streaming/initialize_dma_packet_payloads
FUN_00209370	exe	104	8f226f0e357d9f2a	19	00:0024B628,01:0025F640,02:0024D178,03:00239900,04:0023E018,05:002745F0,06:0025A2E8,07:00272DB0,08:00255218,09:0026A718,10:0023E0A0,11:002709D8,12:00263818,13:002568A8,14:002531B8,15:0023AC28,16:00246D00,17:00245D20,18:0024D910	world/streaming/load_and_initialize_level_chunk
FUN_002093d8	exe	6100	f48cd97b32baa6b4	19	00:0024B690,01:0025F6A8,02:0024D1E0,03:00239968,04:0023E080,05:00274658,06:0025A350,07:00272E18,08:00255280,09:0026A780,10:0023E108,11:00270A40,12:00263880,13:00256910,14:00253220,15:0023AC90,16:00246D68,17:00245D88,18:0024D978	storage/memory_card/memcard_update_state
FUN_0020abb0	exe	168	05391b4d11f8654b	19	00:0024CE68,01:00260E80,02:0024E9B8,03:0023B140,04:0023F858,05:00275E30,06:0025BB28,07:002745F0,08:00256A58,09:0026BF58,10:0023F8E0,11:00272218,12:00265058,13:002580E8,14:002549F8,15:0023C468,16:00248540,17:00247560,18:0024F150	storage/memory_card/memcard_make_whole_save
FUN_0020ac58	exe	48	b33ade7e0ff99f01	19	00:0024CF10,01:00260F28,02:0024EA60,03:0023B1E8,04:0023F900,05:00275ED8,06:0025BBD0,07:00274698,08:00256B00,09:0026C000,10:0023F988,11:002722C0,12:00265100,13:00258190,14:00254AA0,15:0023C510,16:002485E8,17:00247608,18:0024F1F8	storage/memory_card/memcard_initialize
FUN_0020ac88	exe	56	fddcda134789c708	19	00:0024CF40,01:00260F58,02:0024EA90,03:0023B218,04:0023F930,05:00275F08,06:0025BC00,07:002746C8,08:00256B30,09:0026C030,10:0023F9B8,11:002722F0,12:00265130,13:002581C0,14:00254AD0,15:0023C540,16:00248618,17:00247638,18:0024F228	storage/memory_card/memcard_get_data_size
FUN_0020acc0	exe	116	f2924b31012b91cc	19	00:0024CF78,01:00260F90,02:0024EAC8,03:0023B250,04:0023F968,05:00275F40,06:0025BC38,07:00274700,08:00256B68,09:0026C068,10:0023F9F0,11:00272328,12:00265168,13:002581F8,14:00254B08,15:0023C578,16:00248650,17:00247670,18:0024F260	storage/memory_card/data/calculate_crc16
FUN_0020ad38	exe	60	656a57f3485352cf	19	00:0024CFF0,01:00261008,02:0024EB40,03:0023B2C8,04:0023F9E0,05:00275FB8,06:0025BCB0,07:00274778,08:00256BE0,09:0026C0E0,10:0023FA68,11:002723A0,12:002651E0,13:00258270,14:00254B80,15:0023C5F0,16:002486C8,17:002476E8,18:0024F2D8	storage/memory_card/data/validate_data_crc
FUN_0020ad78	exe	232	e4f634bf09d10455	19	00:0024D030,01:00261048,02:0024EB80,03:0023B308,04:0023FA20,05:00275FF8,06:0025BCF0,07:002747B8,08:00256C20,09:0026C120,10:0023FAA8,11:002723E0,12:00265220,13:002582B0,14:00254BC0,15:0023C630,16:00248708,17:00247728,18:0024F318	storage/memory_card/data/memcard_prepare_data
FUN_0020ae60	exe	188	210a1dea3b809993	19	00:0024D118,01:00261130,02:0024EC68,03:0023B3F0,04:0023FB08,05:002760E0,06:0025BDD8,07:002748A0,08:00256D08,09:0026C208,10:0023FB90,11:002724C8,12:00265308,13:00258398,14:00254CA8,15:0023C718,16:002487F0,17:00247810,18:0024F400	storage/memory_card/data/memcard_restore_info
FUN_0020af20	exe	596	887843520baf76da	19	00:0024D1D8,01:002611F0,02:0024ED28,03:0023B4B0,04:0023FBC8,05:002761A0,06:0025BE98,07:00274960,08:00256DC8,09:0026C2C8,10:0023FC50,11:00272588,12:002653C8,13:00258458,14:00254D68,15:0023C7D8,16:002488B0,17:002478D0,18:0024F4C0	assembly/textbin/storage/memory_card/data/memcard_restore_data
FUN_0020b178	exe	580	9f2c4036b3a855fb	19	00:0024D430,01:00261448,02:0024EF80,03:0023B708,04:0023FE20,05:002763F8,06:0025C0F0,07:00274BB8,08:00257020,09:0026C520,10:0023FEA8,11:002727E0,12:00265620,13:002586B0,14:00254FC0,15:0023CA30,16:00248B08,17:00247B28,18:0024F718	storage/memory_card/memcard_save_data
FUN_0020b3c0	exe	32	e7b7c71b8d03c0a1	19	00:0024D678,01:00261690,02:0024F1C8,03:0023B950,04:00240068,05:00276640,06:0025C338,07:00274E00,08:00257268,09:0026C768,10:002400F0,11:00272A28,12:00265868,13:002588F8,14:00255208,15:0023CC78,16:00248D50,17:00247D70,18:0024F960	assembly/runtime/dma/dma_to_spr
FUN_0020b3e0	exe	52	141811be3b6c8a02	19	00:0024D698,01:002616B0,02:0024F1E8,03:0023B970,04:00240088,05:00276660,06:0025C358,07:00274E20,08:00257288,09:0026C788,10:00240110,11:00272A48,12:00265888,13:00258918,14:00255228,15:0023CC98,16:00248D70,17:00247D90,18:0024F980	assembly/textbin/rendering/dma_to_spr_sync
FUN_0020b418	exe	136	0188dd17d8b691de	19	00:0024D6D0,01:002616E8,02:0024F220,03:0023B9A8,04:002400C0,05:00276698,06:0025C390,07:00274E58,08:002572C0,09:0026C7C0,10:00240148,11:00272A80,12:002658C0,13:00258950,14:00255260,15:0023CCD0,16:00248DA8,17:00247DC8,18:0024F9B8	assembly/textbin/rendering/init_dma
FUN_0020b4a8	exe	364	474fa35add06c45a	19	00:0024D760,01:00261778,02:0024F2B0,03:0023BA38,04:00240150,05:00276728,06:0025C420,07:00274EE8,08:00257350,09:0026C850,10:002401D8,11:00272B10,12:00265950,13:002589E0,14:002552F0,15:0023CD60,16:00248E38,17:00247E58,18:0024FA48	assembly/textbin/fun_0020b4a8
FUN_L00_0024d8d0	shared	720	002e05b23c7fb2be	19	00:0024D8D0,01:002618E8,02:0024F420,03:0023BBA8,04:002402C0,05:00276898,06:0025C590,07:00275058,08:002574C0,09:0026C9C0,10:00240348,11:00272C80,12:00265AC0,13:00258B50,14:00255460,15:0023CED0,16:00248FA8,17:00247FC8,18:0024FBB8	
FUN_L00_0024dba0	shared	32	ba09213f8b770435	19	00:0024DBA0,01:00261BB8,02:0024F6F0,03:0023BE78,04:00240590,05:00276B68,06:0025C860,07:00275328,08:00257790,09:0026CC90,10:00240618,11:00272F50,12:00265D90,13:00258E20,14:00255730,15:0023D1A0,16:00249278,17:00248298,18:0024FE88	
FUN_L00_0024dbc0	shared	40	280dfc33385dc440	19	00:0024DBC0,01:00261BD8,02:0024F710,03:0023BE98,04:002405B0,05:00276B88,06:0025C880,07:00275348,08:002577B0,09:0026CCB0,10:00240638,11:00272F70,12:00265DB0,13:00258E40,14:00255750,15:0023D1C0,16:00249298,17:002482B8,18:0024FEA8	
FUN_0020b950	exe	416	1b131214339d88e5	19	00:0024DC08,01:00262760,02:0024FFF0,03:0023C778,04:002405F8,05:00277E70,06:0025C8C8,07:00276630,08:00258108,09:0026D590,10:00240680,11:00273A38,12:00266948,13:00259890,14:00256108,15:0023D208,16:002492E0,17:00248300,18:0024FEF0	gameplay/missions/update_mission_list
FUN_0020baf0	exe	272	a87c53add0d26744	19	00:0024DDA8,01:00262900,02:00250190,03:0023C918,04:00240798,05:00278010,06:0025CA68,07:002767D0,08:002582A8,09:0026D730,10:00240820,11:00273BD8,12:00266AE8,13:00259A30,14:002562A8,15:0023D3A8,16:00249480,17:002484A0,18:00250090	gameplay/missions/check_mission_condition
FUN_0020bc00	exe	300	f8c260a8112bc53a	19	00:0024DEB8,01:00262A10,02:002502A0,03:0023CA28,04:002408A8,05:00278120,06:0025CB78,07:002768E0,08:002583B8,09:0026D840,10:00240930,11:00273CE8,12:00266BF8,13:00259B40,14:002563B8,15:0023D4B8,16:00249590,17:002485B0,18:002501A0	gameplay/missions/collect_mission_ids
FUN_0020bd30	exe	36	3c256573197ada44	19	00:0024DFE8,00:0024E078,00:0024E0A0,00:0024E0C8,01:00262B40,01:00262BD0,01:00262BF8,01:00262C20,02:002503D0,02:00250460,02:00250488,02:002504B0,03:0023CB58,03:0023CBE8,03:0023CC10,03:0023CC38,04:002409D8,04:00240A68,04:00240A90,04:00240AB8,05:00278250,05:002782E0,05:00278308,05:00278330,06:0025CCA8,06:0025CD38,06:0025CD60,06:0025CD88,07:00276A10,07:00276AA0,07:00276AC8,07:00276AF0,08:002584E8,08:00258578,08:002585A0,08:002585C8,09:0026D970,09:0026DA00,09:0026DA28,09:0026DA50,10:00240A60,10:00240AF0,10:00240B18,10:00240B40,11:00273E18,11:00273EA8,11:00273ED0,11:00273EF8,12:00266D28,12:00266DB8,12:00266DE0,12:00266E08,13:00259C70,13:00259D00,13:00259D28,13:00259D50,14:002564E8,14:00256578,14:002565A0,14:002565C8,15:0023D5E8,15:0023D678,15:0023D6A0,15:0023D6C8,16:002496C0,16:00249750,16:00249778,16:002497A0,17:002486E0,17:00248770,17:00248798,17:002487C0,18:002502D0,18:00250360,18:00250388,18:002503B0	gameplay/missions/fun_0020bd30
FUN_L00_0024e010	shared	12	b2c89d3e592d2431	19	00:0024E010,01:00262B68,02:002503F8,03:0023CB80,04:00240A00,05:00278278,06:0025CCD0,07:00276A38,08:00258510,09:0026D998,10:00240A88,11:00273E40,12:00266D50,13:00259C98,14:00256510,15:0023D610,16:002496E8,17:00248708,18:002502F8	
FUN_0020be38	exe	40	87cd88a272d7f9f2	19	00:0024E01C,00:0024E0F0,01:00262B74,01:00262C48,02:00250404,02:002504D8,03:0023CB8C,03:0023CC60,04:00240A0C,04:00240AE0,05:00278284,05:00278358,06:0025CCDC,06:0025CDB0,07:00276A44,07:00276B18,08:0025851C,08:002585F0,09:0026D9A4,09:0026DA78,10:00240A94,10:00240B68,11:00273E4C,11:00273F20,12:00266D5C,12:00266E30,13:00259CA4,13:00259D78,14:0025651C,14:002565F0,15:0023D61C,15:0023D6F0,16:002496F4,16:002497C8,17:00248714,17:002487E8,18:00250304,18:002503D8	gameplay/missions/fun_0020be38
FUN_0020bd90	exe	40	400f69d04b855184	19	00:0024E048,01:00262BA0,02:00250430,03:0023CBB8,04:00240A38,05:002782B0,06:0025CD08,07:00276A70,08:00258548,09:0026D9D0,10:00240AC0,11:00273E78,12:00266D88,13:00259CD0,14:00256548,15:0023D648,16:00249720,17:00248740,18:00250330	gameplay/missions/fun_0020bd90
FUN_0020be68	exe	24	5c040962afad2528	19	00:0024E120,01:00262C78,02:00250508,03:0023CC90,04:00240B10,05:00278388,06:0025CDE0,07:00276B48,08:00258620,09:0026DAA8,10:00240B98,11:00273F50,12:00266E60,13:00259DA8,14:00256620,15:0023D720,16:002497F8,17:00248818,18:00250408	gameplay/missions/fun_0020be68
FUN_0020be80	exe	80	2b618dcfa8b2e8bf	19	00:0024E138,01:00262C90,02:00250520,03:0023CCA8,04:00240B28,05:002783A0,06:0025CDF8,07:00276B60,08:00258638,09:0026DAC0,10:00240BB0,11:00273F68,12:00266E78,13:00259DC0,14:00256638,15:0023D738,16:00249810,17:00248830,18:00250420	gameplay/missions/fun_0020be80
FUN_0020bed8	exe	44	2e16dc5bc9759615	19	00:0024E190,01:00262CE8,02:00250578,03:0023CD00,04:00240B80,05:002783F8,06:0025CE50,07:00276BB8,08:00258690,09:0026DB18,10:00240C08,11:00273FC0,12:00266ED0,13:00259E18,14:00256690,15:0023D790,16:00249868,17:00248888,18:00250478	gameplay/missions/fun_0020bed8
FUN_0020bf08	exe	36	ee4207bebf2ff930	19	00:0024E1C0,01:00262D18,02:002505A8,03:0023CD30,04:00240BB0,05:00278428,06:0025CE80,07:00276BE8,08:002586C0,09:0026DB48,10:00240C38,11:00273FF0,12:00266F00,13:00259E48,14:002566C0,15:0023D7C0,16:00249898,17:002488B8,18:002504A8	gameplay/missions/fun_0020bf08
FUN_0020bf30	exe	36	4a8f4149c579c577	19	00:0024E1E8,01:00262D40,02:002505D0,03:0023CD58,04:00240BD8,05:00278450,06:0025CEA8,07:00276C10,08:002586E8,09:0026DB70,10:00240C60,11:00274018,12:00266F28,13:00259E70,14:002566E8,15:0023D7E8,16:002498C0,17:002488E0,18:002504D0	gameplay/missions/fun_0020bf30
FUN_0020bf68	exe	40	4764e3b9e43a4862	19	00:0024E220,01:00262D78,02:00250608,03:0023CD90,04:00240C10,05:00278488,06:0025CEE0,07:00276C48,08:00258720,09:0026DBA8,10:00240C98,11:00274050,12:00266F60,13:00259EA8,14:00256720,15:0023D820,16:002498F8,17:00248918,18:00250508	gameplay/missions/fun_0020bf68
FUN_0020bf90	exe	1376	a2d48b511a6ce77d	19	00:0024E248,01:00262DA0,02:00250630,03:0023CDB8,04:00240C38,05:002784B0,06:0025CF08,07:00276C70,08:00258748,09:0026DBD0,10:00240CC0,11:00274078,12:00266F88,13:00259ED0,14:00256748,15:0023D848,16:00249920,17:00248940,18:00250530	ui/map/fun_0020bf90
FUN_L00_0024e7a8	shared	140	fdeb8020280fccd3	19	00:0024E7A8,01:00263300,02:00250B90,03:0023D318,04:00241198,05:00278A10,06:0025D468,07:002771D0,08:00258CA8,09:0026E130,10:00241220,11:002745D8,12:002674E8,13:0025A430,14:00256CA8,15:0023DDA8,16:00249E80,17:00248EA0,18:00250A90	
FUN_0020c4f8	exe	248	4296f7622bee6e7c	19	00:0024E838,01:00263390,02:00250C20,03:0023D3A8,04:00241228,05:00278AA0,06:0025D4F8,07:00277260,08:00258D38,09:0026E1C0,10:002412B0,11:00274668,12:00267578,13:0025A4C0,14:00256D38,15:0023DE38,16:00249F10,17:00248F30,18:00250B20	gameplay/entities/create_moby
FUN_0020c5f0	exe	568	8e8a12f0106bbe73	19	00:0024E930,01:00263488,02:00250D18,03:0023D4A0,04:00241320,05:00278B98,06:0025D5F0,07:00277358,08:00258E30,09:0026E2B8,10:002413A8,11:00274760,12:00267670,13:0025A5B8,14:00256E30,15:0023DF30,16:0024A008,17:00249028,18:00250C18	gameplay/entities/init_moby_instance
FUN_0020c828	exe	88	45dbcd810df0d03d	19	00:0024EB68,01:002636C0,02:00250F50,03:0023D6D8,04:00241558,05:00278DD0,06:0025D828,07:00277590,08:00259068,09:0026E4F0,10:002415E0,11:00274998,12:002678A8,13:0025A7F0,14:00257068,15:0023E168,16:0024A240,17:00249260,18:00250E50	gameplay/entities/mark_moby_for_removal
FUN_0020c880	exe	188	8a609d4d59600711	19	00:0024EBC0,01:00263718,02:00250FA8,03:0023D730,04:002415B0,05:00278E28,06:0025D880,07:002775E8,08:002590C0,09:0026E548,10:00241638,11:002749F0,12:00267900,13:0025A848,14:002570C0,15:0023E1C0,16:0024A298,17:002492B8,18:00250EA8	gameplay/animation/update_moby_animation_state
FUN_0020c940	exe	152	8385b37b79048e1b	19	00:0024EC80,01:002637D8,02:00251068,03:0023D7F0,04:00241670,05:00278EE8,06:0025D940,07:002776A8,08:00259180,09:0026E608,10:002416F8,11:00274AB0,12:002679C0,13:0025A908,14:00257180,15:0023E280,16:0024A358,17:00249378,18:00250F68	gameplay/entities/update_moby_voice
FUN_L00_0024ed18	shared	168	107fc368ef6ad18a	19	00:0024ED18,01:00263870,02:00251100,03:0023D888,04:00241708,05:00278F80,06:0025D9D8,07:00277740,08:00259218,09:0026E6A0,10:00241790,11:00274B48,12:00267A58,13:0025A9A0,14:00257218,15:0023E318,16:0024A3F0,17:00249410,18:00251000	
FUN_0020c9e0	exe	244	520711a7130bd72f	19	00:0024EDC8,01:00263920,02:002511B0,03:0023D938,04:002417B8,05:00279030,06:0025DA88,07:002777F0,08:002592C8,09:0026E750,10:00241840,11:00274BF8,12:00267B08,13:0025AA50,14:002572C8,15:0023E3C8,16:0024A4A0,17:002494C0,18:002510B0	gameplay/state/compute_interpolated_record_value
FUN_L00_0024eed8	shared	216	0d377ca190759845	19	00:0024EED8,01:00263CB8,02:00251548,03:0023DA48,04:00241C10,05:00279140,06:0025DB98,07:00277900,08:002593D8,09:0026E860,10:00241950,11:00274D08,12:00267C18,13:0025AB60,14:002573D8,15:0023E540,16:0024A5B0,17:00249690,18:002511C0	
FUN_L00_0024efb0	shared	116	ec41e2f53430fd9d	19	00:0024EFB0,01:00263D90,02:00251620,03:0023DB20,04:00241CE8,05:00279218,06:0025DC70,07:002779D8,08:002594B0,09:0026E938,10:00241A28,11:00274DE0,12:00267CF0,13:0025AC38,14:002574B0,15:0023E618,16:0024A688,17:00249768,18:00251298	
FUN_L00_0024f028	shared	192	66c58f5fe654d7f9	19	00:0024F028,01:00263E08,02:00251698,03:0023DB98,04:00241D60,05:00279290,06:0025DCE8,07:00277A50,08:00259528,09:0026E9B0,10:00241AA0,11:00274E58,12:00267D68,13:0025ACB0,14:00257528,15:0023E690,16:0024A700,17:002497E0,18:00251310	
FUN_L00_0024f0e8	shared	164	ee9dcfba2f1a7543	19	00:0024F0E8,01:00263EC8,02:00251758,03:0023DC58,04:00241E20,05:00279350,06:0025DDA8,07:00277B10,08:002595E8,09:0026EA70,10:00241B60,11:00274F18,12:00267E28,13:0025AD70,14:002575E8,15:0023E750,16:0024A7C0,17:002498A0,18:002513D0	
FUN_L00_0024f190	shared	588	6f139b16174ef939	19	00:0024F190,01:00263F70,02:00251800,03:0023DD00,04:00241EC8,05:002793F8,06:0025DE50,07:00277BB8,08:00259690,09:0026EB18,10:00241C08,11:00274FC0,12:00267ED0,13:0025AE18,14:00257690,15:0023E7F8,16:0024A868,17:00249948,18:00251478	
FUN_L00_0024f3e0	shared	92	d7fb16763e29ac74	19	00:0024F3E0,01:002641C0,02:00251A50,03:0023DF50,04:00242118,05:00279648,06:0025E0A0,07:00277E08,08:002598E0,09:0026ED68,10:00241E58,11:00275210,12:00268120,13:0025B068,14:002578E0,15:0023EA48,16:0024AAB8,17:00249B98,18:002516C8	
FUN_L00_0024f440	shared	336	db69e9e682beff24	19	00:0024F440,01:00264220,02:00251AB0,03:0023DFB0,04:00242178,05:002796A8,06:0025E100,07:00277E68,08:00259940,09:0026EDC8,10:00241EB8,11:00275270,12:00268180,13:0025B0C8,14:00257940,15:0023EAA8,16:0024AB18,17:00249BF8,18:00251728	
FUN_0020cb10	exe	116	c1e9265c2a0474cb	19	00:0024F590,01:00264370,02:00251C00,03:0023E100,04:002422C8,05:002797F8,06:0025E250,07:00277FB8,08:00259A90,09:0026EF18,10:00242008,11:002753C0,12:002682D0,13:0025B218,14:00257A90,15:0023EBF8,16:0024AC68,17:00249D48,18:00251878	gameplay/entities/attach_manipulator
FUN_0020cb88	exe	144	32b0e099b778d39a	19	00:0024F608,01:002643E8,02:00251C78,03:0023E178,04:00242340,05:00279870,06:0025E2C8,07:00278030,08:00259B08,09:0026EF90,10:00242080,11:00275438,12:00268348,13:0025B290,14:00257B08,15:0023EC70,16:0024ACE0,17:00249DC0,18:002518F0	gameplay/entities/detach_manipulator
FUN_0020cc18	exe	68	36375974f29684b2	19	00:0024F698,01:00264478,02:00251D08,03:0023E208,04:002423D0,05:00279900,06:0025E358,07:002780C0,08:00259B98,09:0026F020,10:00242110,11:002754C8,12:002683D8,13:0025B320,14:00257B98,15:0023ED00,16:0024AD70,17:00249E50,18:00251980	gameplay/entities/find_or_allocate_id_slot
FUN_0020cc60	exe	68	9b1309b5398a98b4	19	00:0024F6E0,01:002644C0,02:00251D50,03:0023E250,04:00242418,05:00279948,06:0025E3A0,07:00278108,08:00259BE0,09:0026F068,10:00242158,11:00275510,12:00268420,13:0025B368,14:00257BE0,15:0023ED48,16:0024ADB8,17:00249E98,18:002519C8	gameplay/entities/prune_moby_references
FUN_0020cca8	exe	160	ce4ce9348559fa0d	19	00:0024F728,01:00264508,02:00251D98,03:0023E298,04:00242460,05:00279990,06:0025E3E8,07:00278150,08:00259C28,09:0026F0B0,10:002421A0,11:00275558,12:00268468,13:0025B3B0,14:00257C28,15:0023ED90,16:0024AE00,17:00249EE0,18:00251A10	gameplay/entities/fun_0020cca8
FUN_L00_0024f7c8	shared	136	5a2548eab852be7f	19	00:0024F7C8,01:002645A8,02:00251E38,03:0023E338,04:00242500,05:00279A30,06:0025E488,07:002781F0,08:00259CC8,09:0026F150,10:00242240,11:002755F8,12:00268508,13:0025B450,14:00257CC8,15:0023EE30,16:0024AEA0,17:00249F80,18:00251AB0	
FUN_0020cd48	exe	160	eea52d716bfd4e73	19	00:0024F850,01:00264630,02:00251EC0,03:0023E3C0,04:00242588,05:00279AB8,06:0025E510,07:00278278,08:00259D50,09:0026F1D8,10:002422C8,11:00275680,12:00268590,13:0025B4D8,14:00257D50,15:0023EEB8,16:0024AF28,17:0024A008,18:00251B38	rendering/geometry/transform_scaled_vertex_batch
FUN_L00_0024f8f0	shared	212	251d8bea021269dd	19	00:0024F8F0,01:002646D0,02:00251F60,03:0023E460,04:00242628,05:00279B58,06:0025E5B0,07:00278318,08:00259DF0,09:0026F278,10:00242368,11:00275720,12:00268630,13:0025B578,14:00257DF0,15:0023EF58,16:0024AFC8,17:0024A0A8,18:00251BD8	
FUN_0020cdf0	exe	264	2af5cc5c2669c9ca	19	00:0024F9C8,01:002647A8,02:00252038,03:0023E538,04:00242700,05:00279C30,06:0025E688,07:002783F0,08:00259EC8,09:0026F350,10:00242440,11:002757F8,12:00268708,13:0025B650,14:00257EC8,15:0023F030,16:0024B0A0,17:0024A180,18:00251CB0	rendering/texture/dma_moby_textures
FUN_0020cef8	exe	212	d2522876b11dd5e2	19	00:0024FAD0,01:002648B0,02:00252140,03:0023E640,04:00242808,05:00279D38,06:0025E790,07:002784F8,08:00259FD0,09:0026F458,10:00242548,11:00275900,12:00268810,13:0025B758,14:00257FD0,15:0023F138,16:0024B1A8,17:0024A288,18:00251DB8	gameplay/entities/patch_moby_gifs
FUN_0020cfd0	exe	144	3cd0ccf39d20eead	19	00:0024FBA8,01:00264988,02:00252218,03:0023E718,04:002428E0,05:00279E10,06:0025E868,07:002785D0,08:0025A0A8,09:0026F530,10:00242620,11:002759D8,12:002688E8,13:0025B830,14:002580A8,15:0023F210,16:0024B280,17:0024A360,18:00251E90	gameplay/entities/fun_0020cfd0
FUN_0020d060	exe	324	a644f5e34d41af40	19	00:0024FC38,01:00264A18,02:002522A8,03:0023E7A8,04:00242970,05:00279EA0,06:0025E8F8,07:00278660,08:0025A138,09:0026F5C0,10:002426B0,11:00275A68,12:00268978,13:0025B8C0,14:00258138,15:0023F2A0,16:0024B310,17:0024A3F0,18:00251F20	gameplay/entities/fun_0020d060
FUN_0020d1a8	exe	68	eb5e0ddd8edc06d7	19	00:0024FD80,01:00264B60,02:002523F0,03:0023E8F0,04:00242AB8,05:00279FE8,06:0025EA40,07:002787A8,08:0025A280,09:0026F708,10:002427F8,11:00275BB0,12:00268AC0,13:0025BA08,14:00258280,15:0023F3E8,16:0024B458,17:0024A538,18:00252068	gameplay/entities/process_moby_anim_data
FUN_0020d1f0	exe	40	886e3b574be7ffce	19	00:0024FDC8,01:00264BA8,02:00252438,03:0023E938,04:00242B00,05:0027A030,06:0025EA88,07:002787F0,08:0025A2C8,09:0026F750,10:00242840,11:00275BF8,12:00268B08,13:0025BA50,14:002582C8,15:0023F430,16:0024B4A0,17:0024A580,18:002520B0	gameplay/entities/init_moby_class_dists
FUN_0020d218	exe	44	74c5a02e1183ae40	19	00:0024FDF0,01:00264BD0,02:00252460,03:0023E960,04:00242B28,05:0027A058,06:0025EAB0,07:00278818,08:0025A2F0,09:0026F778,10:00242868,11:00275C20,12:00268B30,13:0025BA78,14:002582F0,15:0023F458,16:0024B4C8,17:0024A5A8,18:002520D8	gameplay/entities/stash_moby_class_dists
FUN_0020d248	exe	44	661f24e25935965f	19	00:0024FE20,01:00264C00,02:00252490,03:0023E990,04:00242B58,05:0027A088,06:0025EAE0,07:00278848,08:0025A320,09:0026F7A8,10:00242898,11:00275C50,12:00268B60,13:0025BAA8,14:00258320,15:0023F488,16:0024B4F8,17:0024A5D8,18:00252108	gameplay/entities/restore_moby_class_dists
FUN_0020d278	exe	184	bdc516ae62e22655	19	00:0024FE50,01:00264C30,02:002524C0,03:0023E9C0,04:00242B88,05:0027A0B8,06:0025EB10,07:00278878,08:0025A350,09:0026F7D8,10:002428C8,11:00275C80,12:00268B90,13:0025BAD8,14:00258350,15:0023F4B8,16:0024B528,17:0024A608,18:00252138	gameplay/entities/draw_mobys_setup
FUN_0020d330	exe	128	16c501701ef3a7ea	19	00:0024FF08,01:00264CE8,02:00252578,03:0023EA78,04:00242C40,05:0027A170,06:0025EBC8,07:00278930,08:0025A408,09:0026F890,10:00242980,11:00275D38,12:00268C48,13:0025BB90,14:00258408,15:0023F570,16:0024B5E0,17:0024A6C0,18:002521F0	gameplay/entities/draw_moby_list
FUN_0020d3b0	exe	172	eadd7bcf5370c610	19	00:0024FF88,01:00264D68,02:002525F8,03:0023EAF8,04:00242CC0,05:0027A1F0,06:0025EC48,07:002789B0,08:0025A488,09:0026F910,10:00242A00,11:00275DB8,12:00268CC8,13:0025BC10,14:00258488,15:0023F5F0,16:0024B660,17:0024A740,18:00252270	gameplay/entities/draw_mobys_clean_up
FUN_0020d460	exe	128	cbc9ccacc9583faa	19	00:00250038,01:00264E18,02:002526A8,03:0023EBA8,04:00242D70,05:0027A2A0,06:0025ECF8,07:00278A60,08:0025A538,09:0026F9C0,10:00242AB0,11:00275E68,12:00268D78,13:0025BCC0,14:00258538,15:0023F6A0,16:0024B710,17:0024A7F0,18:00252320	gameplay/entities/draw_mobys
FUN_L00_002500b8	shared	484	810e2e2532328ad7	19	00:002500B8,01:00264E98,02:00252728,03:0023EC28,04:00242DF0,05:0027A320,06:0025ED78,07:00278AE0,08:0025A5B8,09:0026FA40,10:00242B30,11:00275EE8,12:00268DF8,13:0025BD40,14:002585B8,15:0023F720,16:0024B790,17:0024A870,18:002523A0	
FUN_L00_002502a0	shared	44	15827afdd1932f65	19	00:002502A0,01:00265080,02:00252910,03:0023EE10,04:00242FD8,05:0027A508,06:0025EF60,07:00278CC8,08:0025A7A0,09:0026FC28,10:00242D18,11:002760D0,12:00268FE0,13:0025BF28,14:002587A0,15:0023F908,16:0024B978,17:0024AA58,18:00252588	
FUN_0020d4f0	exe	32	e6b48a6ab04d98a0	19	00:002502D0,01:002650B0,02:00252940,03:0023EE40,04:00243008,05:0027A538,06:0025EF90,07:00278CF8,08:0025A7D0,09:0026FC58,10:00242D48,11:00276100,12:00269010,13:0025BF58,14:002587D0,15:0023F938,16:0024B9A8,17:0024AA88,18:002525B8	rendering/commands/pack_render_command_fields
FUN_L00_002502f0	shared	48	d326ec7579414cdd	19	00:002502F0,01:002650D0,02:00252960,03:0023EE60,04:00243028,05:0027A558,06:0025EFB0,07:00278D18,08:0025A7F0,09:0026FC78,10:00242D68,11:00276120,12:00269030,13:0025BF78,14:002587F0,15:0023F958,16:0024B9C8,17:0024AAA8,18:002525D8	
FUN_L00_00250320	shared	48	e85cee67769ab7bc	19	00:00250320,01:00265100,02:00252990,03:0023EE90,04:00243058,05:0027A588,06:0025EFE0,07:00278D48,08:0025A820,09:0026FCA8,10:00242D98,11:00276150,12:00269060,13:0025BFA8,14:00258820,15:0023F988,16:0024B9F8,17:0024AAD8,18:00252608	
FUN_0020d510	exe	112	018b82303bd5b325	19	00:00250350,00:002503C0,01:00265130,01:002651A0,02:002529C0,02:00252A30,03:0023EEC0,03:0023EF30,04:00243088,04:002430F8,05:0027A5B8,05:0027A628,06:0025F010,06:0025F080,07:00278D78,07:00278DE8,08:0025A850,08:0025A8C0,09:0026FCD8,09:0026FD48,10:00242DC8,10:00242E38,11:00276180,11:002761F0,12:00269090,12:00269100,13:0025BFD8,13:0025C048,14:00258850,14:002588C0,15:0023F9B8,15:0023FA28,16:0024BA28,16:0024BA98,17:0024AB08,17:0024AB78,18:00252638,18:002526A8	assembly/textbin/fun_0020d510
FUN_L00_00250430	shared	80	454250b0e410eb0a	19	00:00250430,01:00265210,02:00252AA0,03:0023EFA0,04:00243168,05:0027A698,06:0025F0F0,07:00278E58,08:0025A930,09:0026FDB8,10:00242EA8,11:00276260,12:00269170,13:0025C0B8,14:00258930,15:0023FA98,16:0024BB08,17:0024ABE8,18:00252718	
FUN_0020d580	exe	740	5bfe15c64bcfe96e	19	00:00250480,01:00265260,02:00252AF0,03:0023EFF0,04:002431B8,05:0027A6E8,06:0025F140,07:00278EA8,08:0025A980,09:0026FE08,10:00242EF8,11:002762B0,12:002691C0,13:0025C108,14:00258980,15:0023FAE8,16:0024BB58,17:0024AC38,18:00252768	assembly/textbin/fun_0020d580
FUN_0020d868	exe	728	6e4a162fd0d854e4	19	00:00250768,01:00265548,02:00252DD8,03:0023F2D8,04:002434A0,05:0027A9D0,06:0025F428,07:00279190,08:0025AC68,09:002700F0,10:002431E0,11:00276598,12:002694A8,13:0025C3F0,14:00258C68,15:0023FDD0,16:0024BE40,17:0024AF20,18:00252A50	assembly/textbin/fun_0020d868
FUN_0020db40	exe	92	f479765397f3c24a	19	00:00250A40,01:00265820,02:002530B0,03:0023F5B0,04:00243778,05:0027ACA8,06:0025F700,07:00279468,08:0025AF40,09:002703C8,10:002434B8,11:00276870,12:00269780,13:0025C6C8,14:00258F40,15:002400A8,16:0024C118,17:0024B1F8,18:00252D28	assembly/textbin/fun_0020db40
FUN_0020dba0	exe	128	30c5cd9c65cc1041	19	00:00250AA0,01:00265880,02:00253110,03:0023F610,04:002437D8,05:0027AD08,06:0025F760,07:002794C8,08:0025AFA0,09:00270428,10:00243518,11:002768D0,12:002697E0,13:0025C728,14:00258FA0,15:00240108,16:0024C178,17:0024B258,18:00252D88	assembly/textbin/fun_0020dba0
FUN_0020dc20	exe	724	2f9f9ad359dd7b1c	19	00:00250B20,01:00265900,02:00253190,03:0023F690,04:00243858,05:0027AD88,06:0025F7E0,07:00279548,08:0025B020,09:002704A8,10:00243598,11:00276950,12:00269860,13:0025C7A8,14:00259020,15:00240188,16:0024C1F8,17:0024B2D8,18:00252E08	assembly/textbin/update_moby_grids
FUN_L00_00250df8	shared	56	c1e811604490a9b7	19	00:00250DF8,01:00265BD8,02:00253468,03:0023F968,04:00243B30,05:0027B060,06:0025FAB8,07:00279820,08:0025B2F8,09:00270780,10:00243870,11:00276C28,12:00269B38,13:0025CA80,14:002592F8,15:00240460,16:0024C4D0,17:0024B5B0,18:002530E0	
FUN_L00_00250e30	shared	360	553a828c1d83d06f	19	00:00250E30,01:00265C10,02:002534A0,03:0023F9A0,04:00243B68,05:0027B098,06:0025FAF0,07:00279858,08:0025B330,09:002707B8,10:002438A8,11:00276C60,12:00269B70,13:0025CAB8,14:00259330,15:00240498,16:0024C508,17:0024B5E8,18:00253118	
FUN_0020e098	exe	68	30d745de22ab7929	19	00:00250F98,01:00265D78,02:00253608,03:0023FB08,04:00243CD0,05:0027B200,06:0025FC58,07:002799C0,08:0025B498,09:00270920,10:00243A10,11:00276DC8,12:00269CD8,13:0025CC20,14:00259498,15:00240600,16:0024C670,17:0024B750,18:00253280	assembly/textbin/fun_0020e098
FUN_0020e0e0	exe	3332	a44fb866310baa80	19	00:00250FE0,01:00265DC0,02:00253650,03:0023FB50,04:00243D18,05:0027B248,06:0025FCA0,07:00279A08,08:0025B4E0,09:00270968,10:00243A58,11:00276E10,12:00269D20,13:0025CC68,14:002594E0,15:00240648,16:0024C6B8,17:0024B798,18:002532C8	assembly/textbin/fun_0020e0e0
FUN_0020ede8	exe	3236	00661b17a79af8af	19	00:00251CE8,01:00266AC8,02:00254358,03:00240858,04:00244A20,05:0027BF50,06:002609A8,07:0027A710,08:0025C1E8,09:00271670,10:00244760,11:00277B18,12:0026AA28,13:0025D970,14:0025A1E8,15:00241350,16:0024D3C0,17:0024C4A0,18:00253FD0	assembly/textbin/fun_0020ede8
FUN_L00_00252990	shared	2128	aef16484d01dcbc0	19	00:00252990,01:00267770,02:00255000,03:00241500,04:002456C8,05:0027CBF8,06:00261650,07:0027B3B8,08:0025CE90,09:00272318,10:00245408,11:002787C0,12:0026B6D0,13:0025E618,14:0025AE90,15:00241FF8,16:0024E068,17:0024D148,18:00254C78	
FUN_0020fa90	exe	3172	510e6fb7e390d854	19	00:002531E0,01:00267FC0,02:00255850,03:00241D50,04:00245F18,05:0027D448,06:00261EA0,07:0027BC08,08:0025D6E0,09:00272B68,10:00245C58,11:00279010,12:0026BF20,13:0025EE68,14:0025B6E0,15:00242848,16:0024E8B8,17:0024D998,18:002554C8	assembly/textbin/fun_0020fa90
FUN_002106f8	exe	336	d6d0d9195e832ac8	19	00:00253E48,01:00268C28,02:002564B8,03:002429B8,04:00246B80,05:0027E0B0,06:00262B08,07:0027C870,08:0025E348,09:002737D0,10:002468C0,11:00279C78,12:0026CB88,13:0025FAD0,14:0025C348,15:002434B0,16:0024F520,17:0024E600,18:00256130	assembly/textbin/fun_002106f8
FUN_00210850	exe	352	cf188706b405bde2	19	00:00253FA0,01:00268D80,02:00256610,03:00242B10,04:00246CD8,05:0027E208,06:00262C60,07:0027C9C8,08:0025E4A0,09:00273928,10:00246A18,11:00279DD0,12:0026CCE0,13:0025FC28,14:0025C4A0,15:00243608,16:0024F678,17:0024E758,18:00256288	assembly/textbin/fun_00210850
FUN_002109b8	exe	2636	24201d5b4748ecfa	19	00:00254108,01:00268EE8,02:00256778,03:00242C78,04:00246E40,05:0027E370,06:00262DC8,07:0027CB30,08:0025E608,09:00273A90,10:00246B80,11:00279F38,12:0026CE48,13:0025FD90,14:0025C608,15:00243770,16:0024F7E0,17:0024E8C0,18:002563F0	assembly/textbin/fun_002109b8
FUN_L00_00254b58	shared	2664	c064f4b42a40c099	19	00:00254B58,01:00269938,02:002571C8,03:002436C8,04:00247890,05:0027EDC0,06:00263818,07:0027D580,08:0025F058,09:002744E0,10:002475D0,11:0027A988,12:0026D898,13:002607E0,14:0025D058,15:002441C0,16:00250230,17:0024F310,18:00256E40	
FUN_00211408	exe	688	29a20e8ba737b764	19	00:002555C0,01:0026A3A0,02:00257C30,03:00244130,04:002482F8,05:0027F828,06:00264280,07:0027DFE8,08:0025FAC0,09:00274F48,10:00248038,11:0027B3F0,12:0026E300,13:00261248,14:0025DAC0,15:00244C28,16:00250C98,17:0024FD78,18:002578A8	assembly/textbin/fun_00211408
FUN_002116b8	exe	108	ecec204347be5c5b	19	00:00255870,01:0026A650,02:00257EE0,03:002443E0,04:002485A8,05:0027FAD8,06:00264530,07:0027E298,08:0025FD70,09:002751F8,10:002482E8,11:0027B6A0,12:0026E5B0,13:002614F8,14:0025DD70,15:00244ED8,16:00250F48,17:00250028,18:00257B58	assembly/textbin/fun_002116b8
FUN_00211728	exe	220	6dc406f89e5b92fc	19	00:002558E0,01:0026A6C0,02:00257F50,03:00244450,04:00248618,05:0027FB48,06:002645A0,07:0027E308,08:0025FDE0,09:00275268,10:00248358,11:0027B710,12:0026E620,13:00261568,14:0025DDE0,15:00244F48,16:00250FB8,17:00250098,18:00257BC8	assembly/textbin/moby_anim_proc
FUN_00211808	exe	5148	9e6e088924c42253	19	00:002559C0,01:0026A7A0,02:00258030,03:00244530,04:002486F8,05:0027FC28,06:00264680,07:0027E3E8,08:0025FEC0,09:00275348,10:00248438,11:0027B7F0,12:0026E700,13:00261648,14:0025DEC0,15:00245028,16:00251098,17:00250178,18:00257CA8	assembly/textbin/moby_proc
FUN_00212c28	exe	308	9b3a56e19b003ad7	19	00:00256DE0,01:0026BBC0,02:00259450,03:00245950,04:00249B18,05:00281048,06:00265AA0,07:0027F808,08:002612E0,09:00276768,10:00249858,11:0027CC10,12:0026FB20,13:00262A68,14:0025F2E0,15:00246448,16:002524B8,17:00251598,18:002590C8	assembly/textbin/fun_00212c28
FUN_L00_00256f14	shared	272	5aa941e01f3ec352	19	00:00256F14,01:0026BCF4,02:00259584,03:00245A84,04:00249C4C,05:0028117C,06:00265BD4,07:0027F93C,08:00261414,09:0027689C,10:0024998C,11:0027CD44,12:0026FC54,13:00262B9C,14:0025F414,15:0024657C,16:002525EC,17:002516CC,18:002591FC	
FUN_L00_00257024	shared	496	2cde96d4cfe06023	19	00:00257024,01:0026BE04,02:00259694,03:00245B94,04:00249D5C,05:0028128C,06:00265CE4,07:0027FA4C,08:00261524,09:002769AC,10:00249A9C,11:0027CE54,12:0026FD64,13:00262CAC,14:0025F524,15:0024668C,16:002526FC,17:002517DC,18:0025930C	
FUN_L00_00257218	shared	596	ae08c1e0a8ae800b	19	00:00257218,01:0026BFF8,02:00259888,03:00245D88,04:00249F50,05:00281480,06:00265ED8,07:0027FC40,08:00261718,09:00276BA0,10:00249C90,11:0027D048,12:0026FF58,13:00262EA0,14:0025F718,15:00246880,16:002528F0,17:002519D0,18:00259500	
FUN_L00_00257470	shared	852	7164e29176b1fe0a	19	00:00257470,01:0026C250,02:00259AE0,03:00245FE0,04:0024A1A8,05:002816D8,06:00266130,07:0027FE98,08:00261970,09:00276DF8,10:00249EE8,11:0027D2A0,12:002701B0,13:002630F8,14:0025F970,15:00246AD8,16:00252B48,17:00251C28,18:00259758	
FUN_00212ed8	exe	184	1ea7d990c98da794	19	00:002577C8,01:0026C5A8,02:00259E38,03:00246338,04:0024A500,05:00281A30,06:00266488,07:002801F0,08:00261CC8,09:00277150,10:0024A240,11:0027D5F8,12:00270508,13:00263450,14:0025FCC8,15:00246E30,16:00252EA0,17:00251F80,18:00259AB0	gameplay/animation/set_moby_animation
FUN_00212f90	exe	328	2ca6fb17d673bf90	19	00:00257880,01:0026C660,02:00259EF0,03:002463F0,04:0024A5B8,05:00281AE8,06:00266540,07:002802A8,08:00261D80,09:00277208,10:0024A2F8,11:0027D6B0,12:002705C0,13:00263508,14:0025FD80,15:00246EE8,16:00252F58,17:00252038,18:00259B68	gameplay/animation/blend_moby_animation
FUN_002130d8	exe	340	82d914752dc76b7b	19	00:002579C8,01:0026C7A8,02:0025A038,03:00246538,04:0024A700,05:00281C30,06:00266688,07:002803F0,08:00261EC8,09:00277350,10:0024A440,11:0027D7F8,12:00270708,13:00263650,14:0025FEC8,15:00247030,16:002530A0,17:00252180,18:00259CB0	gameplay/animation/blend_moby_animation_ex
FUN_00213260	exe	60	47f294dab45108a2	19	00:00257B50,01:0026C930,02:0025A1C0,03:002466C0,04:0024A888,05:00281DB8,06:00266810,07:00280578,08:00262050,09:002774D8,10:0024A5C8,11:0027D980,12:00270890,13:002637D8,14:00260050,15:002471B8,16:00253228,17:00252308,18:00259E38	math/random/random_integer_below
FUN_L00_00257b90	shared	84	1168e7e2f65a683b	19	00:00257B90,01:0026C970,02:0025A200,03:00246700,04:0024A8C8,05:00281DF8,06:00266850,07:002805B8,08:00262090,09:00277518,10:0024A608,11:0027D9C0,12:002708D0,13:00263818,14:00260090,15:002471F8,16:00253268,17:00252348,18:00259E78	
FUN_002132a8	exe	92	ebfcff61e8af4690	19	00:00257BE8,01:0026C9C8,02:0025A258,03:00246758,04:0024A920,05:00281E50,06:002668A8,07:00280610,08:002620E8,09:00277570,10:0024A660,11:0027DA18,12:00270928,13:00263870,14:002600E8,15:00247250,16:002532C0,17:002523A0,18:00259ED0	math/random/random_float_between
FUN_L00_00257c48	shared	104	e33ee91c51459505	19	00:00257C48,01:0026CA28,02:0025A2B8,03:002467B8,04:0024A980,05:00281EB0,06:00266908,07:00280670,08:00262148,09:002775D0,10:0024A6C0,11:0027DA78,12:00270988,13:002638D0,14:00260148,15:002472B0,16:00253320,17:00252400,18:00259F30	
FUN_00213308	exe	80	830d4cee672b44f1	19	00:00257CB0,01:0026CA90,02:0025A320,03:00246820,04:0024A9E8,05:00281F18,06:00266970,07:002806D8,08:002621B0,09:00277638,10:0024A728,11:0027DAE0,12:002709F0,13:00263938,14:002601B0,15:00247318,16:00253388,17:00252468,18:00259F98	math/random/random_angle_radians
FUN_00213358	exe	120	f9c543eafbc8d092	19	00:00257D00,01:0026CAE0,02:0025A370,03:00246870,04:0024AA38,05:00281F68,06:002669C0,07:00280728,08:00262200,09:002776E0,10:0024A778,11:0027DB30,12:00270A40,13:002639E0,14:00260200,15:00247368,16:002533D8,17:002524B8,18:00259FE8	gameplay/entities/fun_00213358
FUN_L00_00257d78	shared	168	38855fa14adc99a6	19	00:00257D78,01:0026CB58,02:0025A3E8,03:002468E8,04:0024AAB0,05:00281FE0,06:00266A38,07:002807A0,08:00262278,09:002777C8,10:0024A7F0,11:0027DBA8,12:00270AB8,13:00263AC8,14:00260278,15:002473E0,16:00253450,17:00252530,18:0025A060	
FUN_L00_00257e20	shared	56	5c9a0cd3fc8d4103	19	00:00257E20,01:0026CC00,02:0025A490,03:00246990,04:0024AB58,05:00282088,06:00266AE0,07:00280848,08:00262320,09:00277870,10:0024A898,11:0027DC50,12:00270B60,13:00263B70,14:00260320,15:00247488,16:002534F8,17:002525D8,18:0025A108	
FUN_002133d0	exe	148	916c0f812baa2844	19	00:00257E58,01:0026CC38,02:0025A4C8,03:002469C8,04:0024AB90,05:002820C0,06:00266B18,07:00280880,08:00262358,09:002778A8,10:0024A8D0,11:0027DC88,12:00270B98,13:00263BA8,14:00260358,15:002474C0,16:00253530,17:00252610,18:0025A140	math/interpolation/cosine_interpolate
FUN_L00_00257ef0	shared	124	387abc6fd163eccc	19	00:00257EF0,01:0026CCD0,02:0025A560,03:00246A60,04:0024AC28,05:00282158,06:00266BB0,07:00280918,08:002623F0,09:00277940,10:0024A968,11:0027DD20,12:00270C30,13:00263C40,14:002603F0,15:00247558,16:002535C8,17:002526A8,18:0025A1D8	
FUN_L00_00257f70	shared	224	fca4e40cb185e0c7	19	00:00257F70,01:0026CD50,02:0025A5E0,03:00246AE0,04:0024ACA8,05:002821D8,06:00266C30,07:00280998,08:00262470,09:002779C0,10:0024A9E8,11:0027DDA0,12:00270CB0,13:00263CC0,14:00260470,15:002475D8,16:00253648,17:00252728,18:0025A258	
FUN_L00_00258050	shared	192	8938cfb0409b51ee	19	00:00258050,01:0026CE30,02:0025A6C0,03:00246BC0,04:0024AD88,05:002822B8,06:00266D10,07:00280A78,08:00262550,09:00277AA0,10:0024AAC8,11:0027DE80,12:00270D90,13:00263DA0,14:00260550,15:002476B8,16:00253728,17:00252808,18:0025A338	
FUN_L00_00258110	shared	360	3a11a688b760bcee	19	00:00258110,01:0026CEF0,02:0025A780,03:00246C80,04:0024AE48,05:00282378,06:00266DD0,07:00280B38,08:00262610,09:00277B60,10:0024AB88,11:0027DF40,12:00270E50,13:00263E60,14:00260610,15:00247778,16:002537E8,17:002528C8,18:0025A3F8	
FUN_L00_00258278	shared	360	8e469e78fd4f8ec4	19	00:00258278,01:0026D058,02:0025A8E8,03:00246DE8,04:0024AFB0,05:002824E0,06:00266F38,07:00280CA0,08:00262778,09:00277CC8,10:0024ACF0,11:0027E0A8,12:00270FB8,13:00263FC8,14:00260778,15:002478E0,16:00253950,17:00252A30,18:0025A560	
FUN_L00_002583f0	shared	160	55fd4c28e32aaef1	19	00:002583F0,01:0026D1D0,02:0025AA60,03:00246F60,04:0024B128,05:00282658,06:002670B0,07:00280E18,08:002628F0,09:00277E40,10:0024AE68,11:0027E220,12:00271130,13:00264140,14:002608F0,15:00247A58,16:00253AC8,17:00252BA8,18:0025A6D8	
FUN_L00_00258490	shared	916	d3e1af5c7281660e	19	00:00258490,01:0026D270,02:0025AB00,03:00247000,04:0024B1C8,05:002826F8,06:00267150,07:00280EB8,08:00262990,09:00277EE0,10:0024AF08,11:0027E2C0,12:002711D0,13:002641E0,14:00260990,15:00247AF8,16:00253B68,17:00252C48,18:0025A778	
FUN_L00_00258830	shared	668	688b4e4b84828799	19	00:00258830,01:0026D610,02:0025AEA0,03:002473A0,04:0024B568,05:00282A98,06:002674F0,07:00281258,08:00262D30,09:00278280,10:0024B2A8,11:0027E660,12:00271570,13:00264580,14:00260D30,15:00247FF8,16:00253F08,17:00252FE8,18:0025AB18	
FUN_L00_00258ad0	shared	124	585a72a26bdd3991	19	00:00258AD0,01:0026D8B0,02:0025B140,03:00247640,04:0024B808,05:00282D38,06:00267790,07:002814F8,08:00262FD0,09:00278520,10:0024B548,11:0027E900,12:00271810,13:00264820,14:00260FD0,15:00248298,16:002541A8,17:00253288,18:0025ADB8	
FUN_L00_00258b50	shared	1228	d71537538a3baaea	19	00:00258B50,01:0026D9A8,02:0025B238,03:00247738,04:0024B900,05:00282E30,06:00267888,07:00281578,08:002630C8,09:00278618,10:0024B640,11:0027E9F8,12:00271908,13:00264918,14:002610C8,15:00248390,16:002542A0,17:00253308,18:0025AE38	
FUN_L00_00259028	shared	372	acaa5bcdbcf6e9f5	19	00:00259028,01:0026DE80,02:0025B710,03:00247C10,04:0024BDD8,05:00283308,06:00267D60,07:00281A50,08:002635A0,09:00278AF0,10:0024BB18,11:0027EED0,12:00271E70,13:00264DF0,14:002615A0,15:00248868,16:00254778,17:002537E0,18:0025B310	
FUN_L00_002591d0	shared	232	7f2e1d9e05387009	19	00:002591D0,01:0026E150,02:0025B8B8,03:00247E08,04:0024BF80,05:00283508,06:00267FE0,07:00281CA0,08:002637A0,09:00278D68,10:0024BCC0,11:0027F150,12:00272140,13:002652D8,14:002617C8,15:00248B38,16:00254B08,17:00253B60,18:0025B510	
FUN_L00_002592b8	shared	356	70df796adf0c9af5	19	00:002592B8,01:0026E238,02:0025B9A0,03:00247EF0,04:0024C068,05:002835F0,06:002680C8,07:00281D88,08:00263888,09:00278E50,10:0024BDA8,11:0027F238,12:00272228,13:002653C0,14:002618B0,15:00248C20,16:00254BF0,17:00253C48,18:0025B5F8	
FUN_L00_00259430	shared	56	321b6a0aabe49e7f	19	00:00259430,01:0026E3B0,02:0025BB18,03:00248068,04:0024C1E0,05:00283768,06:00268240,07:00281F30,08:00263A00,09:00278FC8,10:0024BF20,11:0027F3B0,12:002723A0,13:00265538,14:00261A28,15:00248D98,16:00254D68,17:00253DC0,18:0025B770	
FUN_L00_00259468	shared	160	c4d44378ccb0aa18	19	00:00259468,01:0026E3E8,02:0025BB50,03:002480A0,04:0024C218,05:002837A0,06:00268278,07:00281F68,08:00263A38,09:00279000,10:0024BF58,11:0027F3E8,12:002723D8,13:00265570,14:00261A60,15:00248DD0,16:00254DA0,17:00253DF8,18:0025B7A8	
FUN_L00_00259508	shared	152	6d39b806b8f06741	19	00:00259508,01:0026E488,02:0025BBF0,03:00248140,04:0024C2B8,05:00283840,06:00268318,07:00282008,08:00263AD8,09:002790A0,10:0024BFF8,11:0027F488,12:00272478,13:00265610,14:00261B00,15:00248E70,16:00254E40,17:00253E98,18:0025B848	
FUN_L00_002595a0	shared	244	8b7a8d8b4aea3aa0	19	00:002595A0,01:0026E520,02:0025BC88,03:002481D8,04:0024C350,05:002838D8,06:002683B0,07:002820A0,08:00263B70,09:00279138,10:0024C090,11:0027F520,12:00272510,13:002656A8,14:00261B98,15:00248F08,16:00254ED8,17:00253F30,18:0025B8E0	
FUN_00213508	exe	116	9d64b4cab4455ebd	19	00:00259698,01:0026E618,02:0025BD80,03:002482D0,04:0024C448,05:002839D0,06:002684A8,07:00282198,08:00263C68,09:00279230,10:0024C188,11:0027F618,12:00272608,13:002657A0,14:00261C90,15:00249000,16:00254FD0,17:00254028,18:0025B9D8	gameplay/entities/probe_ground_height
FUN_L00_00259710	shared	36	96f45c2fc8772ad8	19	00:00259710,01:0026E690,02:0025BDF8,03:00248348,04:0024C4C0,05:00283A48,06:00268520,07:00282210,08:00263CE0,09:002792A8,10:0024C200,11:0027F690,12:00272680,13:00265818,14:00261D08,15:00249078,16:00255048,17:002540A0,18:0025BA50	
FUN_L00_00259740	shared	204	9451bde38a6c9a37	19	00:00259740,01:0026E6C0,02:0025BE28,03:00248378,04:0024C590,05:00283A78,06:00268550,07:00282240,08:00263D10,09:002792D8,10:0024C230,11:0027F6C0,12:002726B0,13:00265848,14:00261D38,15:002490A8,16:00255078,17:002540D0,18:0025BA80	
FUN_L00_00259830	shared	36	5f3056cce839d066	19	00:00259830,01:0026E7B0,02:0025BF18,03:00248468,04:0024C900,05:00283B68,06:00268640,07:00282330,08:00263E00,09:002793C8,10:0024C320,11:0027F7B0,12:002727A0,13:00265938,14:00261E28,15:00249198,16:00255168,17:002541C0,18:0025BB70	
FUN_L00_00259858	shared	44	e671fe0c4b7c54df	19	00:00259858,01:0026E7D8,02:0025BF40,03:00248490,04:0024C928,05:00283B90,06:00268668,07:00282358,08:00263E28,09:002793F0,10:0024C348,11:0027F7D8,12:002727C8,13:00265960,14:00261E50,15:002491C0,16:00255190,17:002541E8,18:0025BB98	
FUN_L00_00259888	shared	36	ac3a809d90cc1fad	19	00:00259888,01:0026E808,02:0025BF70,03:002484C0,04:0024C958,05:00283BC0,06:00268698,07:00282388,08:00263E58,09:00279420,10:0024C378,11:0027F808,12:002727F8,13:00265990,14:00261E80,15:002491F0,16:002551C0,17:00254218,18:0025BBC8	
FUN_L00_002598b0	shared	308	cf770ad083c83521	17	00:002598B0,01:0026E830,02:0025BF98,04:0024C980,05:00283BE8,06:002686C0,07:002823B0,08:00263E80,09:00279448,10:0024C3A0,11:0027F830,12:00272820,13:002659B8,15:00249218,16:002551E8,17:00254240,18:0025BBF0	
FUN_L00_002599e8	shared	160	76f90a069f6548a1	5	00:002599E8,06:002687F8,10:0024C4D8,16:00255320,18:0025BD28	
FUN_L00_00259a88	shared	316	2e3ff9673aa53149	19	00:00259A88,01:0026E968,02:0025C0D0,03:002484F0,04:0024CAB8,05:00283D20,06:00268898,07:002824E8,08:00263FB8,09:00279580,10:0024C578,11:0027F968,12:00272958,13:00265AF0,14:00261EB0,15:00249350,16:002553C0,17:00254378,18:0025BDC8	
FUN_L00_00259bc8	shared	312	457a5a2ce0857257	19	00:00259BC8,01:0026EAA8,02:0025C210,03:00248630,04:0024CBF8,05:00283E60,06:002689D8,07:00282628,08:002640F8,09:002796C0,10:0024C6B8,11:0027FAA8,12:00272A98,13:00265C30,14:00261FF0,15:00249490,16:00255500,17:002544B8,18:0025BF08	
FUN_L00_00259d08	shared	332	c1140f642a7aaf84	19	00:00259D08,01:0026EBE8,02:0025C350,03:00248770,04:0024CD38,05:00283FA0,06:00268B18,07:00282768,08:00264238,09:00279800,10:0024C818,11:0027FBE8,12:00272BD8,13:00265D90,14:00262130,15:002495D0,16:00255640,17:002545F8,18:0025C048	
FUN_002135f0	exe	248	7ee0907eb6ce9aa8	19	00:00259E58,01:0026ED38,02:0025C4A0,03:002488C0,04:0024CE88,05:002840F0,06:00268C68,07:002828B8,08:00264388,09:00279950,10:0024C968,11:0027FD38,12:00272D28,13:00265EE0,14:00262280,15:00249720,16:00255790,17:00254748,18:0025C198	gameplay/entities/fun_002135f0
FUN_L00_00259f50	shared	148	2bbdaad170253574	19	00:00259F50,01:0026EE30,02:0025C598,03:002489B8,04:0024CF80,05:002841E8,06:00268D60,07:002829B0,08:00264480,09:00279A48,10:0024CA60,11:0027FE30,12:00272E20,13:00265FD8,14:00262378,15:00249818,16:00255888,17:00254840,18:0025C290	
FUN_L00_00259fe8	shared	296	f2cf4c95d9a729b7	19	00:00259FE8,01:0026EEC8,02:0025C630,03:00248A50,04:0024D018,05:00284280,06:00268DF8,07:00282A48,08:00264518,09:00279AE0,10:0024CAF8,11:0027FEC8,12:00272EB8,13:00266070,14:00262410,15:002498B0,16:00255920,17:002548D8,18:0025C328	
FUN_L00_0025a120	shared	192	635bc6084eb18c45	19	00:0025A120,01:0026F020,02:0025C788,03:00248BA8,04:0024D150,05:002843D8,06:00268F30,07:00282B80,08:00264650,09:00279C18,10:0024CC30,11:00280000,12:00273010,13:002661A8,14:00262548,15:00249A08,16:00255A58,17:00254A10,18:0025C460	
FUN_00213700	exe	544	682c3b540b367ace	19	00:0025A1E0,01:0026F0E0,02:0025C848,03:00248C68,04:0024D210,05:00284498,06:00268FF0,07:00282C40,08:00264710,09:00279CD8,10:0024CCF0,11:002800C0,12:002730D0,13:00266268,14:00262608,15:00249AC8,16:00255B18,17:00254AD0,18:0025C520	gameplay/entities/update_moby_shadow_range
FUN_L00_0025a420	shared	88	c244b0595253dcfd	19	00:0025A420,01:0026F320,02:0025CA88,03:00248EA8,04:0024D450,05:002846D8,06:00269230,07:00282E80,08:00264950,09:00279F18,10:0024CF30,11:00280300,12:00273310,13:002664A8,14:00262848,15:00249D08,16:00255D58,17:00254D10,18:0025C760	
FUN_L00_0025a478	shared	1408	72ad6ddf2d5a708f	19	00:0025A478,01:0026F378,02:0025CAE0,03:00248F00,04:0024D4A8,05:00284730,06:00269288,07:00282ED8,08:002649A8,09:00279F70,10:0024CF88,11:00280358,12:00273368,13:00266500,14:002628A0,15:00249D60,16:00255DB0,17:00254D68,18:0025C7B8	
FUN_L00_0025a9f8	shared	332	46b42d1620369705	19	00:0025A9F8,01:0026F8F8,02:0025D060,03:00249480,04:0024DA28,05:00284CB0,06:00269808,07:00283458,08:00264F28,09:0027A4F0,10:0024D508,11:002808D8,12:002738E8,13:00266A80,14:00262E20,15:0024A2E0,16:00256330,17:002552E8,18:0025CD38	
FUN_L00_0025ab48	shared	168	16e9226e534c6e91	18	00:0025AB48,01:0026FA48,02:0025D1B0,03:002495D0,04:0024DB78,05:00284E00,06:00269958,07:002835A8,08:00265078,09:0027A640,10:0024D658,11:00280A28,12:00273A38,13:00266BD0,15:0024A430,16:00256480,17:00255438,18:0025CE88	
FUN_L00_0025abf0	shared	176	481658446c7383ba	19	00:0025ABF0,01:0026FAF0,02:0025D258,03:00249678,04:0024DC20,05:00284EA8,06:00269A00,07:00283650,08:00265120,09:0027A6E8,10:0024D700,11:00280AD0,12:00273AE0,13:00266C78,14:00262F70,15:0024A4D8,16:00256528,17:002554E0,18:0025CF30	
FUN_L00_0025aca0	shared	1936	af8b88d75634f419	19	00:0025ACA0,01:0026FBA0,02:0025D308,03:00249728,04:0024DCD0,05:00284F58,06:00269AB0,07:00283700,08:002651D0,09:0027A798,10:0024D7B0,11:00280B80,12:00273B90,13:00266D28,14:00263020,15:0024A588,16:002565D8,17:00255590,18:0025CFE0	
FUN_L00_0025b440	shared	604	f6f828599d376e95	19	00:0025B440,01:00270340,02:0025DAA8,03:00249EC8,04:0024E470,05:002856F8,06:0026A250,07:00283EA0,08:00265970,09:0027AF38,10:0024DF50,11:00281320,12:00274330,13:002674C8,14:002637C0,15:0024AD28,16:00256D78,17:00255D30,18:0025D780	
FUN_L00_0025b6a8	shared	16	86043772e82db72b	19	00:0025B6A8,01:002705A8,02:0025DD10,03:0024A130,04:0024E6D8,05:00285960,06:0026A4B8,07:00284108,08:00265BD8,09:0027B1A0,10:0024E1B8,11:00281588,12:00274598,13:00267730,14:00263A28,15:0024AF90,16:00256FE0,17:00255F98,18:0025D9E8	
FUN_L00_0025b6b8	shared	152	d8c444ef0b45d208	19	00:0025B6B8,01:002705B8,02:0025DD20,03:0024A140,04:0024E6E8,05:00285970,06:0026A4C8,07:00284118,08:00265BE8,09:0027B1B0,10:0024E1C8,11:00281598,12:002745A8,13:00267740,14:00263A38,15:0024AFA0,16:00256FF0,17:00255FA8,18:0025D9F8	
FUN_L00_0025b750	shared	68	65ad16f228217f72	7	00:0025B750,04:0024E780,06:0026A560,10:0024E260,12:00274640,14:00263AD0,18:0025DA90	
FUN_L00_0025b798	shared	208	d07e8363280c3eaf	19	00:0025B798,01:00270658,02:0025DDC0,03:0024A1E0,04:0024E7C8,05:00285A10,06:0026A5A8,07:002841B8,08:00265C88,09:0027B250,10:0024E2A8,11:00281638,12:00274688,13:002677E0,14:00263B18,15:0024B040,16:00257090,17:00256048,18:0025DAD8	
FUN_00213ed8	exe	84	b634e78ec2f550c3	19	00:0025B868,01:00270728,02:0025DE90,03:0024A2B0,04:0024E898,05:00285AE0,06:0026A678,07:00284288,08:00265D58,09:0027B320,10:0024E378,11:00281708,12:00274758,13:002678B0,14:00263BE8,15:0024B110,16:00257160,17:00256118,18:0025DBA8	math/interpolation/approach_value
FUN_L00_0025b8c0	shared	172	167852995c0703f7	19	00:0025B8C0,01:00270780,02:0025DEE8,03:0024A308,04:0024E8F0,05:00285B38,06:0026A6D0,07:002842E0,08:00265DB0,09:0027B378,10:0024E3D0,11:00281760,12:002747B0,13:00267908,14:00263C40,15:0024B168,16:002571B8,17:00256170,18:0025DC00	
FUN_00213f38	exe	456	f02869fb9054e070	19	00:0025B970,01:00270830,02:0025DF98,03:0024A3B8,04:0024E9A0,05:00285BE8,06:0026A780,07:00284390,08:00265E60,09:0027B428,10:0024E480,11:00281810,12:00274860,13:002679B8,14:00263CF0,15:0024B218,16:00257268,17:00256220,18:0025DCB0	assembly/textbin/fun_00213f38
FUN_L00_0025bb38	shared	200	4a5f972e158d40d2	19	00:0025BB38,01:002709F8,02:0025E160,03:0024A580,04:0024EB68,05:00285DB0,06:0026A948,07:00284558,08:00266028,09:0027B5F0,10:0024E648,11:002819D8,12:00274A28,13:00267B80,14:00263EB8,15:0024B3E0,16:00257430,17:002563E8,18:0025DE78	
FUN_L00_0025bc00	shared	152	df9a6b14bafbf28d	19	00:0025BC00,01:00270AC0,02:0025E228,03:0024A648,04:0024EC30,05:00285E78,06:0026AA10,07:00284620,08:002660F0,09:0027B6B8,10:0024E710,11:00281AA0,12:00274AF0,13:00267C48,14:00263F80,15:0024B4A8,16:002574F8,17:002564B0,18:0025DF40	
FUN_L00_0025bc98	shared	356	67e9cea142b056f5	19	00:0025BC98,01:00270B58,02:0025E2C0,03:0024A6E0,04:0024ECC8,05:00285F10,06:0026AAA8,07:002846B8,08:00266188,09:0027B750,10:0024E7A8,11:00281B38,12:00274B88,13:00267CE0,14:00264018,15:0024B540,16:00257590,17:00256548,18:0025DFD8	
FUN_L00_0025be00	shared	472	be43b8e616abad99	19	00:0025BE00,01:00270CC0,02:0025E428,03:0024A848,04:0024EE30,05:00286078,06:0026AC10,07:00284820,08:002662F0,09:0027B8B8,10:0024E910,11:00281CA0,12:00274CF0,13:00267E48,14:00264180,15:0024B6A8,16:002576F8,17:002566B0,18:0025E140	
FUN_L00_0025bfe0	shared	164	c895733f246cc181	19	00:0025BFE0,01:00270EA0,02:0025E608,03:0024AA28,04:0024F010,05:00286258,06:0026ADF0,07:00284A00,08:002664D0,09:0027BA98,10:0024EAF0,11:00281E80,12:00274ED0,13:00268028,14:00264360,15:0024B888,16:002578D8,17:00256890,18:0025E320	
FUN_L00_0025c088	shared	92	c902727a152fd5ac	19	00:0025C088,01:00270F48,02:0025E6B0,03:0024AAD0,04:0024F0B8,05:00286300,06:0026AE98,07:00284AA8,08:00266578,09:0027BB40,10:0024EB98,11:00281F28,12:00274F78,13:002680D0,14:00264408,15:0024B930,16:00257980,17:00256938,18:0025E3C8	
FUN_L00_0025c0e8	shared	132	4a47fc20dfa8b0f8	19	00:0025C0E8,01:00270FA8,02:0025E710,03:0024AB30,04:0024F118,05:00286360,06:0026AEF8,07:00284B08,08:002665D8,09:0027BBA0,10:0024EBF8,11:00281F88,12:00274FD8,13:00268130,14:00264468,15:0024B990,16:002579E0,17:00256998,18:0025E428	
FUN_00214128	exe	188	d5f8e3f43686f890	19	00:0025C170,01:00271030,02:0025E798,03:0024ABB8,04:0024F1A0,05:002863E8,06:0026AF80,07:00284B90,08:00266660,09:0027BC28,10:0024EC80,11:00282010,12:00275060,13:002681B8,14:002644F0,15:0024BA18,16:00257A68,17:00256A20,18:0025E4B0	math/vectors/normalize_vector_triplet
FUN_L00_0025c230	shared	124	54dfa332e5d822f5	19	00:0025C230,01:002710F0,02:0025E858,03:0024AC78,04:0024F260,05:002864A8,06:0026B040,07:00284C50,08:00266720,09:0027BCE8,10:0024ED40,11:002820D0,12:00275120,13:00268278,14:002645B0,15:0024BAD8,16:00257B28,17:00256AE0,18:0025E570	
FUN_L00_0025c2b0	shared	132	50099d9250400c40	19	00:0025C2B0,01:00271170,02:0025E8D8,03:0024ACF8,04:0024F2E0,05:00286528,06:0026B0C0,07:00284CD0,08:002667A0,09:0027BD68,10:0024EDC0,11:00282150,12:002751A0,13:002682F8,14:00264630,15:0024BB58,16:00257BA8,17:00256B60,18:0025E5F0	
FUN_002141f8	exe	48	7523d5b59cd034bc	19	00:0025C338,00:0025C368,01:002711F8,01:00271228,02:0025E960,02:0025E990,03:0024AD80,03:0024ADB0,04:0024F368,04:0024F398,05:002865B0,05:002865E0,06:0026B148,06:0026B178,07:00284D58,07:00284D88,08:00266828,08:00266858,09:0027BDF0,09:0027BE20,10:0024EE48,10:0024EE78,11:002821D8,11:00282208,12:00275228,12:00275258,13:00268380,13:002683B0,14:002646B8,14:002646E8,15:0024BBE0,15:0024BC10,16:00257C30,16:00257C60,17:00256BE8,17:00256C18,18:0025E678,18:0025E6A8	gameplay/entities/fun_002141f8
FUN_L00_0025c398	shared	448	ce81d63632b7dfa1	19	00:0025C398,01:00271258,02:0025E9C0,03:0024ADE0,04:0024F3C8,05:00286610,06:0026B1A8,07:00284DB8,08:00266888,09:0027BE50,10:0024EEA8,11:00282238,12:00275288,13:002683E0,14:00264718,15:0024BC40,16:00257C90,17:00256C48,18:0025E6D8	
FUN_L00_0025c558	shared	316	00d6c96b5d6d2191	19	00:0025C558,01:00271418,02:0025EB80,03:0024AFA0,04:0024F588,05:002867D0,06:0026B368,07:00284F78,08:00266A48,09:0027C010,10:0024F068,11:002823F8,12:00275448,13:002685A0,14:002648D8,15:0024BE00,16:00257E50,17:00256E08,18:0025E898	
FUN_L00_0025c698	shared	2136	f527dcd9076274ae	19	00:0025C698,01:00271558,02:0025ECC0,03:0024B0E0,04:0024F6C8,05:00286910,06:0026B4A8,07:002850B8,08:00266B88,09:0027C150,10:0024F1A8,11:00282538,12:00275588,13:002686E0,14:00264A18,15:0024BF40,16:00257F90,17:00256F48,18:0025E9D8	
FUN_00214260	exe	628	d311d6bdbc365c57	19	00:0025CEF0,01:00271DB0,02:0025F518,03:0024B938,04:0024FF20,05:00287168,06:0026BD00,07:00285910,08:002673E0,09:0027C9A8,10:0024FA00,11:00282D90,12:00275DE0,13:00268F38,14:00265270,15:0024C798,16:002587E8,17:002577A0,18:0025F230	assembly/textbin/fun_00214260
FUN_002144d8	exe	76	a0c79c25994b4394	19	00:0025D168,01:00272028,02:0025F790,03:0024BBB0,04:00250198,05:002873E0,06:0026BF78,07:00285B88,08:00267658,09:0027CC20,10:0024FC78,11:00283008,12:00276058,13:002691B0,14:002654E8,15:0024CA10,16:00258A60,17:00257A18,18:0025F4A8	gameplay/entities/fun_002144d8
FUN_L00_0025d1b8	shared	20	ce4afe432c52ff1d	19	00:0025D1B8,01:00272078,02:0025F7E0,03:0024BC00,04:002501E8,05:00287430,06:0026BFC8,07:00285BD8,08:002676A8,09:0027CC70,10:0024FCC8,11:00283058,12:002760A8,13:00269200,14:00265538,15:0024CA60,16:00258AB0,17:00257A68,18:0025F4F8	
FUN_00214530	exe	100	7e3ba44ec58c0462	19	00:0025D1D0,01:00272090,02:0025F7F8,03:0024BC18,04:00250200,05:00287448,06:0026BFE0,07:00285BF0,08:002676C0,09:0027CC88,10:0024FCE0,11:00283070,12:002760C0,13:00269218,14:00265550,15:0024CA78,16:00258AC8,17:00257A80,18:0025F510	math/rotations/build_quaternion_from_axis_angle
FUN_L00_0025d238	shared	248	b210bf33b242479d	19	00:0025D238,01:002720F8,02:0025F860,03:0024BC80,04:00250268,05:002874B0,06:0026C048,07:00285C58,08:00267728,09:0027CCF0,10:0024FD48,11:002830D8,12:00276128,13:00269280,14:002655B8,15:0024CAE0,16:00258B30,17:00257AE8,18:0025F578	
FUN_00214598	exe	292	0545bb9cb7aef303	19	00:0025D330,01:002721F0,02:0025F958,03:0024BD78,04:00250360,05:002875A8,06:0026C140,07:00285D50,08:00267820,09:0027CDE8,10:0024FE40,11:002831D0,12:00276220,13:00269378,14:002656B0,15:0024CBD8,16:00258C28,17:00257BE0,18:0025F670	math/rotations/fun_00214598
FUN_L00_0025d458	shared	224	87f81408d64d5dd4	19	00:0025D458,01:00272318,02:0025FA80,03:0024BEA0,04:00250488,05:002876D0,06:0026C268,07:00285E78,08:00267948,09:0027CF10,10:0024FF68,11:002832F8,12:00276348,13:002694A0,14:002657D8,15:0024CD00,16:00258D50,17:00257D08,18:0025F798	
FUN_L00_0025d538	shared	616	dc2a701b67bc0fdb	19	00:0025D538,01:002723F8,02:0025FB60,03:0024BF80,04:00250568,05:002877B0,06:0026C348,07:00285F58,08:00267A28,09:0027CFF0,10:00250048,11:002833D8,12:00276428,13:00269580,14:002658B8,15:0024CDE0,16:00258E30,17:00257DE8,18:0025F878	
FUN_L00_0025d7a0	shared	100	c4ba2bf9d0a0979b	17	00:0025D7A0,01:00272660,03:0024C1E8,04:002507D0,05:00287A18,06:0026C5B0,07:002861C0,08:00267C90,09:0027D258,10:002502B0,12:00276690,13:002697E8,14:00265B20,15:0024D048,16:00259098,17:00258050,18:0025FAE0	
FUN_L00_0025d808	shared	616	d337f0fee64b6b4b	17	00:0025D808,01:002726C8,03:0024C250,04:00250838,05:00287A80,06:0026C618,07:00286228,08:00267CF8,09:0027D2C0,10:00250318,12:002766F8,13:00269850,14:00265B88,15:0024D0B0,16:00259100,17:002580B8,18:0025FB48	
FUN_L00_0025da70	shared	144	1360caf61ec7a875	19	00:0025DA70,01:00272930,02:0025FDD0,03:0024C4B8,04:00250AA0,05:00287CE8,06:0026C880,07:00286490,08:00267F60,09:0027D528,10:00250580,11:00283648,12:00276960,13:00269AB8,14:00265DF0,15:0024D318,16:00259368,17:00258320,18:0025FDB0	
FUN_L00_0025db00	shared	468	867bbf1077de75e9	19	00:0025DB00,01:002729C0,02:0025FE60,03:0024C548,04:00250B30,05:00287D78,06:0026C910,07:00286520,08:00267FF0,09:0027D5B8,10:00250610,11:002836D8,12:002769F0,13:00269B48,14:00265E80,15:0024D3A8,16:002593F8,17:002583B0,18:0025FE40	
FUN_L00_0025dcd8	shared	656	8ba2e1447d9fe57c	19	00:0025DCD8,01:00272B98,02:00260038,03:0024C720,04:00250D08,05:00287F50,06:0026CAE8,07:002866F8,08:002681C8,09:0027D790,10:002507E8,11:002838B0,12:00276BC8,13:00269D20,14:00266058,15:0024D580,16:002595D0,17:00258588,18:00260018	
FUN_L00_0025df68	shared	924	8287f81666e5b4f7	17	00:0025DF68,01:00272E28,03:0024C9B0,04:00250F98,05:002881E0,06:0026CD78,07:00286988,08:00268458,09:0027DA20,10:00250A78,12:00276E58,13:00269FB0,14:002662E8,15:0024D810,16:00259860,17:00258818,18:002602A8	
FUN_L00_0025e310	shared	84	16a164ba4a3974c6	19	00:0025E310,01:002731D0,02:002602D8,03:0024CD58,04:00251340,05:00288588,06:0026D120,07:00286D30,08:00268800,09:0027DDC8,10:00250E20,11:00283B50,12:00277200,13:0026A358,14:00266690,15:0024DBB8,16:00259C08,17:00258BC0,18:00260650	
FUN_L00_0025e368	shared	76	acccfc4d6bc5941b	19	00:0025E368,01:00273228,02:00260330,03:0024CDB0,04:00251398,05:002885E0,06:0026D178,07:00286D88,08:00268858,09:0027DE20,10:00250E78,11:00283BA8,12:00277258,13:0026A3B0,14:002666E8,15:0024DC10,16:00259C60,17:00258C18,18:002606A8	
FUN_L00_0025e3b8	shared	64	7341d399513ff626	19	00:0025E3B8,01:00273278,02:00260380,03:0024CE00,04:002513E8,05:00288630,06:0026D1C8,07:00286DD8,08:002688A8,09:0027DE70,10:00250EC8,11:00283BF8,12:002772A8,13:0026A400,14:00266738,15:0024DC60,16:00259CB0,17:00258C68,18:002606F8	
FUN_L00_0025e3f8	shared	88	b37ca31d54a6f3aa	19	00:0025E3F8,01:002732B8,02:002603C0,03:0024CE40,04:00251428,05:00288670,06:0026D208,07:00286E18,08:002688E8,09:0027DEB0,10:00250F08,11:00283C38,12:002772E8,13:0026A440,14:00266778,15:0024DCA0,16:00259CF0,17:00258CA8,18:00260738	
FUN_L00_0025e450	shared	3136	c26252df2374a73f	19	00:0025E450,01:00273310,02:00260418,03:0024CE98,04:00251480,05:002886C8,06:0026D260,07:00286E70,08:00268940,09:0027DF08,10:00250F60,11:00283C90,12:00277340,13:0026A498,14:002667D0,15:0024DCF8,16:00259D48,17:00258D00,18:00260790	
FUN_L00_0025f090	shared	852	9ec13ad79b4682d6	19	00:0025F090,01:00273F50,02:00261058,03:0024DAD8,04:002520C0,05:00289308,06:0026DEA0,07:00287AB0,08:00269580,09:0027EB48,10:00251BA0,11:002848D0,12:00277F80,13:0026B0D8,14:00267410,15:0024E938,16:0025A988,17:00259940,18:002613D0	
FUN_L00_0025f3e8	shared	836	9ba472fedef3429a	19	00:0025F3E8,01:002742A8,02:002613B0,03:0024DE30,04:00252418,05:00289660,06:0026E1F8,07:00287E08,08:002698D8,09:0027EEA0,10:00251EF8,11:00284C28,12:002782D8,13:0026B430,14:00267768,15:0024EC90,16:0025ACE0,17:00259C98,18:00261728	
FUN_L00_0025f730	shared	76	ec58bf99a3948fd1	19	00:0025F730,01:002745F0,02:002616F8,03:0024E178,04:00252760,05:002899A8,06:0026E540,07:00288150,08:00269C20,09:0027F1E8,10:00252240,11:00284F70,12:00278620,13:0026B778,14:00267AB0,15:0024EFD8,16:0025B028,17:00259FE0,18:00261A70	
FUN_L00_0025f780	shared	124	ce457d619bca3e25	19	00:0025F780,01:00274640,02:00261748,03:0024E1C8,04:002527B0,05:00289A88,06:0026E590,07:002881A0,08:00269D00,09:0027F238,10:00252290,11:00284FC0,12:00278670,13:0026B7C8,14:00267B00,15:0024F028,16:0025B078,17:0025A030,18:00261AC0	
FUN_L00_0025f800	shared	116	614ef10e1fd4eb86	19	00:0025F800,01:002746C0,02:002617C8,03:0024E248,04:00252830,05:00289B08,06:0026E610,07:00288220,08:00269D80,09:0027F2B8,10:00252310,11:00285040,12:002786F0,13:0026B848,14:00267B80,15:0024F0A8,16:0025B0F8,17:0025A0B0,18:00261B40	
FUN_L00_0025f878	shared	96	5391708fc667d2e3	19	00:0025F878,01:00274738,02:00261840,03:0024E2C0,04:002528A8,05:00289B80,06:0026E688,07:00288298,08:00269DF8,09:0027F330,10:00252388,11:002850B8,12:00278768,13:0026B8C0,14:00267BF8,15:0024F120,16:0025B170,17:0025A128,18:00261BB8	
FUN_L00_0025f8e0	shared	128	52e30a2358cead52	19	00:0025F8E0,01:002747A0,02:002618A8,03:0024E328,04:00252910,05:00289BE8,06:0026E6F0,07:00288300,08:00269E60,09:0027F398,10:002523F0,11:00285120,12:002787D0,13:0026B928,14:00267C60,15:0024F188,16:0025B1D8,17:0025A190,18:00261C20	
FUN_00214720	exe	216	e4f303ac71d1433a	19	00:0025F960,01:00274820,02:00261928,03:0024E3A8,04:00252990,05:00289C68,06:0026E770,07:00288380,08:00269EE0,09:0027F418,10:00252470,11:002851A0,12:00278850,13:0026B9A8,14:00267CE0,15:0024F208,16:0025B258,17:0025A210,18:00261CA0	rendering/culling/is_point_inside_clip_volume
FUN_L00_0025fa38	shared	180	a849c8a8648891e0	19	00:0025FA38,01:002748F8,02:00261A00,03:0024E480,04:00252A68,05:00289D40,06:0026E848,07:00288458,08:00269FB8,09:0027F4F0,10:00252548,11:00285278,12:00278928,13:0026BA80,14:00267DB8,15:0024F2E0,16:0025B330,17:0025A2E8,18:00261D78	
FUN_L00_0025faf0	shared	136	91de3cb7ff50055b	19	00:0025FAF0,01:002749B0,02:00261AB8,03:0024E538,04:00252B20,05:00289DF8,06:0026E900,07:00288510,08:0026A070,09:0027F5A8,10:00252600,11:00285330,12:002789E0,13:0026BB38,14:00267E70,15:0024F398,16:0025B3E8,17:0025A3A0,18:00261E30	
FUN_00214800	exe	140	dd650505f7cbe850	19	00:0025FB78,01:00274A38,02:00261B40,03:0024E5C0,04:00252BA8,05:00289E80,06:0026E988,07:00288598,08:0026A290,09:0027F630,10:00252688,11:002853B8,12:00278A68,13:0026BBC0,14:00267EF8,15:0024F420,16:0025B470,17:0025A428,18:00261EB8	math/rotations/rotate_vector_by_quaternion
FUN_00214890	exe	168	41a91ea5ef10ba8c	19	00:0025FC08,01:00274AC8,02:00261BD0,03:0024E650,04:00252C38,05:00289F10,06:0026EA18,07:00288628,08:0026A320,09:0027F6C0,10:00252718,11:00285448,12:00278AF8,13:0026BC50,14:00267F88,15:0024F4B0,16:0025B500,17:0025A4B8,18:00261F48	rendering/view/build_look_at_matrix
FUN_L00_0025fcb8	shared	640	f7912fb937229fce	16	00:0025FCB8,01:00274B78,02:00261C80,03:0024E830,04:00252E18,07:002886D8,08:0026A3D0,09:0027F770,10:002527C8,12:00278BA8,13:0026BD00,14:00268038,15:0024F560,16:0025B5B0,17:0025A568,18:00261FF8	
FUN_L00_0025ff38	shared	1164	8cd8a6c1475511e3	15	00:0025FF38,01:00274DF8,02:00261F00,05:00289FC0,06:0026EAC8,08:0026A650,09:0027F9F0,10:00252A48,11:002854F8,13:0026BF80,14:002682B8,15:0024F7E0,16:0025B830,17:0025A7E8,18:00262278	
FUN_L00_002603d0	shared	48	1c3fdf75d13e0fc9	19	00:002603D0,01:00275290,02:00262398,03:0024EAC0,04:002530A8,05:0028A458,06:0026EF60,07:00288A20,08:0026AAE8,09:0027FF40,10:00252EE0,11:00285990,12:00278E38,13:0026C418,14:00268750,15:0024FC78,16:0025BCC8,17:0025AC80,18:00262710	
FUN_L00_00260400	shared	240	bee224b0a6ef3bfe	19	00:00260400,01:002752C0,02:002623C8,03:0024EAF0,04:002530D8,05:0028A488,06:0026EF90,07:00288A50,08:0026AB18,09:0027FF70,10:00252F10,11:002859C0,12:00278E68,13:0026C448,14:00268780,15:0024FCA8,16:0025BCF8,17:0025ACB0,18:00262740	
FUN_L00_002604f0	shared	372	fe97a820516ce292	19	00:002604F0,01:002753B0,02:002624B8,03:0024EBE0,04:002531C8,05:0028A578,06:0026F080,07:00288B40,08:0026AC08,09:00280060,10:00253000,11:00285AB0,12:00278F58,13:0026C538,14:00268870,15:0024FD98,16:0025BDE8,17:0025ADA0,18:00262830	
FUN_L00_00260668	shared	204	03573a5e7749962c	19	00:00260668,01:00275528,02:00262630,03:0024ED58,04:00253340,05:0028A6F0,06:0026F1F8,07:00288CB8,08:0026AD80,09:002801D8,10:00253178,11:00285C28,12:002790D0,13:0026C6B0,14:002689E8,15:0024FF10,16:0025BF60,17:0025AF18,18:002629A8	
FUN_L00_00260738	shared	148	8824b8992a95f4a2	19	00:00260738,01:002755F8,02:00262700,03:0024EE28,04:00253410,05:0028A7C0,06:0026F2C8,07:00288D88,08:0026AE50,09:002802A8,10:00253248,11:00285CF8,12:002791A0,13:0026C780,14:00268AB8,15:0024FFE0,16:0025C030,17:0025AFE8,18:00262A78	
FUN_L00_002607d0	shared	144	b88d6a21f3881482	19	00:002607D0,01:002756D0,02:00262798,03:0024EF00,04:002534E8,05:0028A898,06:0026F360,07:00288E60,08:0026AEE8,09:00280340,10:002532E0,11:00285DD0,12:00279278,13:0026C858,14:00268B90,15:00250078,16:0025C0C8,17:0025B080,18:00262B10	
FUN_L00_00260860	shared	552	2e6cfc69e38032bd	19	00:00260860,01:00275760,02:00262828,03:0024EF90,04:00253578,05:0028A928,06:0026F3F0,07:00288EF0,08:0026AF78,09:002803D0,10:00253370,11:00285E60,12:00279308,13:0026C8E8,14:00268C20,15:00250108,16:0025C158,17:0025B110,18:00262BA0	
FUN_L00_00260a88	shared	2252	1dc3c79d5a426b7e	19	00:00260A88,01:00275988,02:00262A50,03:0024F1B8,04:002537A0,05:0028AB50,06:0026F618,07:00289118,08:0026B1A0,09:002805F8,10:00253598,11:00286088,12:00279530,13:0026CB10,14:00268E48,15:00250330,16:0025C380,17:0025B338,18:00262DC8	
FUN_00214970	exe	288	3e8deb856506eec2	19	00:00261358,01:00276258,02:00263320,03:0024FA88,04:00254070,05:0028B420,06:0026FEE8,07:002899E8,08:0026BA70,09:00280EC8,10:00253E68,11:00286958,12:00279E00,13:0026D3E0,14:00269718,15:00250C00,16:0025CC50,17:0025BC08,18:00263698	runtime/time/set_video_timing
FUN_00214a98	exe	296	b34641efc2829a85	19	00:00261480,01:00276380,02:00263448,03:0024FCE8,04:00254198,05:0028B548,06:00270010,07:00289B10,08:0026BB98,09:00280FF0,10:00253F90,11:00286A80,12:00279F28,13:0026D508,14:00269840,15:00250D28,16:0025CD78,17:0025BD30,18:002637C0	gameplay/entities/fun_00214a98
FUN_00214bc0	exe	132	488403679f42cd02	19	00:002615A8,01:002764A8,02:00263570,03:0024FE10,04:002542C0,05:0028B670,06:00270138,07:00289C38,08:0026BCC0,09:00281118,10:002540B8,11:00286BA8,12:0027A050,13:0026D630,14:00269968,15:00250E50,16:0025CEA0,17:0025BE58,18:002638E8	ui/text/load_display_text_resource_entry
FUN_L00_00261630	shared	552	053227b0d0c0d7e0	6	00:00261630,04:00254348,06:002701C0,10:00254140,12:0027A0D8,18:00263970	
FUN_00214c48	exe	124	c657c7032cf757f3	19	00:00261858,01:00276530,02:002635F8,03:0024FE98,04:00254570,05:0028B6F8,06:002703E8,07:00289CC0,08:0026BD48,09:002811A0,10:00254368,11:00286C30,12:0027A300,13:0026D6B8,14:002699F0,15:00250ED8,16:0025CF28,17:0025BEE0,18:00263B98	math/conversion/round_float_to_decimal_places
FUN_00214cc8	exe	140	75dcffb68065dc5e	19	00:002618D8,01:002765B0,02:00263678,03:0024FF18,04:002545F0,05:0028B778,06:00270468,07:00289D40,08:0026BDC8,09:00281220,10:002543E8,11:00286CB0,12:0027A380,13:0026D738,14:00269A70,15:00250F58,16:0025CFA8,17:0025BF60,18:00263C18	gameplay/state/is_value_within_interpolated_window
FUN_L00_00261968	shared	476	cbb96e2aff2eb785	10	00:00261968,01:00276640,05:0028B808,06:002704F8,07:00289DD0,10:00254478,11:00286D40,14:00269B00,15:00250FE8,18:00263CA8	
FUN_L00_00261b48	shared	548	6cfa50bd8a5a6bd2	19	00:00261B48,01:00276820,02:00263710,03:0024FFB0,04:00254688,05:0028B9E8,06:002706D8,07:00289FB0,08:0026BE60,09:002812B8,10:00254658,11:00286F20,12:0027A418,13:0026D7D0,14:00269CE0,15:002511C8,16:0025D040,17:0025BFF8,18:00263E88	
FUN_L00_00261d78	shared	692	0e8979a2f4600abe	9	00:00261D78,05:0028C010,06:00270D00,08:0026C090,10:00254C80,11:00287548,13:0026DA00,16:0025D270,18:002640B8	
FUN_L00_00262030	shared	816	5474d13e19195e7a	19	00:00262030,01:00276CB8,02:00263948,03:002501E8,04:002548C0,05:0028C2C8,06:00270FB8,07:0028A5E0,08:0026C348,09:002814F0,10:00254F38,11:00287800,12:0027A650,13:0026DCB8,14:00269F18,15:00251400,16:0025D528,17:0025C230,18:00264370	
FUN_L00_00262360	shared	288	a2958abb7a500e2e	19	00:00262360,01:00277260,02:00263C78,03:00250518,04:00254BF0,05:0028C870,06:00271560,07:0028AB88,08:0026C678,09:00281820,10:002554E0,11:00287DA8,12:0027A980,13:0026DFE8,14:0026A248,15:00251730,16:0025D858,17:0025C560,18:002646A0	
FUN_L00_00262480	shared	124	f808c9d6393fe02f	19	00:00262480,01:00277380,02:00263D98,03:00250638,04:00254D10,05:0028C990,06:00271680,07:0028ACA8,08:0026C798,09:00281940,10:00255600,11:00287EC8,12:0027AAA0,13:0026E108,14:0026A368,15:00251850,16:0025D978,17:0025C680,18:002647C0	
FUN_L00_00262500	shared	40	d90d650aa5172a79	19	00:00262500,01:00277400,02:00263E18,03:002506B8,04:00254D90,05:0028CA10,06:00271700,07:0028AD28,08:0026C818,09:002819C0,10:00255680,11:00287F48,12:0027AB20,13:0026E188,14:0026A3E8,15:002518D0,16:0025D9F8,17:0025C700,18:00264840	
FUN_L00_00262528	shared	224	74df95a0804c0ed5	19	00:00262528,01:00277428,02:00263E40,03:002506E0,04:00254DB8,05:0028CA38,06:00271728,07:0028AD50,08:0026C840,09:002819E8,10:002556A8,11:00287F70,12:0027AB48,13:0026E1B0,14:0026A410,15:002518F8,16:0025DA20,17:0025C728,18:00264868	
FUN_L00_00262608	shared	568	f7c14eb617012823	19	00:00262608,01:00277508,02:00263F20,03:002507C0,04:00254E98,05:0028CB18,06:00271808,07:0028AE30,08:0026C920,09:00281AC8,10:00255788,11:00288050,12:0027AC28,13:0026E290,14:0026A4F0,15:002519D8,16:0025DB00,17:0025C808,18:00264948	
FUN_L00_00262840	shared	128	2070df1f539a91bc	19	00:00262840,01:00277740,02:00264158,03:002509F8,04:002550D0,05:0028CD50,06:00271A40,07:0028B068,08:0026CB58,09:00281D00,10:002559C0,11:00288288,12:0027AE60,13:0026E4C8,14:0026A728,15:00251C10,16:0025DD38,17:0025CA40,18:00264B80	
FUN_L00_002628d8	shared	552	8f6d69bffd6ccc86	17	00:002628D8,01:002777D8,02:002641F0,03:00250DB8,04:002551C8,05:0028CDE8,06:00271B38,07:0028B100,08:0026CBF0,11:00288320,12:0027AEF8,13:0026E560,14:0026A7C0,15:00251FD0,16:0025DDD0,17:0025CAD8,18:00264EE0	
FUN_L00_00262b00	shared	124	8eb7fe91d73f99b4	19	00:00262B00,01:00277A00,02:00264418,03:00250FE0,04:002553F0,05:0028D010,06:00271D60,07:0028B328,08:0026CE18,09:00281D98,10:00255D80,11:00288548,12:0027B120,13:0026E788,14:0026A9E8,15:002521F8,16:0025DFF8,17:0025CD00,18:00265108	
FUN_L00_00262b80	shared	196	0bd0acbcaa369091	19	00:00262B80,01:00277A80,02:00264498,03:00251060,04:00255470,05:0028D090,06:00271DE0,07:0028B3A8,08:0026CE98,09:00281E18,10:00255E00,11:002885C8,12:0027B1A0,13:0026E808,14:0026AA68,15:00252278,16:0025E078,17:0025CD80,18:00265188	
FUN_00214db0	exe	156	8d598c484453d7b8	19	00:00262C50,01:00277B50,02:00264568,03:00251130,04:00255540,05:0028D160,06:00271EB0,07:0028B478,08:0026CF68,09:00281EE8,10:00255ED0,11:00288698,12:0027B478,13:0026E8D8,14:0026AB38,15:00252348,16:0025E148,17:0025CE50,18:00265460	gameplay/camera/build_spherical_offset
FUN_L00_00262cf0	shared	68	6edf7982ae15451b	17	00:00262CF0,01:00277BF0,03:002511D0,04:002555E0,05:0028D200,07:0028B518,08:0026D008,09:00281F88,10:00255F70,11:00288738,12:0027B518,13:0026E978,14:0026ABD8,15:002523E8,16:0025E1E8,17:0025CEF0,18:00265500	
FUN_L00_00262d38	shared	264	b70814c195bc573c	19	00:00262D38,01:00277C38,02:00264610,03:00251218,04:00255628,05:0028D248,06:00271F58,07:0028B560,08:0026D050,09:00281FD0,10:00255FB8,11:00288780,12:0027B560,13:0026E9C0,14:0026AC20,15:00252430,16:0025E230,17:0025CF38,18:00265548	
FUN_00214e58	exe	632	c9e2853b0c17cf0c	19	00:00262E40,01:00277D40,02:00264718,03:00251320,04:00255730,05:0028D350,06:00272060,07:0028B668,08:0026D158,09:002820D8,10:002560C0,11:00288888,12:0027B668,13:0026EAC8,14:0026AD28,15:00252538,16:0025E338,17:0025D040,18:00265650	gameplay/entities/fun_00214e58
FUN_L00_002630c8	shared	928	2a48a519f95fdc4e	8	00:002630C8,04:002559B8,07:0028B8F0,09:00282360,10:002563A0,13:0026EDA8,15:002527C0,18:002658D8	
FUN_L00_00263468	shared	140	71e8fc97b060ab93	19	00:00263468,01:00278020,02:002649A0,03:00251600,04:00255D58,05:0028D5D8,06:002722E8,07:0028BC90,08:0026D3E0,09:00282700,10:00256740,11:00288B10,12:0027BB20,13:0026F148,14:0026B008,15:00252B60,16:0025E5C0,17:0025D2C8,18:00265C78	
FUN_L00_002634f8	shared	288	464d955246558488	19	00:002634F8,01:002780B0,02:00264A30,03:00251690,04:00255DE8,05:0028D668,06:00272378,07:0028BD20,08:0026D470,09:00282790,10:002567D0,11:00288BA0,12:0027BBB0,13:0026F1D8,14:0026B098,15:00252BF0,16:0025E650,17:0025D358,18:00265D08	
FUN_L00_00263618	shared	464	b842d967018e7f65	19	00:00263618,01:002781D0,02:00264B50,03:002517B0,04:00255F08,05:0028D788,06:00272498,07:0028BE40,08:0026D590,09:002828B0,10:002568F0,11:00288CC0,12:0027BCD0,13:0026F2F8,14:0026B1B8,15:00252D10,16:0025E770,17:0025D478,18:00265E28	
FUN_L00_002637f8	shared	720	45088b4c978a0631	14	00:002637F8,01:00278450,03:00251A30,04:002560E8,05:0028DA08,06:00272718,07:0028C020,08:0026D810,10:00256AD0,12:0027BF50,13:0026F4D8,14:0026B438,15:00252EF0,17:0025D658	
FUN_L00_00263ac8	shared	112	8684a558516386cf	19	00:00263AC8,01:00278720,02:00264DD0,03:00251D00,04:002563B8,05:0028DCD8,06:002729E8,07:0028C2F0,08:0026DAE0,09:00282A90,10:00256DA0,11:00288F40,12:0027C220,13:0026F7A8,14:0026B708,15:002531C0,16:0025E9F0,17:0025D928,18:00266098	
FUN_L00_00263b38	shared	24	d062e89c8db5de18	10	00:00263B38,03:00251D70,04:00256428,05:0028DD48,07:0028C360,12:0027C290,15:00253230,16:0025EA60,17:0025D998,18:00266108	
FUN_L00_00263b50	shared	16	c6629c262a02eb31	10	00:00263B50,03:00251D88,04:00256440,05:0028DD60,07:0028C378,12:0027C2A8,15:00253248,16:0025EA78,17:0025D9B0,18:00266120	
FUN_L00_00263b70	shared	464	75faf23204473a8d	5	00:00263B70,01:00278810,07:0028C408,16:0025EF60,18:00266140	
FUN_L00_00263d40	shared	108	652c8f6206ab498c	19	00:00263D40,01:002789E0,02:00265318,03:00251E18,04:002564D0,05:0028DDF0,06:00272AD8,07:0028C5D8,08:0026DBD0,09:00282B80,10:00256E90,11:00289030,12:0027C338,13:0026F898,14:0026B7F8,15:002532D8,16:0025F130,17:0025DA40,18:00266310	
FUN_L00_00263db0	shared	124	c0ef179e9603c21b	19	00:00263DB0,01:00278A50,02:00265388,03:00251E88,04:00256540,05:0028DE60,06:00272B48,07:0028C648,08:0026DC40,09:00282BF0,10:00256F00,11:002890A0,12:0027C3A8,13:0026F908,14:0026B868,15:00253348,16:0025F1A0,17:0025DAB0,18:00266380	
FUN_L00_00263e30	shared	420	98ecd8b265178a6a	13	00:00263E30,02:00265408,03:00251F08,04:002565C0,06:00272BC8,08:0026DCC0,09:00282C70,10:00256F80,11:00289120,12:0027C428,15:002533C8,16:0025F220,17:0025DB30	
FUN_L00_00263fd8	shared	840	0741b5a3db0b866b	19	00:00263FD8,01:00278AD8,02:002655B0,03:002520B0,04:00256768,05:0028DEE8,06:00272D70,07:0028C6D0,08:0026DE68,09:00282E18,10:00257128,11:002892C8,12:0027C5D0,13:0026F990,14:0026B8F0,15:00253570,16:0025F3C8,17:0025DCD8,18:00266408	
FUN_L00_00264328	shared	156	2e0b363df7bd99be	19	00:00264328,01:00278EB8,02:00265990,03:00252490,04:00256B48,05:0028E238,06:002730C0,07:0028CA20,08:0026E248,09:002831F8,10:00257508,11:002896A8,12:0027C9B0,13:0026FCE0,14:0026BC40,15:002538C0,16:0025F718,17:0025E0B8,18:00266758	
FUN_00215130	exe	164	03cb218a02d1dfe3	19	00:002643C8,01:00278F58,02:00265A30,03:00252530,04:00256BE8,05:0028E2D8,06:00273160,07:0028CAC0,08:0026E2E8,09:00283298,10:002575A8,11:00289748,12:0027CA50,13:0026FD80,14:0026BCE0,15:00253960,16:0025F7B8,17:0025E158,18:002667F8	ui/help/try_set_help_message
FUN_002151d8	exe	112	c1fa1a493ac97c74	19	00:00264470,01:00279000,02:00265AD8,03:002525D8,04:00256C90,05:0028E380,06:00273208,07:0028CB68,08:0026E390,09:00283340,10:00257650,11:002897F0,12:0027CAF8,13:0026FE28,14:0026BD88,15:00253A08,16:0025F860,17:0025E200,18:002668A0	ui/help/force_help_message
FUN_L00_002644e0	shared	96	c05548d909472330	19	00:002644E0,01:00279070,02:00265B48,03:00252648,04:00256D00,05:0028E3F0,06:00273278,07:0028CBD8,08:0026E400,09:002833B0,10:002576C0,11:00289860,12:0027CB68,13:0026FE98,14:0026BDF8,15:00253A78,16:0025F8D0,17:0025E270,18:00266910	
FUN_00215248	exe	72	ed6f3d05d68b9dc9	19	00:00264540,01:002790D0,02:00265BA8,03:002526A8,04:00256D60,05:0028E450,06:002732D8,07:0028CC38,08:0026E460,09:00283410,10:00257720,11:002898C0,12:0027CBC8,13:0026FEF8,14:0026BE58,15:00253AD8,16:0025F930,17:0025E2D0,18:00266970	ui/menus/compute_clamped_count_difference
FUN_00215290	exe	112	021cd4d8fb345b28	19	00:00264588,01:00279118,02:00265BF0,03:002526F0,04:00256DA8,05:0028E498,06:00273320,07:0028CC80,08:0026E4A8,09:00283458,10:00257768,11:00289908,12:0027CC10,13:0026FF40,14:0026BEA0,15:00253B20,16:0025F978,17:0025E318,18:002669B8	ui/menus/count_nonzero_entries_up_to_40
FUN_00215300	exe	72	6a5e2368b925d2e5	19	00:002645F8,01:00279188,02:00265C60,03:00252760,04:00256E18,05:0028E508,06:00273390,07:0028CCF0,08:0026E518,09:002834C8,10:002577D8,11:00289978,12:0027CC80,13:0026FFB0,14:0026BF10,15:00253B90,16:0025F9E8,17:0025E388,18:00266A28	ui/menus/count_nonzero_entries_up_to_10
FUN_00215348	exe	72	7b32ef66ada34192	19	00:00264640,01:002791D0,02:00265CA8,03:002527A8,04:00256E60,05:0028E550,06:002733D8,07:0028CD38,08:0026E560,09:00283510,10:00257820,11:002899C0,12:0027CCC8,13:0026FFF8,14:0026BF58,15:00253BD8,16:0025FA30,17:0025E3D0,18:00266A70	ui/menus/count_nonzero_entries_up_to_30
FUN_00212d68	exe	176	2b0b204d71d34cc8	19	00:00264688,01:00279218,02:00265CF0,03:002527F0,04:00256EA8,05:0028E598,06:00273420,07:0028CD80,08:0026E5A8,09:00283558,10:00257868,11:00289A08,12:0027CD10,13:00270040,14:0026BFA0,15:00253C20,16:0025FA78,17:0025E418,18:00266AB8	gameplay/entities/assign_moby_class_data
FUN_L00_00264740	shared	260	c3e5e63eb8ff505c	19	00:00264740,01:002792D0,02:00265DA8,03:002528A8,04:00256F60,05:0028E650,06:002734D8,07:0028CE38,08:0026E660,09:00283610,10:00257920,11:00289AC0,12:0027CDC8,13:002700F8,14:0026C058,15:00253CD8,16:0025FB30,17:0025E4D0,18:00266B70	
FUN_00212e28	exe	148	0767e63939bf5182	19	00:00264848,01:002793D8,02:00265EB0,03:002529B0,04:00257068,05:0028E758,06:002735E0,07:0028CF40,08:0026E768,09:00283718,10:00257A28,11:00289BC8,12:0027CED0,13:00270200,14:0026C160,15:00253DE0,16:0025FC38,17:0025E5D8,18:00266C78	assembly/textbin/fun_00212e28
FUN_L00_002648e0	shared	644	0089fc9bd5f45d55	19	00:002648E0,01:00279470,02:00265F48,03:00252A48,04:00257100,05:0028E7F0,06:00273678,07:0028CFD8,08:0026E800,09:002837B0,10:00257AC0,11:00289C60,12:0027CF68,13:00270298,14:0026C1F8,15:00253E78,16:0025FCD0,17:0025E670,18:00266D10	
FUN_00215390	exe	144	498574356bd623a4	19	00:00264B68,01:002796F8,02:002661D0,03:00252CD0,04:00257388,05:0028EA78,06:00273900,07:0028D260,08:0026EA88,09:00283A38,10:00257D48,11:00289EE8,12:0027D1F0,13:00270520,14:0026C480,15:00254100,16:0025FF58,17:0025E8F8,18:00266F98	audio/music/reset_music
FUN_00215420	exe	32	f867e4315425c431	19	00:00264BF8,00:00267898,00:002852C0,01:00279788,01:0027C478,01:0029B080,02:00266260,02:00268F10,02:002867D8,03:00252D60,03:00255A50,03:00273F30,03:002DC990,04:00257418,04:0025A108,04:002785F0,05:0028EB08,05:002917F8,05:002AF5C8,06:00273990,06:00276680,06:002940A0,07:0028D2F0,07:0028FB90,07:002ADCE0,07:002F8038,07:0030D420,08:0026EB18,08:00271808,08:0028FA10,08:002DA0D0,09:00283AC8,09:00286258,09:002A40E0,10:00257DD8,10:0025A678,10:002781E0,11:00289F78,11:0028CC68,11:002AA648,12:0027D280,12:0027FF70,12:0029DF68,13:002705B0,13:002732A0,13:00291440,14:0026C510,14:0026F200,14:0028DA50,14:00303350,15:00254190,15:00256E80,15:00274F68,16:0025FFE8,16:00262CD8,16:002805B8,17:0025E988,17:00261228,17:0027F370,18:00267028,18:00269808,18:00287278,18:002FAD08	audio/streaming/register_audio_stream_callback
FUN_00215440	exe	212	69aaee70af4b314e	19	00:00264C18,00:00264DD8,01:002797A8,01:00279968,02:00266280,02:00266440,03:00252D80,03:00252F40,04:00257438,04:002575F8,05:0028EB28,05:0028ECE8,06:002739B0,06:00273B70,07:0028D310,07:0028D4D0,08:0026EB38,08:0026ECF8,09:00283AE8,09:00283CA8,10:00257DF8,10:00257FB8,11:00289F98,11:0028A158,12:0027D2A0,12:0027D460,13:002705D0,13:00270790,14:0026C530,14:0026C6F0,15:002541B0,15:00254370,16:00260008,16:002601C8,17:0025E9A8,17:0025EB68,18:00267048,18:00267208	audio/music/music_start_track_60000
FUN_00215518	exe	232	2ac3894482df6a8b	19	00:00264CF0,01:00279880,02:00266358,03:00252E58,04:00257510,05:0028EC00,06:00273A88,07:0028D3E8,08:0026EC10,09:00283BC0,10:00257ED0,11:0028A070,12:0027D378,13:002706A8,14:0026C608,15:00254288,16:002600E0,17:0025EA80,18:00267120	audio/music/music_start_track_50000
FUN_002156d8	exe	248	68de3ae09ad9db11	19	00:00264EB0,01:00279A40,02:00266518,03:00253018,04:002576D0,05:0028EDC0,06:00273C48,07:0028D5A8,08:0026EDD0,09:00283D80,10:00258090,11:0028A230,12:0027D538,13:00270868,14:0026C7C8,15:00254448,16:002602A0,17:0025EC40,18:002672E0	audio/music/music_start_track_30000
FUN_002157d0	exe	204	f7b2ed1e8e4280a8	19	00:00264FA8,00:00265078,01:00279B38,01:00279C08,02:00266610,02:002666E0,03:00253110,03:002531E0,04:002577C8,04:00257898,05:0028EEB8,05:0028EF88,06:00273D40,06:00273E10,07:0028D6A0,07:0028D770,08:0026EEC8,08:0026EF98,09:00283E78,09:00283F48,10:00258188,10:00258258,11:0028A328,11:0028A3F8,12:0027D630,12:0027D700,13:00270960,13:00270A30,14:0026C8C0,14:0026C990,15:00254540,15:00254610,16:00260398,16:00260468,17:0025ED38,17:0025EE08,18:002673D8,18:002674A8	audio/music/music_start_track_20000
FUN_00215970	exe	412	5b06621878f8fc76	19	00:00265148,01:00279CD8,02:002667B0,03:002532B0,04:00257968,05:0028F058,06:00273EE0,07:0028D840,08:0026F068,09:00284018,10:00258328,11:0028A4C8,12:0027D7D0,13:00270B00,14:0026CA60,15:002546E0,16:00260538,17:0025EED8,18:00267578	audio/music/music_start_track_by_id
FUN_00215b10	exe	88	28a1d8f1f003b650	19	00:002652E8,01:00279E78,02:00266950,03:00253450,04:00257B08,05:0028F1F8,06:00274080,07:0028D9E0,08:0026F208,09:002841B8,10:002584C8,11:0028A668,12:0027D970,13:00270CA0,14:0026CC00,15:00254880,16:002606D8,17:0025F078,18:00267718	audio/streaming/continue_audio_stream_if_ready
FUN_00215b68	exe	212	06e8ea93d48ae90a	19	00:00265340,00:00265418,01:00279ED0,01:00279FA8,02:002669A8,02:00266A80,03:002534A8,03:00253580,04:00257B60,04:00257C38,05:0028F250,05:0028F328,06:002740D8,06:002741B0,07:0028DA38,07:0028DB10,08:0026F260,08:0026F338,09:00284210,09:002842E8,10:00258520,10:002585F8,11:0028A6C0,11:0028A798,12:0027D9C8,12:0027DAA0,13:00270CF8,13:00270DD0,14:0026CC58,14:0026CD30,15:002548D8,15:002549B0,16:00260730,16:00260808,17:0025F0D0,17:0025F1A8,18:00267770,18:00267848	audio/music/music_preseek_track
FUN_00215d18	exe	228	f63b953b8e7103b7	19	00:002654F0,01:0027A080,02:00266B58,03:00253658,04:00257D10,05:0028F400,06:00274288,07:0028DBE8,08:0026F410,09:002843C0,10:002586D0,11:0028A870,12:0027DB78,13:00270EA8,14:0026CE08,15:00254A88,16:002608E0,17:0025F280,18:00267920	audio/music/music_start_track_body
FUN_00215e00	exe	224	7d1ab308f62f1683	19	00:002655D8,01:0027A168,02:00266C40,03:00253740,04:00257DF8,05:0028F4E8,06:00274370,07:0028DCD0,08:0026F4F8,09:002844A8,10:002587B8,11:0028A958,12:0027DC60,13:00270F90,14:0026CEF0,15:00254B70,16:002609C8,17:0025F368,18:00267A08	assembly/textbin/audio/music/music_transition
FUN_00215ee8	exe	360	11afdbff80669f9c	19	00:002656C0,01:0027A2A0,02:00266D78,03:00253878,04:00257F30,05:0028F620,06:002744A8,07:0028DE08,08:0026F630,09:00284590,10:002588F0,11:0028AA90,12:0027DD98,13:002710C8,14:0026D028,15:00254CA8,16:00260B00,17:0025F4A0,18:00267B40	audio/music/music_stop
FUN_00216050	exe	52	f4963dc7ca991354	19	00:00265828,01:0027A408,02:00266EE0,03:002539E0,04:00258098,05:0028F788,06:00274610,07:0028DF70,08:0026F798,09:002846F8,10:00258A58,11:0028ABF8,12:0027DF00,13:00271230,14:0026D190,15:00254E10,16:00260C68,17:0025F608,18:00267CA8	rendering/state/initialize_render_state
FUN_00216088	exe	28	c40cb73ee00a32d7	19	00:00265860,01:0027A440,02:00266F18,03:00253A18,04:002580D0,05:0028F7C0,06:00274648,07:0028DFA8,08:0026F7D0,09:00284730,10:00258A90,11:0028AC30,12:0027DF38,13:00271268,14:0026D1C8,15:00254E48,16:00260CA0,17:0025F640,18:00267CE0	rendering/commands/update_render_state_command
FUN_L00_00265880	shared	64	d119122cb6928411	19	00:00265880,01:0027A460,02:00266F38,03:00253A38,04:002580F0,05:0028F7E0,06:00274668,07:0028DFC8,08:0026F7F0,09:00284750,10:00258AB0,11:0028AC50,12:0027DF58,13:00271288,14:0026D1E8,15:00254E68,16:00260CC0,17:0025F660,18:00267D00	
FUN_002160a8	exe	488	7293c7044ac80d7b	19	00:002658C0,01:0027A4A0,02:00266F78,03:00253A78,04:00258130,05:0028F820,06:002746A8,07:0028E008,08:0026F830,09:00284790,10:00258AF0,11:0028AC90,12:0027DF98,13:002712C8,14:0026D228,15:00254EA8,16:00260D00,17:0025F6A0,18:00267D40	audio/music/music_update_stream
FUN_00216290	exe	1108	db3c286f0f83ae37	19	00:00265AA8,01:0027A688,02:00267160,03:00253C60,04:00258318,05:0028FA08,06:00274890,07:0028E1F0,08:0026FA18,09:00284978,10:00258CD8,11:0028AE78,12:0027E180,13:002714B0,14:0026D410,15:00255090,16:00260EE8,17:0025F888,18:00267F28	assembly/textbin/audio/music/music_update
FUN_002166e8	exe	64	af046b277ffd5c89	19	00:00265F00,01:0027AAE0,02:002675B8,03:002540B8,04:00258770,05:0028FE60,06:00274CE8,07:0028E648,08:0026FE70,09:00284DD0,10:00259130,11:0028B2D0,12:0027E5D8,13:00271908,14:0026D868,15:002554E8,16:00261340,17:0025FCE0,18:00268380	audio/streaming/request_audio_stream_break
FUN_00216728	exe	96	6550504778af4980	19	00:00265F40,01:0027AB20,02:002675F8,03:002540F8,04:002587B0,05:0028FEA0,06:00274D28,07:0028E688,08:0026FEB0,09:00284E10,10:00259170,11:0028B310,12:0027E618,13:00271948,14:0026D8A8,15:00255528,16:00261380,17:0025FD20,18:002683C0	audio/streaming/submit_audio_stream_io_request
FUN_00216788	exe	160	3834eafcae229920	19	00:00265FA0,01:0027AB80,02:00267658,03:00254158,04:00258810,05:0028FF00,06:00274D88,07:0028E6E8,08:0026FF10,09:00284E70,10:002591D0,11:0028B370,12:0027E678,13:002719A8,14:0026D908,15:00255588,16:002613E0,17:0025FD80,18:00268420	audio/streaming/start_audio_stream_read
FUN_00216828	exe	124	3d4f8665837bf2f0	19	00:00266040,01:0027AC20,02:002676F8,03:002541F8,04:002588B0,05:0028FFA0,06:00274E28,07:0028E788,08:0026FFB0,09:00284F10,10:00259270,11:0028B410,12:0027E718,13:00271A48,14:0026D9A8,15:00255628,16:00261480,17:0025FE20,18:002684C0	audio/load
FUN_002168a8	exe	168	b53a025feb12cfbb	19	00:002660C0,01:0027ACA0,02:00267778,03:00254278,04:00258930,05:00290020,06:00274EA8,07:0028E808,08:00270030,09:00284F90,10:002592F0,11:0028B490,12:0027E798,13:00271AC8,14:0026DA28,15:002556A8,16:00261500,17:0025FEA0,18:00268540	audio/streaming/update_audio_stream_until_idle
FUN_00216950	exe	64	6e2f0cbac26560b6	19	00:00266168,01:0027AD48,02:00267820,03:00254320,04:002589D8,05:002900C8,06:00274F50,07:0028E8B0,08:002700D8,09:00285038,10:00259398,11:0028B538,12:0027E840,13:00271B70,14:0026DAD0,15:00255750,16:002615A8,17:0025FF48,18:002685E8	audio/streaming/finish_audio_stream_read
FUN_00216990	exe	44	893f40f76b6604c4	19	00:002661A8,01:0027AD88,02:00267860,03:00254360,04:00258A18,05:00290108,06:00274F90,07:0028E8F0,08:00270118,09:00285078,10:002593D8,11:0028B578,12:0027E880,13:00271BB0,14:0026DB10,15:00255790,16:002615E8,17:0025FF88,18:00268628	audio/streaming/fun_00216990
FUN_002169c0	exe	92	3fd82f2e29bfec4c	19	00:002661D8,00:00266238,01:0027ADB8,01:0027AE18,02:00267890,02:002678F0,03:00254390,03:002543F0,04:00258A48,04:00258AA8,05:00290138,05:00290198,06:00274FC0,06:00275020,07:0028E920,07:0028E980,08:00270148,08:002701A8,09:002850A8,09:00285108,10:00259408,10:00259468,11:0028B5A8,11:0028B608,12:0027E8B0,12:0027E910,13:00271BE0,13:00271C40,14:0026DB40,14:0026DBA0,15:002557C0,15:00255820,16:00261618,16:00261678,17:0025FFB8,17:00260018,18:00268658,18:002686B8	audio/streaming/fun_002169c0
FUN_00216a80	exe	72	de565bacc9736520	19	00:00266298,01:0027AE78,02:00267950,03:00254450,04:00258B08,05:002901F8,06:00275080,07:0028E9E0,08:00270208,09:00285168,10:002594C8,11:0028B668,12:0027E970,13:00271CA0,14:0026DC00,15:00255880,16:002616D8,17:00260078,18:00268718	audio/streaming/fun_00216a80
FUN_00216ad0	exe	80	0053e8875048a307	19	00:002662E8,01:0027AEC8,02:002679A0,03:002544A0,04:00258B58,05:00290248,06:002750D0,07:0028EA30,08:00270258,09:002851B8,10:00259518,11:0028B6B8,12:0027E9C0,13:00271CF0,14:0026DC50,15:002558D0,16:00261728,17:002600C8,18:00268768	audio/streaming/fun_00216ad0
FUN_00216b28	exe	56	109424fdeb83e054	19	00:00266340,01:0027AF20,02:002679F8,03:002544F8,04:00258BB0,05:002902A0,06:00275128,07:0028EA88,08:002702B0,09:00285210,10:00259570,11:0028B710,12:0027EA18,13:00271D48,14:0026DCA8,15:00255928,16:00261780,17:00260120,18:002687C0	audio/streaming/fun_00216b28
FUN_00216b68	exe	88	16a5acedb447cb97	19	00:00266380,01:0027AF60,02:00267A38,03:00254538,04:00258BF0,05:002902E0,06:00275168,07:0028EAC8,08:002702F0,09:00285250,10:002595B0,11:0028B750,12:0027EA58,13:00271D88,14:0026DCE8,15:00255968,16:002617C0,17:00260160,18:00268800	audio/voices/set_sound_handle_id
FUN_00216bc0	exe	104	2ee055472d2a85c9	19	00:002663D8,01:0027AFB8,02:00267A90,03:00254590,04:00258C48,05:00290338,06:002751C0,07:0028EB20,08:00270348,09:002852A8,10:00259608,11:0028B7A8,12:0027EAB0,13:00271DE0,14:0026DD40,15:002559C0,16:00261818,17:002601B8,18:00268858	audio/streaming/fun_00216bc0
FUN_L00_00266448	shared	904	816cee01d9282927	14	00:00266448,01:0027B028,02:00267B00,03:00254600,04:00258CB8,05:002903A8,06:00275230,08:002703B8,11:0028B818,12:0027EB20,13:00271E50,14:0026DDB0,15:00255A30,16:00261888	
FUN_L00_002667d0	shared	132	20bb92abbd5dd341	17	00:002667D0,01:0027B3B0,02:00267E88,03:00254988,04:00259040,05:00290730,06:002755B8,07:0028EB90,08:00270740,10:00259678,11:0028BBA0,12:0027EEA8,13:002721D8,14:0026E138,15:00255DB8,16:00261C10,17:00260228	
FUN_L00_00266858	shared	68	f633df2603213ab0	16	00:00266858,01:0027B438,03:00254A10,04:002590C8,05:002907B8,06:00275640,07:0028EC18,08:002707C8,10:00259700,11:0028BC28,12:0027EF30,13:00272260,14:0026E1C0,15:00255E40,16:00261C98,17:002602B0	
FUN_L00_002668a0	shared	204	75554679f11a5c05	14	00:002668A0,01:0027B480,02:00267F18,03:00254A58,04:00259110,05:00290800,06:00275688,08:00270810,11:0028BC70,12:0027EF78,13:002722A8,14:0026E208,15:00255E88,16:00261CE0	
FUN_00216c48	exe	984	dcd1725a7a004686	19	00:00266970,01:0027B550,02:00267FE8,03:00254B28,04:002591E0,05:002908D0,06:00275758,07:0028EC68,08:002708E0,09:00285330,10:00259750,11:0028BD40,12:0027F048,13:00272378,14:0026E2D8,15:00255F58,16:00261DB0,17:00260300,18:002688E0	ui/menus/fun_00216c48
FUN_00217020	exe	20	06102fd96acbf6bd	19	00:00266D48,01:0027B928,02:002683C0,03:00254F00,04:002595B8,05:00290CA8,06:00275B30,07:0028F040,08:00270CB8,09:00285708,10:00259B28,11:0028C118,12:0027F420,13:00272750,14:0026E6B0,15:00256330,16:00262188,17:002606D8,18:00268CB8	runtime/state/reset_global_state
FUN_L00_00266d60	shared	160	e30a273995799821	19	00:00266D60,01:0027B940,02:002683D8,03:00254F18,04:002595D0,05:00290CC0,06:00275B48,07:0028F058,08:00270CD0,09:00285720,10:00259B40,11:0028C130,12:0027F438,13:00272768,14:0026E6C8,15:00256348,16:002621A0,17:002606F0,18:00268CD0	
FUN_L00_00266e00	shared	128	9351fa7f99bdc75d	19	00:00266E00,01:0027B9E0,02:00268478,03:00254FB8,04:00259670,05:00290D60,06:00275BE8,07:0028F0F8,08:00270D70,09:002857C0,10:00259BE0,11:0028C1D0,12:0027F4D8,13:00272808,14:0026E768,15:002563E8,16:00262240,17:00260790,18:00268D70	
FUN_L00_00266e80	shared	68	6c678a4eea26d5ee	19	00:00266E80,01:0027BA60,02:002684F8,03:00255038,04:002596F0,05:00290DE0,06:00275C68,07:0028F178,08:00270DF0,09:00285840,10:00259C60,11:0028C250,12:0027F558,13:00272888,14:0026E7E8,15:00256468,16:002622C0,17:00260810,18:00268DF0	
FUN_00217048	exe	128	ccc0749c1a249e6e	19	00:00266ED0,01:0027BAB0,02:00268548,03:00255088,04:00259740,05:00290E30,06:00275CB8,07:0028F1C8,08:00270E40,09:00285890,10:00259CB0,11:0028C2A0,12:0027F5A8,13:002728D8,14:0026E838,15:002564B8,16:00262310,17:00260860,18:00268E40	input/pad/init_pads
FUN_002170c8	exe	500	0b2dc9947215e069	19	00:00266F50,01:0027BB30,02:002685C8,03:00255108,04:002597C0,05:00290EB0,06:00275D38,07:0028F248,08:00270EC0,09:00285910,10:00259D30,11:0028C320,12:0027F628,13:00272958,14:0026E8B8,15:00256538,16:00262390,17:002608E0,18:00268EC0	input/pad/poll_pad_device_state
FUN_002172c0	exe	96	0dda5ed6e5057e63	19	00:00267148,01:0027BD28,02:002687C0,03:00255300,04:002599B8,05:002910A8,06:00275F30,07:0028F440,08:002710B8,09:00285B08,10:00259F28,11:0028C518,12:0027F820,13:00272B50,14:0026EAB0,15:00256730,16:00262588,17:00260AD8,18:002690B8	input/pad/clear_pad_input
FUN_00217328	exe	1768	c2be3a73a08d8203	19	00:002671B0,01:0027BD90,02:00268828,03:00255368,04:00259A20,05:00291110,06:00275F98,07:0028F4A8,08:00271120,09:00285B70,10:00259F90,11:0028C580,12:0027F888,13:00272BB8,14:0026EB18,15:00256798,16:002625F0,17:00260B40,18:00269120	input/pad/process_pad_input
FUN_L00_002678b8	shared	8	829c1f35a88d4a14	19	00:002678B8,01:0027C498,02:00268F30,03:00255A70,04:0025A128,05:00291818,06:002766A0,07:0028FBB0,08:00271828,09:00286278,10:0025A698,11:0028CC88,12:0027FF90,13:002732C0,14:0026F220,15:00256EA0,16:00262CF8,17:00261248,18:00269828	
FUN_L00_002678c0	shared	328	6962cfce9ff4f974	19	00:002678C0,01:0027C4A0,02:00268F38,03:00255A78,04:0025A130,05:00291820,06:002766A8,07:0028FBB8,08:00271830,09:00286280,10:0025A6A0,11:0028CC90,12:0027FF98,13:002732C8,14:0026F228,15:00256EA8,16:00262D00,17:00261250,18:00269830	
FUN_L00_00267a08	shared	260	8f69dd4b5b2638c7	19	00:00267A08,01:0027C5E8,02:00269080,03:00255BC0,04:0025A278,05:00291968,06:002767F0,07:0028FD00,08:00271978,09:002863C8,10:0025A7E8,11:0028CDD8,12:002800E0,13:00273410,14:0026F370,15:00256FF0,16:00262E48,17:00261398,18:00269978	
FUN_L00_00267b10	shared	248	f974e03308360a5e	19	00:00267B10,01:0027C6F0,02:00269188,03:00255CC8,04:0025A380,05:00291A70,06:002768F8,07:0028FE08,08:00271A80,09:002864D0,10:0025A8F0,11:0028CEE0,12:002801E8,13:00273518,14:0026F478,15:002570F8,16:00262F50,17:002614A0,18:00269A80	
FUN_00217b88	exe	136	b7384361e9eaf522	19	00:00267C08,01:0027C7E8,02:00269280,03:00255DC0,04:0025A478,05:00291B68,06:002769F0,07:0028FF00,08:00271B78,09:002865C8,10:0025A9E8,11:0028CFD8,12:002802E0,13:00273610,14:0026F570,15:002571F0,16:00263048,17:00261598,18:00269B78	assembly/textbin/update_parts
FUN_00217c18	exe	3060	684fd01538db019d	19	00:00267C98,01:0027C878,02:00269310,03:00255E50,04:0025A508,05:00291BF8,06:00276A80,07:0028FF90,08:00271C08,09:00286658,10:0025AA78,11:0028D068,12:00280370,13:002736A0,14:0026F600,15:00257280,16:002630D8,17:00261628,18:00269C08	assembly/textbin/part_proc
FUN_0021880c	exe	112	30fdefec4163b943	19	00:0026888C,01:0027D46C,02:00269F04,03:00256A44,04:0025B0FC,05:002927EC,06:00277674,07:00290B84,08:002727FC,09:0028724C,10:0025B66C,11:0028DC5C,12:00280F64,13:00274294,14:002701F4,15:00257E74,16:00263CCC,17:0026221C,18:0026A7FC	assembly/textbin/part_load_tex
FUN_L00_00268900	shared	1096	0e7a9daad382efd6	19	00:00268900,01:0027D4E0,02:00269F78,03:00256AB8,04:0025B170,05:00292860,06:002776E8,07:00290BF8,08:00272870,09:002872C0,10:0025B6E0,11:0028DCD0,12:00280FD8,13:00274308,14:00270268,15:00257EE8,16:00263D40,17:00262290,18:0026A870	
FUN_L00_00268d48	shared	452	7803da8c344e3351	19	00:00268D48,01:0027D928,02:0026A3C0,03:00256F00,04:0025B5B8,05:00292CA8,06:00277B30,07:00291040,08:00272EB8,09:00287708,10:0025BB28,11:0028E118,12:00281620,13:00274750,14:002708B0,15:00258330,16:00264188,17:002626D8,18:0026ACB8	
FUN_L00_00268f10	shared	216	2be9b2dba2af1ccb	19	00:00268F10,01:0027DAF0,02:0026A588,03:002570C8,04:0025B780,05:00292E70,06:00277CF8,07:00291208,08:00273080,09:002878D0,10:0025BCF0,11:0028E2E0,12:002817E8,13:00274918,14:00270A78,15:002584F8,16:00264350,17:002628A0,18:0026AE80	
FUN_L00_00268fe8	shared	208	7c8b7ffed7f3b1f9	19	00:00268FE8,01:0027DBC8,02:0026A660,03:002571A0,04:0025B858,05:00292F48,06:00277DD0,07:002912E0,08:00273158,09:002879A8,10:0025BDC8,11:0028E3B8,12:002818C0,13:002749F0,14:00270B50,15:002585D0,16:00264428,17:00262978,18:0026AF58	
FUN_00218888	exe	468	1f28e9c1aae4592b	19	00:002690B8,01:0027DC98,02:0026A730,03:00257270,04:0025B928,05:00293018,06:00277EA0,07:002913B0,08:00273228,09:00287A78,10:0025BE98,11:0028E488,12:00281990,13:00274AC0,14:00270C20,15:002586A0,16:002644F8,17:00262A48,18:0026B028	rendering/fun_00218888
FUN_L00_00269290	shared	608	7a8949da695c2fb4	19	00:00269290,01:0027DE70,02:0026A908,03:00257448,04:0025BB00,05:002931F0,06:00278078,07:00291588,08:00273400,09:00287C50,10:0025C070,11:0028E660,12:00281B68,13:00274C98,14:00270DF8,15:00258878,16:002646D0,17:00262C20,18:0026B200	
FUN_L00_002694f8	shared	1120	df2b505ca4d6ec01	19	00:002694F8,01:0027E0D8,02:0026AB70,03:002576B0,04:0025BD68,05:00293458,06:002782E0,07:002917F0,08:00273668,09:00287EB8,10:0025C2D8,11:0028E8C8,12:00281DD0,13:00274F00,14:00271060,15:00258AE0,16:00264938,17:00262E88,18:0026B468	
FUN_L00_00269958	shared	276	60d732f3e668405a	19	00:00269958,01:0027E538,02:0026AFD0,03:00257B10,04:0025C1C8,05:002938B8,06:00278740,07:00291C50,08:00273AC8,09:00288318,10:0025C738,11:0028ED28,12:00282230,13:00275360,14:002714C0,15:00258F40,16:00264D98,17:002632E8,18:0026B8C8	
FUN_L00_00269a70	shared	252	86af2ac166552031	19	00:00269A70,01:0027E650,02:0026B0E8,03:00257C28,04:0025C2E0,05:002939D0,06:00278858,07:00291D68,08:00273BE0,09:00288430,10:0025C850,11:0028EE40,12:00282348,13:00275478,14:002715D8,15:00259058,16:00264EB0,17:00263400,18:0026B9E0	
FUN_L00_00269b70	shared	252	6a530d144c1ff614	19	00:00269B70,01:0027E750,02:0026B1E8,03:00257D28,04:0025C3E0,05:00293AD0,06:00278958,07:00291E68,08:00273CE0,09:00288530,10:0025C950,11:0028EF40,12:00282448,13:00275578,14:002716D8,15:00259158,16:00264FB0,17:00263500,18:0026BAE0	
FUN_L00_00269c70	shared	176	bb4b3e755a21f4c9	19	00:00269C70,00:0026A418,01:0027E850,01:0027F200,02:0026B2E8,02:0026BA90,03:00257E28,03:002585D0,04:0025C4E0,04:0025CC88,05:00293BD0,05:00294378,06:00278A58,06:00279200,07:00291F68,07:00292710,08:00273DE0,08:00274588,09:00288630,09:00288DD8,10:0025CA50,10:0025D1F8,11:0028F040,11:0028F7E8,12:00282548,12:00282CF0,13:00275678,13:00275E20,14:002717D8,14:00271F80,15:00259258,15:00259A00,16:002650B0,16:00265858,17:00263600,17:00263DA8,18:0026BBE0,18:0026C388	
FUN_L00_00269d20	shared	1780	320d3a2969b29f5d	19	00:00269D20,01:0027EB08,02:0026B398,03:00257ED8,04:0025C590,05:00293C80,06:00278B08,07:00292018,08:00273E90,09:002886E0,10:0025CB00,11:0028F0F0,12:002825F8,13:00275728,14:00271888,15:00259308,16:00265160,17:002636B0,18:0026BC90	
FUN_L00_0026a4c8	shared	236	faf9cf35e3b235b9	19	00:0026A4C8,01:0027F2B0,02:0026BB40,03:00258680,04:0025CD38,05:00294428,06:002792B0,07:002927C0,08:00274638,09:00288E88,10:0025D2A8,11:0028F898,12:00282DA0,13:00275ED0,14:00272030,15:00259AB0,16:00265908,17:00263E58,18:0026C438	
FUN_L00_0026a5b8	shared	300	91d9e4451c9cc83f	19	00:0026A5B8,01:0027F3A0,02:0026BC30,03:00258770,04:0025CE28,05:00294518,06:002793A0,07:002928B0,08:00274728,09:00288F78,10:0025D398,11:0028F988,12:00282E90,13:00275FC0,14:00272120,15:00259BA0,16:002659F8,17:00263F48,18:0026C528	
FUN_L00_0026a6f0	shared	392	fc86868cd5487d19	19	00:0026A6F0,01:0027F4D8,02:0026BD68,03:002588A8,04:0025CF60,05:00294650,06:002794D8,07:002929E8,08:00274860,09:002890B0,10:0025D4D0,11:0028FAC0,12:00282FC8,13:002760F8,14:00272258,15:00259CD8,16:00265B30,17:00264080,18:0026C660	
FUN_L00_0026a880	shared	368	506fc183f0c1fdf2	19	00:0026A880,01:0027F788,02:0026BEF8,03:00258B58,04:0025D210,05:002947E0,06:00279668,07:00292B78,08:002749F0,09:00289240,10:0025D660,11:0028FC50,12:00283158,13:00276288,14:00272508,15:00259E68,16:00265CC0,17:00264210,18:0026C7F0	
FUN_L00_0026a9f0	shared	644	2c359d56f23e133d	19	00:0026A9F0,01:0027F8F8,02:0026C068,03:00258CC8,04:0025D380,05:00294950,06:002797D8,07:00292CE8,08:00274B60,09:002893B0,10:0025D7D0,11:0028FDC0,12:002832C8,13:002763F8,14:00272678,15:00259FD8,16:00265E30,17:00264380,18:0026C960	
FUN_L00_0026ac78	shared	1464	4adb4b7c65fffeb6	19	00:0026AC78,01:0027FB80,02:0026C2F0,03:00258F50,04:0025D608,05:00294BD8,06:00279A60,07:00292F70,08:00274DE8,09:00289638,10:0025DA58,11:00290048,12:00283550,13:00276680,14:00272900,15:0025A260,16:002660B8,17:00264608,18:0026CBE8	
FUN_L00_0026b230	shared	720	c73d8771f83a348f	19	00:0026B230,01:00280138,02:0026C8A8,03:00259508,04:0025DBC0,05:00295190,06:0027A018,07:00293528,08:002753A0,09:00289BF0,10:0025E010,11:00290600,12:00283B08,13:00276C38,14:00272EB8,15:0025A818,16:00266670,17:00264BC0,18:0026D1A0	
FUN_L00_0026b500	shared	656	c2a49bc9139cbe3c	19	00:0026B500,01:00280408,02:0026CB78,03:002597D8,04:0025DE90,05:00295460,06:0027A2E8,07:002937F8,08:00275670,09:00289EC0,10:0025E2E0,11:002908D0,12:00283DD8,13:00276F08,14:00273188,15:0025AAE8,16:00266940,17:00264E90,18:0026D470	
FUN_L00_0026b790	shared	384	71d20161ac6d3681	19	00:0026B790,01:00280698,02:0026CE08,03:00259A68,04:0025E120,05:002956F0,06:0027A578,07:00293A88,08:00275900,09:0028A150,10:0025E570,11:00290B60,12:00284068,13:00277198,14:00273418,15:0025AD78,16:00266BD0,17:00265120,18:0026D700	
FUN_L00_0026b910	shared	344	6fe776210ed2dd2f	19	00:0026B910,01:00280818,02:0026CF88,03:00259BE8,04:0025E2A0,05:00295870,06:0027A6F8,07:00293C08,08:00275A80,09:0028A2D0,10:0025E6F0,11:00290CE0,12:002841E8,13:00277318,14:00273598,15:0025AEF8,16:00266D50,17:002652A0,18:0026D880	
FUN_L00_0026ba68	shared	260	09226b6e6a51ea47	19	00:0026BA68,01:00280AC8,02:0026D0E0,03:00259D40,04:0025E3F8,05:002959C8,06:0027A9A8,07:00293D60,08:00275D30,09:0028A580,10:0025E848,11:00290E38,12:00284340,13:00277470,14:002736F0,15:0025B1A8,16:00266EA8,17:00265550,18:0026D9D8	
FUN_L00_0026bb70	shared	308	d59d22fd1b30ed5e	19	00:0026BB70,01:00280BD0,02:0026D1E8,03:00259E48,04:0025E500,05:00295AD0,06:0027AAB0,07:00293E68,08:00275E38,09:0028A688,10:0025E950,11:00290F40,12:00284448,13:00277578,14:002737F8,15:0025B2B0,16:00266FB0,17:00265658,18:0026DAE0	
FUN_L00_0026bca8	shared	552	95feea5066248492	19	00:0026BCA8,01:00280D08,02:0026D320,03:00259F80,04:0025E638,05:00295C08,06:0027ABE8,07:00293FA0,08:00275F70,09:0028A7C0,10:0025EA88,11:00291078,12:00284580,13:002776B0,14:00273930,15:0025B3E8,16:002670E8,17:00265790,18:0026DC18	
FUN_L00_0026bed0	shared	440	1f75290f9cbf2213	19	00:0026BED0,01:00280F30,02:0026D548,03:0025A1A8,04:0025E860,05:00295E30,06:0027AE10,07:002941C8,08:00276198,09:0028A9E8,10:0025ECB0,11:002912A0,12:002847A8,13:002778D8,14:00273B58,15:0025B610,16:00267310,17:002659B8,18:0026DE40	
FUN_L00_0026c088	shared	832	8febb4532a6dda94	19	00:0026C088,01:002810E8,02:0026D700,03:0025A360,04:0025EA18,05:00295FE8,06:0027AFC8,07:00294380,08:00276350,09:0028ABA0,10:0025EE68,11:00291458,12:00284960,13:00277A90,14:00273D10,15:0025B7C8,16:002674C8,17:00265B70,18:0026DFF8	
FUN_L00_0026c3d0	shared	388	b6e38265d5af7b11	19	00:0026C3D0,01:00281430,02:0026DA48,03:0025A6A8,04:0025ED60,05:00296330,06:0027B310,07:002946C8,08:00276698,09:0028AEE8,10:0025F1B0,11:002917A0,12:00284CA8,13:00277DD8,14:00274058,15:0025BB10,16:00267810,17:00265EB8,18:0026E340	
FUN_L00_0026c558	shared	396	ef3c78e8960941a1	19	00:0026C558,01:002815B8,02:0026DBD0,03:0025A830,04:0025EEE8,05:002964B8,06:0027B498,07:00294850,08:00276820,09:0028B070,10:0025F338,11:00291928,12:00284E30,13:00277F60,14:002741E0,15:0025BC98,16:00267998,17:00266040,18:0026E4C8	
FUN_L00_0026c6e8	shared	260	012d3cd8aed45285	19	00:0026C6E8,01:00281748,02:0026DD60,03:0025A9C0,04:0025F078,05:00296648,06:0027B628,07:002949E0,08:002769B0,09:0028B200,10:0025F4C8,11:00291AB8,12:00284FC0,13:002780F0,14:00274370,15:0025BE28,16:00267B28,17:002661D0,18:0026E658	
FUN_L00_0026c7f0	shared	108	53ca7eb0c7348a08	19	00:0026C7F0,01:00281850,02:0026DE68,03:0025AAC8,04:0025F180,05:00296750,06:0027B730,07:00294AE8,08:00276AB8,09:0028B308,10:0025F5D0,11:00291BC0,12:002850C8,13:002781F8,14:00274478,15:0025BF30,16:00267C30,17:002662D8,18:0026E760	
FUN_L00_0026c860	shared	844	26caeddf240d3539	19	00:0026C860,01:002818C0,02:0026DED8,03:0025AB38,04:0025F1F0,05:002967C0,06:0027B7A0,07:00294B58,08:00276B28,09:0028B378,10:0025F640,11:00291C30,12:00285138,13:00278268,14:002744E8,15:0025BFA0,16:00267CA0,17:00266348,18:0026E7D0	
FUN_L00_0026cbb0	shared	256	13a75338b327e05f	19	00:0026CBB0,01:00281C10,02:0026E228,03:0025AE88,04:0025F540,05:00296B10,06:0027BAF0,07:00294EA8,08:00276E78,09:0028B6C8,10:0025F990,11:00291F80,12:00285488,13:002785B8,14:00274838,15:0025C2F0,16:00267FF0,17:00266698,18:0026EB20	
FUN_L00_0026ccb0	shared	544	a9e0a7a6369192cb	19	00:0026CCB0,01:00281D10,02:0026E328,03:0025AF88,04:0025F640,05:00296C10,06:0027BBF0,07:00294FA8,08:00276F78,09:0028B7C8,10:0025FA90,11:00292080,12:00285588,13:002786B8,14:00274938,15:0025C3F0,16:002680F0,17:00266798,18:0026EC20	
FUN_L00_0026ced0	shared	300	d4dca8c22ccee1c1	19	00:0026CED0,01:00281F30,02:0026E548,03:0025B1A8,04:0025F860,05:00296E30,06:0027BE10,07:002951C8,08:00277198,09:0028B9E8,10:0025FCB0,11:002922A0,12:002857A8,13:002788D8,14:00274B58,15:0025C610,16:00268310,17:002669B8,18:0026EE40	
FUN_L00_0026d000	shared	428	f1a2e1d3a4187802	19	00:0026D000,01:00282060,02:0026E678,03:0025B2D8,04:0025F990,05:00296F60,06:0027BF40,07:002952F8,08:002772C8,09:0028BB18,10:0025FDE0,11:002923D0,12:002858D8,13:00278A08,14:00274C88,15:0025C740,16:00268440,17:00266AE8,18:0026EF70	
FUN_L00_0026d1b0	shared	704	e93e774c0d0f4859	19	00:0026D1B0,01:00282210,02:0026E828,03:0025B488,04:0025FB40,05:00297110,06:0027C0F0,07:002954A8,08:00277478,09:0028BCC8,10:0025FF90,11:00292580,12:00285A88,13:00278BB8,14:00274E38,15:0025C8F0,16:002685F0,17:00266C98,18:0026F120	
FUN_L00_0026d470	shared	292	6e6b80bbbe8fabca	19	00:0026D470,01:002824D0,02:0026EAE8,03:0025B748,04:0025FE00,05:002973D0,06:0027C3B0,07:00295768,08:00277738,09:0028BF88,10:00260250,11:00292840,12:00285D48,13:00278E78,14:002750F8,15:0025CBB0,16:002688B0,17:00266F58,18:0026F3E0	
FUN_L00_0026d598	shared	356	c88bcc0829943262	19	00:0026D598,01:002825F8,02:0026EC10,03:0025B870,04:0025FF28,05:002974F8,06:0027C4D8,07:00295890,08:00277860,09:0028C0B0,10:00260378,11:00292968,12:00285E70,13:00278FA0,14:00275220,15:0025CCD8,16:002689D8,17:00267080,18:0026F508	
FUN_L00_0026d700	shared	924	6d1d56679a175bfb	19	00:0026D700,01:00282760,02:0026ED78,03:0025B9D8,04:00260090,05:00297660,06:0027C640,07:002959F8,08:002779C8,09:0028C218,10:002604E0,11:00292AD0,12:00285FD8,13:00279108,14:00275388,15:0025CE40,16:00268B40,17:002671E8,18:0026F670	
FUN_L00_0026daa0	shared	320	dfc979686b0bb226	19	00:0026DAA0,01:00282B00,02:0026F118,03:0025BD78,04:00260430,05:00297A00,06:0027C9E0,07:00295D98,08:00277D68,09:0028C5B8,10:00260880,11:00292E70,12:00286378,13:002794A8,14:00275728,15:0025D1E0,16:00268EE0,17:00267588,18:0026FA10	
FUN_L00_0026dbe0	shared	316	7ba5b08313b13ea5	19	00:0026DBE0,01:00282C40,02:0026F258,03:0025BEB8,04:00260570,05:00297B40,06:0027CB20,07:00295ED8,08:00277EA8,09:0028C6F8,10:002609C0,11:00292FB0,12:002864B8,13:002795E8,14:00275868,15:0025D320,16:00269020,17:002676C8,18:0026FB50	
FUN_L00_0026dd20	shared	224	c4173ba12719323a	19	00:0026DD20,01:00282D80,02:0026F398,03:0025BFF8,04:002606B0,05:00297C80,06:0027CC60,07:00296018,08:00277FE8,09:0028C838,10:00260B00,11:002930F0,12:002865F8,13:00279728,14:002759A8,15:0025D460,16:00269160,17:00267808,18:0026FC90	
FUN_L00_0026de00	shared	144	0fd8243d31b0a19a	19	00:0026DE00,01:00282E60,02:0026F478,03:0025C0D8,04:00260790,05:00297D60,06:0027CD40,07:002960F8,08:002780C8,09:0028C918,10:00260BE0,11:002931D0,12:002866D8,13:00279808,14:00275A88,15:0025D540,16:00269240,17:002678E8,18:0026FD70	
FUN_L00_0026de90	shared	700	78ddf915d7b0d065	19	00:0026DE90,01:00282EF0,02:0026F508,03:0025C168,04:00260820,05:00297DF0,06:0027CDD0,07:00296188,08:00278158,09:0028C9A8,10:00260C70,11:00293260,12:00286768,13:00279898,14:00275B18,15:0025D5D0,16:002692D0,17:00267978,18:0026FE00	
FUN_L00_0026e150	shared	592	39e957ed89f19da2	19	00:0026E150,01:002831B0,02:0026F7C8,03:0025C428,04:00260AE0,05:002980B0,06:0027D090,07:00296448,08:00278418,09:0028CC68,10:00260F30,11:00293520,12:00286A28,13:00279B58,14:00275DD8,15:0025D890,16:00269590,17:00267C38,18:002700C0	
FUN_L00_0026e3a8	shared	712	dfdd3de06dc75c5b	19	00:0026E3A8,01:00283408,02:0026FA20,03:0025C680,04:00260D38,05:00298308,06:0027D2E8,07:002966A0,08:00278670,09:0028CEC0,10:00261188,11:00293778,12:00286C80,13:00279DB0,14:00276030,15:0025DAE8,16:002697E8,17:00267E90,18:00270318	
FUN_L00_0026e670	shared	1292	5f65da14fe0d0b92	19	00:0026E670,01:002836D0,02:0026FCE8,03:0025C948,04:00261000,05:002985D0,06:0027D5B0,07:00296968,08:00278938,09:0028D188,10:00261450,11:00293A40,12:00286F48,13:0027A078,14:002762F8,15:0025DDB0,16:00269AB0,17:00268158,18:002705E0	
FUN_L00_0026eb88	shared	412	be8585d5f2bd14a6	19	00:0026EB88,01:00283BE8,02:00270200,03:0025CE60,04:00261518,05:00298AE8,06:0027DAC8,07:00296E80,08:00278E50,09:0028D6A0,10:00261968,11:00293F58,12:00287460,13:0027A590,14:00276810,15:0025E3C8,16:00269FC8,17:00268670,18:00270BF8	
FUN_L00_0026ed28	shared	284	06c1a3138241c7a9	19	00:0026ED28,01:00283D88,02:002703A0,03:0025D000,04:002616B8,05:00298C88,06:0027DC68,07:00297020,08:00278FF0,09:0028D840,10:00261B08,11:002940F8,12:00287600,13:0027A730,14:002769B0,15:0025E568,16:0026A168,17:00268810,18:00270D98	
FUN_L00_0026ee48	shared	508	7381eeb632b652cc	19	00:0026EE48,01:00283EA8,02:002704C0,03:0025D120,04:002617D8,05:00298DA8,06:0027DD88,07:00297140,08:00279110,09:0028D960,10:00261C28,11:00294218,12:00287720,13:0027A850,14:00276AD0,15:0025E688,16:0026A288,17:00268930,18:00270EB8	
FUN_L00_0026f048	shared	56	2512b672520a3fd9	19	00:0026F048,00:002738B0,01:002840A8,01:00288D58,02:002706C0,02:00274E78,03:0025D320,03:00261DA0,04:002619D8,04:00266378,05:00298FA8,05:0029DBA0,06:0027DF88,06:00282740,07:00297340,07:0029BEB8,08:00279310,08:0027DD90,09:0028DB60,09:002923C8,10:00261E28,10:002668F8,11:00294418,11:00298CE8,12:00287920,12:0028C1F0,13:0027AA50,13:0027F4A0,14:00276CD0,14:0027B540,15:0025E888,15:00263348,16:0026A488,16:0026ECF0,17:00268B30,17:0026D510,18:002710B8,18:00275920	
FUN_L00_0026f080	shared	508	2161ec0aba46fd1d	19	00:0026F080,01:002840E0,02:002706F8,03:0025D358,04:00261A10,05:00298FE0,06:0027DFC0,07:00297378,08:00279348,09:0028DB98,10:00261E60,11:00294450,12:00287958,13:0027AA88,14:00276D08,15:0025E8C0,16:0026A4C0,17:00268B68,18:002710F0	
FUN_L00_0026f280	shared	712	6ece309d2befa497	19	00:0026F280,01:002842E0,02:002708F8,03:0025D558,04:00261C10,05:002991E0,06:0027E1C0,07:00297578,08:00279548,09:0028DD98,10:00262060,11:00294650,12:00287B58,13:0027AC88,14:00276F08,15:0025EAC0,16:0026A6C0,17:00268D68,18:002712F0	
FUN_L00_0026f548	shared	276	6b08b9bf4c3d7334	19	00:0026F548,01:002845A8,02:00270BC0,03:0025D820,04:00261ED8,05:002994A8,06:0027E488,07:00297840,08:00279810,09:0028E060,10:00262328,11:00294918,12:00287E20,13:0027AF50,14:002771D0,15:0025ED88,16:0026A988,17:00269030,18:002715B8	
FUN_L00_0026f660	shared	556	bb5c8c2faabd8b3b	19	00:0026F660,01:002846C0,02:00270CD8,03:0025D938,04:00261FF0,05:002995C0,06:0027E5A0,07:00297958,08:00279928,09:0028E178,10:00262440,11:00294A30,12:00287F38,13:0027B068,14:002772E8,15:0025EEA0,16:0026AAA0,17:00269148,18:002716D0	
FUN_L00_0026f898	shared	352	11deb9e4c8107f32	19	00:0026F898,01:002848F8,02:00270F10,03:0025DB70,04:00262228,05:002997F8,06:0027E7D8,07:00297B90,08:00279B60,09:0028E3B0,10:00262678,11:00294C68,12:00288170,13:0027B2A0,14:00277520,15:0025F0D8,16:0026ACD8,17:00269380,18:00271908	
FUN_L00_0026fa00	shared	252	2d1fef63f2a9e72f	19	00:0026FA00,01:00284A60,02:00271078,03:0025DCD8,04:00262390,05:00299960,06:0027E940,07:00297CF8,08:00279CC8,09:0028E518,10:002627E0,11:00294DD0,12:002882D8,13:0027B408,14:00277688,15:0025F240,16:0026AE40,17:002694E8,18:00271A70	
FUN_L00_0026fb00	shared	312	08c03b4e785390e1	19	00:0026FB00,01:00284B60,02:00271178,03:0025DDD8,04:00262490,05:00299A60,06:0027EA40,07:00297DF8,08:00279DC8,09:0028E618,10:002628E0,11:00294ED0,12:002883D8,13:0027B508,14:00277788,15:0025F340,16:0026AF40,17:002695E8,18:00271B70	
FUN_L00_0026fc38	shared	236	de17ee9385772097	19	00:0026FC38,01:00284C98,02:002712B0,03:0025DF10,04:002625C8,05:00299B98,06:0027EB78,07:00297F30,08:00279FE8,09:0028E750,10:00262A18,11:00295008,12:00288510,13:0027B640,14:002778C0,15:0025F478,16:0026B078,17:00269720,18:00271CA8	
FUN_L00_0026fd28	shared	484	4274435b49c1c483	19	00:0026FD28,01:00284D88,02:002713A0,03:0025E000,04:002626B8,05:00299C88,06:0027EC68,07:00298020,08:0027A0D8,09:0028E840,10:00262B08,11:002950F8,12:00288600,13:0027B730,14:002779B0,15:0025F568,16:0026B168,17:00269810,18:00271D98	
FUN_L00_0026ff10	shared	2040	4d5feea25dcd3aa3	19	00:0026FF10,01:00284F70,02:00271588,03:0025E1E8,04:002628A0,05:00299E70,06:0027EE50,07:00298208,08:0027A2C0,09:0028EA28,10:00262CF0,11:002952E0,12:002887E8,13:0027B918,14:00277B98,15:0025F750,16:0026B350,17:002699F8,18:00271F80	
FUN_L00_00270710	shared	72	fb8717df16cc96aa	19	00:00270710,01:002858A8,02:00271EC0,03:0025EB20,04:002631D8,05:0029A670,06:0027F788,07:00298A08,08:0027AAC0,09:0028F228,10:00263628,11:00295AE0,12:00288FE8,13:0027C118,14:002784D0,15:0025FF50,16:0026BB50,17:0026A1F8,18:00272780	
FUN_L00_00270758	shared	496	8e64b8c124e96787	19	00:00270758,01:002858F0,02:00271F08,03:0025EB68,04:00263220,05:0029A6B8,06:0027F7D0,07:00298A50,08:0027AB08,09:0028F270,10:00263670,11:00295B28,12:00289030,13:0027C160,14:00278518,15:0025FF98,16:0026BB98,17:0026A240,18:002727C8	
FUN_L00_00270948	shared	1880	cc5b246593f56bf5	19	00:00270948,01:00285AE0,02:002720F8,03:0025ED58,04:00263410,05:0029A8A8,06:0027F9C0,07:00298C40,08:0027ACF8,09:0028F460,10:00263860,11:00295D18,12:00289220,13:0027C350,14:00278708,15:00260188,16:0026BD88,17:0026A430,18:002729B8	
FUN_L00_002710a0	shared	532	4cc3c4ec5438770e	19	00:002710A0,01:00286238,02:00272850,03:0025F4B0,04:00263B68,05:0029B000,06:00280118,07:00299398,08:0027B580,09:0028FBB8,10:00263FB8,11:00296470,12:00289978,13:0027CAA8,14:00278E60,15:002608E0,16:0026C4E0,17:0026AB88,18:00273110	
FUN_L00_002712b8	shared	408	f9420ff4c12dac8a	19	00:002712B8,01:00286450,02:00272A68,03:0025F6C8,04:00263D80,05:0029B218,06:00280330,07:002995B0,08:0027B798,09:0028FDD0,10:002641D0,11:00296688,12:00289B90,13:0027CCC0,14:00279078,15:00260AF8,16:0026C6F8,17:0026ADA0,18:00273328	
FUN_L00_00271450	shared	408	596596711cf70510	19	00:00271450,01:002865E8,02:00272C00,03:0025F860,04:00263F18,05:0029B3B0,06:002804C8,07:00299748,08:0027B930,09:0028FF68,10:00264368,11:00296820,12:00289D28,13:0027CE58,14:00279210,15:00260C90,16:0026C890,17:0026AF38,18:002734C0	
FUN_L00_002715e8	shared	348	d2d958599310e3b9	19	00:002715E8,01:00286780,02:00272D98,03:0025F9F8,04:002640B0,05:0029B548,06:00280660,07:002998E0,08:0027BAC8,09:00290100,10:00264500,11:002969B8,12:00289EC0,13:0027CFF0,14:002793A8,15:00260E28,16:0026CA28,17:0026B0D0,18:00273658	
FUN_L00_00271748	shared	392	75b7a3efd22c8dd8	19	00:00271748,01:002868E0,02:00272EF8,03:0025FB58,04:00264210,05:0029B6A8,06:002807C0,07:00299A40,08:0027BC28,09:00290260,10:00264660,11:00296B18,12:0028A020,13:0027D150,14:00279508,15:00260F88,16:0026CB88,17:0026B230,18:002737B8	
FUN_L00_002718d0	shared	288	caf67adfb0dd02ec	16	00:002718D0,01:00286A68,03:0025FCE0,04:00264398,05:0029B830,07:00299BC8,08:0027BDB0,09:002903E8,10:002647E8,11:00296CA0,12:0028A1A8,13:0027D2D8,15:00261110,16:0026CD10,17:0026B3B8,18:00273940	
FUN_L00_002719f0	shared	292	5edb655dca3c259b	19	00:002719F0,01:00286B88,02:00273080,03:0025FE00,04:002644B8,05:0029B950,06:00280948,07:00299CE8,08:0027BED0,09:00290508,10:00264908,11:00296DC0,12:0028A2C8,13:0027D3F8,14:00279690,15:00261230,16:0026CE30,17:0026B4D8,18:00273A60	
FUN_L00_00271b18	shared	204	a84deb4391808320	14	00:00271B18,01:00286CB0,03:0025FF28,04:002645E0,05:0029BA78,07:00299E10,08:0027BFF8,09:00290630,10:00264A30,13:0027D520,15:00261358,16:0026CF58,17:0026B600,18:00273B88	
FUN_L00_00271be8	shared	152	2316a11edadb6ff9	19	00:00271BE8,01:00286D80,02:002731B0,03:0025FFF8,04:002646B0,05:0029BB48,06:00280A78,07:00299EE0,08:0027C0C8,09:00290700,10:00264B00,11:00296EF0,12:0028A3F8,13:0027D5F0,14:002797C0,15:00261428,16:0026D028,17:0026B6D0,18:00273C58	
FUN_L00_00271c88	shared	152	af7abc4b1c8979e2	19	00:00271C88,01:00286E20,02:00273250,03:00260098,04:00264750,05:0029BD08,06:00280B18,07:00299F80,08:0027C168,09:002907A0,10:00264BA0,11:00296F90,12:0028A498,13:0027D690,14:00279860,15:002614C8,16:0026D0C8,17:0026B770,18:00273CF8	
FUN_L00_00271d20	shared	204	ede2c03341c5d7a1	19	00:00271D20,01:00286EB8,02:002732E8,03:00260210,04:002647E8,05:0029BDA0,06:00280BB0,07:0029A0F8,08:0027C200,09:00290838,10:00264C38,11:00297028,12:0028A530,13:0027D728,14:002798F8,15:00261640,16:0026D160,17:0026B808,18:00273D90	
FUN_L00_00271df8	shared	204	1ac833eeb63e4794	19	00:00271DF8,01:00286F90,02:002733C0,03:002602E8,04:002648C0,05:0029BFB8,06:00280C88,07:0029A1D0,08:0027C2D8,09:00290910,10:00264D10,11:00297100,12:0028A608,13:0027D800,14:002799D0,15:00261718,16:0026D238,17:0026B8E0,18:00273E68	
FUN_L00_00271ec8	shared	244	275b46e861701fff	19	00:00271EC8,01:00287060,02:00273490,03:002603B8,04:00264990,05:0029C088,06:00280D58,07:0029A358,08:0027C3A8,09:002909E0,10:00264DE0,11:002971D0,12:0028A6D8,13:0027D988,14:00279B58,15:002617E8,16:0026D308,17:0026B9B0,18:00273F38	
FUN_L00_00271fc0	shared	156	5164002e74bc8223	19	00:00271FC0,01:00287288,02:00273588,03:002604B0,04:00264A88,05:0029C2B0,06:00280E50,07:0029A450,08:0027C4A0,09:00290AD8,10:00265008,11:002973F8,12:0028A900,13:0027DBB0,14:00279C50,15:002618E0,16:0026D400,17:0026BAA8,18:00274030	
FUN_L00_00272060	shared	396	c3776c6e369cd920	19	00:00272060,01:00287328,02:00273628,03:00260550,04:00264B28,05:0029C350,06:00280EF0,07:0029A4F0,08:0027C540,09:00290B78,10:002650A8,11:00297498,12:0028A9A0,13:0027DC50,14:00279CF0,15:00261980,16:0026D4A0,17:0026BB48,18:002740D0	
FUN_L00_002721f0	shared	576	02861f9b2022623f	19	00:002721F0,01:002874B8,02:002737B8,03:002606E0,04:00264CB8,05:0029C4E0,06:00281080,07:0029A680,08:0027C6D0,09:00290D08,10:00265238,11:00297628,12:0028AB30,13:0027DDE0,14:00279E80,15:00261B10,16:0026D630,17:0026BCD8,18:00274260	
FUN_L00_00272438	shared	412	54fffda9af976f15	19	00:00272438,01:00287700,02:00273A00,03:00260928,04:00264F00,05:0029C728,06:002812C8,07:0029A8C8,08:0027C918,09:00290F50,10:00265480,11:00297870,12:0028AD78,13:0027E028,14:0027A0C8,15:00261D58,16:0026D878,17:0026BF20,18:002744A8	
FUN_L00_002725d8	shared	252	f79b659754c6351b	19	00:002725D8,01:002878A0,02:00273BA0,03:00260AC8,04:002650A0,05:0029C8C8,06:00281468,07:0029AA68,08:0027CAB8,09:002910F0,10:00265620,11:00297A10,12:0028AF18,13:0027E1C8,14:0027A268,15:00261EF8,16:0026DA18,17:0026C0C0,18:00274648	
FUN_L00_002726d8	shared	352	2fe8999e289f6c8e	19	00:002726D8,01:002879A0,02:00273CA0,03:00260BC8,04:002651A0,05:0029C9C8,06:00281568,07:0029AB68,08:0027CBB8,09:002911F0,10:00265720,11:00297B10,12:0028B018,13:0027E2C8,14:0027A368,15:00261FF8,16:0026DB18,17:0026C1C0,18:00274748	
FUN_L00_00272838	shared	164	7c50774e27878c27	19	00:00272838,01:00287BD8,02:00273E00,03:00260D28,04:00265300,05:0029CB28,06:002816C8,07:0029ACC8,08:0027CD18,09:00291350,10:00265880,11:00297C70,12:0028B178,13:0027E428,14:0027A4C8,15:00262158,16:0026DC78,17:0026C320,18:002748A8	
FUN_L00_002728e8	shared	220	b626123f36699500	19	00:002728E8,01:00287D90,02:00273EB0,03:00260DD8,04:002653B0,05:0029CBD8,06:00281778,07:0029AD78,08:0027CDC8,09:00291400,10:00265930,11:00297D20,12:0028B228,13:0027E4D8,14:0027A578,15:00262208,16:0026DD28,17:0026C3D0,18:00274958	
FUN_L00_002729c8	shared	500	17bae1ab5440695a	19	00:002729C8,01:00287E70,02:00273F90,03:00260EB8,04:00265490,05:0029CCB8,06:00281858,07:0029AE58,08:0027CEA8,09:002914E0,10:00265A10,11:00297E00,12:0028B308,13:0027E5B8,14:0027A658,15:002622E8,16:0026DE08,17:0026C4B0,18:00274A38	
FUN_L00_00272bc0	shared	932	9277720b61f46056	19	00:00272BC0,01:00288068,02:00274188,03:002610B0,04:00265688,05:0029CEB0,06:00281A50,07:0029B050,08:0027D0A0,09:002916D8,10:00265C08,11:00297FF8,12:0028B500,13:0027E7B0,14:0027A850,15:002624E0,16:0026E000,17:0026C6A8,18:00274C30	
FUN_L00_00272f68	shared	288	f13aaa986d4846a3	19	00:00272F68,01:00288410,02:00274530,03:00261458,04:00265A30,05:0029D258,06:00281DF8,07:0029B3F8,08:0027D448,09:00291A80,10:00265FB0,11:002983A0,12:0028B8A8,13:0027EB58,14:0027ABF8,15:00262888,16:0026E3A8,17:0026CA50,18:00274FD8	
FUN_L00_00273088	shared	88	abb75d162e27e271	19	00:00273088,01:00288530,02:00274650,03:00261578,04:00265B50,05:0029D378,06:00281F18,07:0029B518,08:0027D568,09:00291BA0,10:002660D0,11:002984C0,12:0028B9C8,13:0027EC78,14:0027AD18,15:002629A8,16:0026E4C8,17:0026CB70,18:002750F8	
FUN_L00_002730e0	shared	440	32d8dcb898d8ff93	19	00:002730E0,01:00288588,02:002746A8,03:002615D0,04:00265BA8,05:0029D3D0,06:00281F70,07:0029B570,08:0027D5C0,09:00291BF8,10:00266128,11:00298518,12:0028BA20,13:0027ECD0,14:0027AD70,15:00262A00,16:0026E520,17:0026CBC8,18:00275150	
FUN_L00_00273298	shared	432	40aaf18923b1d7dd	19	00:00273298,01:00288740,02:00274860,03:00261788,04:00265D60,05:0029D588,06:00282128,07:0029B728,08:0027D778,09:00291DB0,10:002662E0,11:002986D0,12:0028BBD8,13:0027EE88,14:0027AF28,15:00262BB8,16:0026E6D8,17:0026CD80,18:00275308	
FUN_L00_00273448	shared	704	cf7f4a9dc5df5d99	19	00:00273448,01:002888F0,02:00274A10,03:00261938,04:00265F10,05:0029D738,06:002822D8,07:0029BA50,08:0027D928,09:00291F60,10:00266490,11:00298880,12:0028BD88,13:0027F038,14:0027B0D8,15:00262EE0,16:0026E888,17:0026D0A8,18:002754B8	
FUN_L00_00273708	shared	244	8b3ecdf9c9f323ed	19	00:00273708,01:00288BB0,02:00274CD0,03:00261BF8,04:002661D0,05:0029D9F8,06:00282598,07:0029BD10,08:0027DBE8,09:00292220,10:00266750,11:00298B40,12:0028C048,13:0027F2F8,14:0027B398,15:002631A0,16:0026EB48,17:0026D368,18:00275778	
FUN_L00_00273800	shared	168	62481878f912e800	19	00:00273800,01:00288CA8,02:00274DC8,03:00261CF0,04:002662C8,05:0029DAF0,06:00282690,07:0029BE08,08:0027DCE0,09:00292318,10:00266848,11:00298C38,12:0028C140,13:0027F3F0,14:0027B490,15:00263298,16:0026EC40,17:0026D460,18:00275870	
FUN_L00_002738e8	shared	384	d9e23e0c2e973248	19	00:002738E8,01:00288D90,02:00274EB0,03:00261DD8,04:002663B0,05:0029DBD8,06:00282778,07:0029BEF0,08:0027DDC8,09:00292400,10:00266930,11:00298D20,12:0028C228,13:0027F4D8,14:0027B578,15:00263380,16:0026ED28,17:0026D548,18:00275958	
FUN_L00_00273a68	shared	1140	c09e55a4b0d483d3	19	00:00273A68,01:00288F10,02:00275030,03:00261F58,04:00266530,05:0029DD58,06:002828F8,07:0029C070,08:0027DF48,09:00292580,10:00266AB0,11:00298EA0,12:0028C3A8,13:0027F658,14:0027B6F8,15:00263500,16:0026EEA8,17:0026D6C8,18:00275AD8	
FUN_L00_00273ee0	shared	704	f3f2a3bc58ffe70f	19	00:00273EE0,01:00289388,02:002754A8,03:002623D0,04:002669A8,05:0029E1D0,06:00282D70,07:0029C5F8,08:0027E3C0,09:002929F8,10:00266F28,11:00299318,12:0028C820,13:0027FAD0,14:0027BB70,15:00263978,16:0026F320,17:0026DB40,18:00275F50	
FUN_L00_002741a0	shared	360	60e1cb5af904ae2a	19	00:002741A0,01:00289648,02:00275768,03:00262690,04:00266C68,05:0029E490,06:00283030,07:0029C8B8,08:0027E680,09:00292CB8,10:002671E8,11:002995D8,12:0028CAE0,13:0027FD90,14:0027BE30,15:00263C38,16:0026F5E0,17:0026DE00,18:00276210	
FUN_L00_00274308	shared	160	92108864d40ea3aa	19	00:00274308,01:002897B0,02:002758D0,03:002627F8,04:00266DD0,05:0029E5F8,06:00283198,07:0029CA20,08:0027E7E8,09:00292E20,10:00267350,11:00299740,12:0028CC48,13:0027FEF8,14:0027BF98,15:00263DA0,16:0026F748,17:0026DF68,18:00276378	
FUN_L00_002743a8	shared	368	71af80b5c4081a1d	19	00:002743A8,01:00289850,02:00275970,03:00262898,04:00266E70,05:0029E698,06:00283238,07:0029CAC0,08:0027E888,09:00292EC0,10:002673F0,11:002997E0,12:0028CCE8,13:0027FF98,14:0027C038,15:00263E40,16:0026F7E8,17:0026E008,18:00276418	
FUN_L00_00274518	shared	760	b80e3b0f39ca2326	19	00:00274518,01:002899C0,02:00275AE0,03:00262A08,04:00266FE0,05:0029E808,06:002833A8,07:0029CC30,08:0027E9F8,09:00293030,10:00267560,11:00299950,12:0028CE58,13:00280108,14:0027C1A8,15:00263FB0,16:0026F958,17:0026E178,18:00276588	
FUN_L00_00274818	shared	300	19314a9a607e0c11	19	00:00274818,01:00289CC0,02:00275DE0,03:00262D08,04:002672E0,05:0029EB08,06:002836A8,07:0029CF30,08:0027ECF8,09:00293330,10:00267860,11:00299C50,12:0028D158,13:00280530,14:0027C4A8,15:002642B0,16:0026FC58,17:0026E478,18:00276888	
FUN_L00_00274948	shared	296	8a94e94acc1b7863	4	00:00274948,14:0027C5D8,15:002643E0,18:002769B8	
FUN_L00_00274a70	shared	644	d8a8c201460ee95d	19	00:00274A70,01:00289DF0,02:00275F10,03:00262E38,04:00267410,05:0029EC38,06:002837D8,07:0029D060,08:0027EE28,09:00293460,10:00267990,11:00299D80,12:0028D288,13:00280660,14:0027C700,15:00264508,16:0026FD88,17:0026E5A8,18:00276AE0	
FUN_L00_00274cf8	shared	232	caa2c705c6dc9eac	9	00:00274CF8,04:00267698,07:0029D2E8,09:002936E8,10:00267C18,12:0028D510,13:002808E8,14:0027C988,17:0026E830	
FUN_L00_00274de0	shared	96	6e0330a314cb17e3	19	00:00274DE0,01:0028A078,02:00276198,03:002630C0,04:00267780,05:0029EEC0,06:00283A60,07:0029D3D0,08:0027F0B0,09:002937D0,10:00267D00,11:0029A008,12:0028D5F8,13:002809D0,14:0027CA70,15:00264790,16:00270010,17:0026E918,18:00276D68	
FUN_L00_00274e48	shared	784	15e9e3dc941c4374	19	00:00274E48,01:0028A0E0,02:00276200,03:00263128,04:002677E8,05:0029EF28,06:00283AC8,07:0029D438,08:0027F118,09:00293838,10:00267D68,11:0029A070,12:0028D660,13:00280A38,14:0027CAD8,15:00264958,16:00270078,17:0026EAE0,18:00276DD0	
FUN_L00_00275158	shared	392	aac0d1fa5c8fe7f6	19	00:00275158,01:0028A3F0,02:00276510,03:00263438,04:00267AF8,05:0029F238,06:00283DD8,07:0029D748,08:0027F428,09:00293B48,10:00268078,11:0029A380,12:0028D970,13:00280D48,14:0027CDE8,15:00264C68,16:00270388,17:0026EDF0,18:002770E0	
FUN_L00_002752e0	shared	60	c4075ed9eb8048c8	19	00:002752E0,01:0028A578,02:00276698,03:002635C0,04:00267C80,05:0029F3C0,06:00283F60,07:0029D8D0,08:0027F5B0,09:00293CD0,10:00268200,11:0029A508,12:0028DAF8,13:00280ED0,14:0027CF70,15:00264DF0,16:00270510,17:0026EF78,18:00277268	
FUN_L00_00275320	shared	492	841bd455a8fa49f8	19	00:00275320,01:0028A5B8,02:002766D8,03:00263600,04:00267CC0,05:0029F400,06:00283FA0,07:0029D910,08:0027F760,09:00293D10,10:00268240,11:0029A548,12:0028DCA8,13:00280F10,14:0027D120,15:00264E30,16:00270550,17:0026EFB8,18:002772A8	
FUN_L00_00275510	shared	472	07237f3375c9d606	19	00:00275510,01:0028A908,02:00276A28,03:00263950,04:00268010,05:0029F750,06:002842F0,07:0029DB00,08:0027FAB0,09:00293F00,10:00268430,11:0029A898,12:0028DFF8,13:00281260,14:0027D470,15:00265020,16:00270740,17:0026F308,18:00277498	
FUN_L00_002756f0	shared	288	b1ec87fc6fb55f0c	19	00:002756F0,01:0028AAE8,02:00276C08,03:00263B30,04:002681F0,05:0029F930,06:002844D0,07:0029DCE0,08:0027FC90,09:002940E0,10:00268610,11:0029AA78,12:0028E1D8,13:00281440,14:0027D650,15:00265200,16:00270920,17:0026F4E8,18:00277678	
FUN_L00_00275810	shared	68	54dfc25c0d722e1e	19	00:00275810,01:0028AC08,02:00276D28,03:00263C50,04:00268310,05:0029FA50,06:002845F0,07:0029DE00,08:0027FDB0,09:00294200,10:00268730,11:0029AB98,12:0028E2F8,13:00281560,14:0027D770,15:00265320,16:00270A40,17:0026F608,18:00277798	
FUN_L00_00275860	shared	172	cb78674c67d761da	19	00:00275860,01:0028AC58,02:00276D78,03:00263CA0,04:00268360,05:0029FAA0,06:00284640,07:0029DE50,08:0027FEE8,09:00294250,10:00268780,11:0029ABE8,12:0028E348,13:002815B0,14:0027D7C0,15:00265370,16:00270A90,17:0026F658,18:002777E8	
FUN_L00_00275910	shared	400	14ecf21fb0a57f89	19	00:00275910,01:0028AD08,02:00276E28,03:00263D50,04:00268410,05:0029FB50,06:002846F0,07:0029DF00,08:0027FF98,09:00294300,10:00268830,11:0029AC98,12:0028E3F8,13:00281660,14:0027D870,15:00265420,16:00270B40,17:0026F708,18:00277898	
FUN_L00_00275aa0	shared	712	bd0cdc71d6029c9f	19	00:00275AA0,01:0028AE98,02:00276FB8,03:00263EE0,04:002685A0,05:0029FCE0,06:00284880,07:0029E090,08:00280128,09:00294490,10:002689C0,11:0029AE28,12:0028E588,13:002817F0,14:0027DA00,15:002655B0,16:00270CD0,17:0026F898,18:00277A28	
FUN_L00_00275d68	shared	324	86c07ad578b5d737	19	00:00275D68,01:0028B160,02:00277280,03:002641A8,04:00268868,05:0029FFA8,06:00284B48,07:0029E358,08:002803F0,09:00294758,10:00268C88,11:0029B0F0,12:0028E850,13:00281AB8,14:0027DCC8,15:00265878,16:00270F98,17:0026FC88,18:00277CF0	
FUN_L00_00275eb0	shared	348	68a9e4fbdfb6c82c	19	00:00275EB0,01:0028B2A8,02:002773C8,03:002642F0,04:002689B0,05:002A00F0,06:00284C90,07:0029E4A0,08:00280538,09:002948A0,10:00268DD0,11:0029B238,12:0028E998,13:00281C00,14:0027DE10,15:002659C0,16:002710E0,17:0026FF60,18:00277E38	
FUN_L00_00276078	shared	176	234a4fae60148398	19	00:00276078,01:0028BE38,02:00277590,03:00264CE8,04:002693A8,05:002A0380,06:00284E58,07:0029EA98,08:002807C8,09:00294E98,10:00268F98,11:0029B400,12:0028ED20,13:002821F8,14:0027E808,15:00265D20,16:00271370,17:00270128,18:00278000	
FUN_00218d10	exe	104	d79b4dad331527bd	19	00:00276128,01:0028BEE8,02:00277640,03:00264D98,04:00269458,05:002A0430,06:00284F08,07:0029EB48,08:00280878,09:00294F48,10:00269048,11:0029B4B0,12:0028EDD0,13:002822A8,14:0027E8B8,15:00265DD0,16:00271420,17:002701D8,18:002780B0	rendering/fun_00218d10
FUN_00218d78	exe	468	85169ca513f58b61	19	00:00276190,01:0028BF50,02:002776A8,03:00264E00,04:002694C0,05:002A0498,06:00284F70,07:0029EBB0,08:002808E0,09:00294FB0,10:002690B0,11:0029B518,12:0028EE38,13:00282310,14:0027E920,15:00265E38,16:00271488,17:00270240,18:00278118	audio/voices/pause_all_sounds
FUN_L00_00276368	shared	1440	3f7be718374bb52f	19	00:00276368,01:0028C128,02:00277880,03:00264FD8,04:00269698,05:002A0670,06:00285148,07:0029ED88,08:00280AB8,09:00295188,10:00269288,11:0029B6F0,12:0028F010,13:002824E8,14:0027EAF8,15:00266010,16:00271660,17:00270418,18:002782F0	
FUN_L00_00276908	shared	708	f2a9d15ce504b258	19	00:00276908,01:0028C6C8,02:00277E20,03:00265578,04:00269C38,05:002A0C10,06:002856E8,07:0029F328,08:00281058,09:00295728,10:00269828,11:0029BC90,12:0028F5B0,13:00282A88,14:0027F098,15:002665B0,16:00271C00,17:002709B8,18:00278890	
FUN_L00_00276bd0	shared	1772	c92bc42fe907d550	19	00:00276BD0,01:0028C990,02:002780E8,03:00265840,04:00269F00,05:002A0ED8,06:002859B0,07:0029F5F0,08:00281320,09:002959F0,10:00269AF0,11:0029BF58,12:0028F878,13:00282D50,14:0027F360,15:00266878,16:00271EC8,17:00270C80,18:00278B58	
FUN_L00_002772c0	shared	1772	dc77822e7ca81f59	19	00:002772C0,01:0028D080,02:002787D8,03:00265F30,04:0026A5F0,05:002A15C8,06:002860A0,07:0029FCE0,08:00281A10,09:002960E0,10:0026A1E0,11:0029C648,12:0028FF68,13:00283440,14:0027FA50,15:00266F68,16:002725B8,17:00271370,18:00279248	
FUN_L00_002779b0	shared	164	bf3521095f9743bd	19	00:002779B0,01:0028D770,02:00278EC8,03:00266620,04:0026ACE0,05:002A1CB8,06:00286790,07:002A03D0,08:00282100,09:002967D0,10:0026A8D0,11:0029CD38,12:00290658,13:00283B30,14:00280140,15:00267658,16:00272CA8,17:00271A60,18:00279938	
FUN_00219e10	exe	396	ec85fa08e0f9be0c	19	00:00277A58,01:0028D818,02:00278F70,03:002666C8,04:0026AD88,05:002A1D60,06:00286838,07:002A0478,08:002821A8,09:00296878,10:0026A978,11:0029CDE0,12:00290700,13:00283BD8,14:002801E8,15:00267700,16:00272D50,17:00271B08,18:002799E0	ui/menus/fun_00219e10
FUN_00219fa0	exe	524	4c4e08bbdf3c06f3	19	00:00277BE8,01:0028D9A8,02:00279100,03:00266858,04:0026AF18,05:002A1EF0,06:002869C8,07:002A0608,08:00282338,09:00296A08,10:0026AB08,11:0029CF70,12:00290890,13:00283D68,14:00280378,15:00267890,16:00272EE0,17:00271C98,18:00279B70	ui/menus/fun_00219fa0
FUN_0021a1b0	exe	44	068a59423ed536a3	19	00:00277DF8,01:0028DBB8,02:00279310,03:00266A68,04:0026B128,05:002A2100,06:00286BD8,07:002A0818,08:00282548,09:00296C18,10:0026AD18,11:0029D180,12:00290AA0,13:00283F78,14:00280588,15:00267AA0,16:002730F0,17:00271EA8,18:00279D80	ui/menus/fun_0021a1b0
FUN_0021a1e0	exe	292	7a9c12f076bc67d5	19	00:00277E28,01:0028DBE8,02:00279340,03:00266A98,04:0026B158,05:002A2130,06:00286C08,07:002A0848,08:00282578,09:00296C48,10:0026AD48,11:0029D1B0,12:00290AD0,13:00283FA8,14:002805B8,15:00267AD0,16:00273120,17:00271ED8,18:00279DB0	assembly/textbin/fun_0021a1e0
FUN_001e9448	exe	8	0a5385cf4a659d30	19	00:00277F50,00:00277F58,00:002799E0,00:0027AE38,00:0027BB70,00:0027F440,00:002DB848,00:002DB850,00:002DB858,00:002DB860,00:002DB888,00:002E9C20,00:002EB210,00:002EBAF8,00:002EC6B8,01:0028DD10,01:0028DD18,01:0028F7A0,01:00290BF8,01:00291930,01:00295200,01:002C72C0,01:003040B8,01:003040C0,01:003040C8,01:003040D0,01:003040F8,01:00314DF8,01:00315DD8,01:00317668,01:00317F50,01:00318B10,02:00279468,02:00279470,02:0027AEF8,02:0027C350,02:0027D088,02:00280958,02:002E64B8,02:002E64C0,02:002E64C8,02:002E64D0,02:002E64F8,02:002F7BA0,02:002F9240,02:002F9B28,02:002FA9B8,03:00266BC0,03:00266BC8,03:00268650,03:00269AA8,03:0026A7E0,03:0026E0B0,03:002D6B80,03:002D6B88,03:002D6B90,03:002D6B98,03:002D6BC0,03:002E8588,03:002E9F38,03:002EA820,03:002EB6B0,04:0026B280,04:0026B288,04:0026CD10,04:0026E168,04:0026EEA0,04:00272770,04:002DDBD8,04:002DDBE0,04:002DDBE8,04:002DDBF0,04:002DDC18,04:002ED568,04:002EEF78,04:002EF860,04:002F06F0,05:002A2258,05:002A2260,05:002A3CE8,05:002A5140,05:002A5E78,05:002A9748,05:00311320,05:00311328,05:00311330,05:00311338,05:00311360,05:003252A0,05:00326280,05:00327AB0,05:00328398,05:00329228,05:0032A6D8,06:00286D30,06:00286D38,06:002887C0,06:00289C18,06:0028A950,06:0028E220,06:002BE860,06:002EC4B0,06:002EC4B8,06:002EC4C0,06:002EC4C8,06:002EC4F0,06:00311CC0,06:003132E0,06:00313BC8,06:00314A58,07:002A0970,07:002A0978,07:002A2400,07:002A3858,07:002A4590,07:002A7E60,07:003073B0,07:003073B8,07:003073C0,07:003073C8,07:003073F0,07:003255D0,07:00326BC0,07:003274A8,07:00328338,08:002826A0,08:002826A8,08:00284130,08:00285588,08:002862C0,08:00289B90,08:002BA660,08:002FD5C8,08:002FD5D0,08:002FD5D8,08:002FD5E0,08:002FD608,08:003117F0,08:003127D0,08:00314070,08:00314958,08:00315518,09:00296D70,09:00296D78,09:00298800,09:00299C58,09:0029A990,09:0029E260,09:002D0B18,09:002FCCF8,09:002FCD00,09:002FCD08,09:002FCD10,09:002FCD38,09:00311750,09:00312D50,09:00313638,09:003144C8,10:0026AE70,10:0026AE78,10:0026C900,10:0026DD58,10:0026EA90,10:00272360,10:002D04E8,10:002D04F0,10:002D04F8,10:002D0500,10:002D0528,10:002F2058,10:002F3648,10:002F3F30,10:002F4DC0,11:0029D2D8,11:0029D2E0,11:0029ED68,11:002A01C0,11:002A0EF8,11:002A47C8,11:00304AE0,11:00304AE8,11:00304AF0,11:00304AF8,11:00304B20,11:00324FD0,11:003265C0,11:00326EA8,11:00327D38,12:00290BF8,12:00290C00,12:00292688,12:00293AE0,12:00294818,12:002980E8,12:002FBCA8,12:002FBCB0,12:002FBCB8,12:002FBCC0,12:002FBCE8,12:00311E20,12:00313420,12:00313D08,12:00314B98,13:002840D0,13:002840D8,13:00285B60,13:00286FB8,13:00287CF0,13:0028B5C0,13:002FE888,13:002FE890,13:002FE898,13:002FE8A0,13:002FE8C8,13:00314088,13:00315678,13:00315F60,13:00316DF0,14:002806E0,14:002806E8,14:00282170,14:002835C8,14:00284300,14:00287BD0,14:002F7DA8,14:002F7DB0,14:002F7DB8,14:002F7DC0,14:002F7DE8,14:00310720,14:00311D10,14:003125F8,14:00313488,15:00267BF8,15:00267C00,15:00269688,15:0026AAE0,15:0026B818,15:0026F0E8,15:002AA948,15:002E07F0,15:002E07F8,15:002E0800,15:002E0808,15:002E0830,15:002F3EC0,15:002F54B0,15:002F5D98,15:002F6C28,16:00273248,16:00273250,16:00274CD8,16:00276130,16:00276E68,16:0027A738,16:002DA248,16:002DA250,16:002DA258,16:002DA260,16:002DA288,16:002EFDA8,16:002F0D88,16:002F25B8,16:002F2EA0,16:002F3D30,16:002F51E0,17:00272000,17:00272008,17:00273A90,17:00274EE8,17:00275C20,17:002794F0,17:002AF398,17:002DE090,17:002DE098,17:002DE0A0,17:002DE0A8,17:002DE0D0,17:002FC228,17:002FD208,17:002FEA68,17:002FF350,17:003001E0,18:00279ED8,18:00279EE0,18:0027B968,18:0027CDC0,18:0027DAF8,18:002813C8,18:002E5BD8,18:002E5BE0,18:002E5BE8,18:002E5BF0,18:002E5C18,18:00302858,18:00303E48,18:00304730,18:003055C0	rendering/callbacks/noop_callback_l
FUN_0021a318	exe	16	5806a06953953945	19	00:00277F60,01:0028DD20,02:00279478,03:00266BD0,04:0026B290,05:002A2268,06:00286D40,07:002A0980,08:002826B0,09:00296D80,10:0026AE80,11:0029D2E8,12:00290C08,13:002840E0,14:002806F0,15:00267C08,16:00273258,17:00272010,18:00279EE8	ui/menus/fun_0021a318
FUN_0021a328	exe	2252	6bb14ebd4e2a07a1	19	00:00277F70,01:0028DD30,02:00279488,03:00266BE0,04:0026B2A0,05:002A2278,06:00286D50,07:002A0990,08:002826C0,09:00296D90,10:0026AE90,11:0029D2F8,12:00290C18,13:002840F0,14:00280700,15:00267C18,16:00273268,17:00272020,18:00279EF8	assembly/textbin/fun_0021a328
FUN_0021abf8	exe	1488	961773d4f186d503	19	00:00278840,01:0028E600,02:00279D58,03:002674B0,04:0026BB70,05:002A2B48,06:00287620,07:002A1260,08:00282F90,09:00297660,10:0026B760,11:0029DBC8,12:002914E8,13:002849C0,14:00280FD0,15:002684E8,16:00273B38,17:002728F0,18:0027A7C8	assembly/textbin/fun_0021abf8
FUN_0021b1c8	exe	1292	34c0a99237ac35bc	19	00:00278E10,01:0028EBD0,02:0027A328,03:00267A80,04:0026C140,05:002A3118,06:00287BF0,07:002A1830,08:00283560,09:00297C30,10:0026BD30,11:0029E198,12:00291AB8,13:00284F90,14:002815A0,15:00268AB8,16:00274108,17:00272EC0,18:0027AD98	assembly/textbin/fun_0021b1c8
FUN_0021b6d8	exe	208	d4d4df2e907d5e8e	19	00:00279320,01:0028F0E0,02:0027A838,03:00267F90,04:0026C650,05:002A3628,06:00288100,07:002A1D40,08:00283A70,09:00298140,10:0026C240,11:0029E6A8,12:00291FC8,13:002854A0,14:00281AB0,15:00268FC8,16:00274618,17:002733D0,18:0027B2A8	ui/menus/fun_0021b6d8
FUN_0021b7a8	exe	176	cf3c1b1c579928fd	19	00:002793F0,01:0028F1B0,02:0027A908,03:00268060,04:0026C720,05:002A36F8,06:002881D0,07:002A1E10,08:00283B40,09:00298210,10:0026C310,11:0029E778,12:00292098,13:00285570,14:00281B80,15:00269098,16:002746E8,17:002734A0,18:0027B378	ui/menus/pause/find_next_pause_page
FUN_0021b858	exe	1340	fc415dc3abe99281	19	00:002794A0,01:0028F260,02:0027A9B8,03:00268110,04:0026C7D0,05:002A37A8,06:00288280,07:002A1EC0,08:00283BF0,09:002982C0,10:0026C3C0,11:0029E828,12:00292148,13:00285620,14:00281C30,15:00269148,16:00274798,17:00273550,18:0027B428	assembly/textbin/fun_0021b858
FUN_0021bda0	exe	188	7d0987a3cd2fb230	19	00:002799E8,01:0028F7A8,02:0027AF00,03:00268658,04:0026CD18,05:002A3CF0,06:002887C8,07:002A2408,08:00284138,09:00298808,10:0026C908,11:0029ED70,12:00292690,13:00285B68,14:00282178,15:00269690,16:00274CE0,17:00273A98,18:0027B970	ui/menus/fun_0021bda0
FUN_0021be60	exe	1468	4b5a381f96ee809b	19	00:00279AA8,01:0028F868,02:0027AFC0,03:00268718,04:0026CDD8,05:002A3DB0,06:00288888,07:002A24C8,08:002841F8,09:002988C8,10:0026C9C8,11:0029EE30,12:00292750,13:00285C28,14:00282238,15:00269750,16:00274DA0,17:00273B58,18:0027BA30	ui/map/draw_map_screen
FUN_0021c420	exe	156	48331cad86cb7fc9	19	00:0027A068,01:0028FE28,02:0027B580,03:00268CD8,04:0026D398,05:002A4370,06:00288E48,07:002A2A88,08:002847B8,09:00298E88,10:0026CF88,11:0029F3F0,12:00292D10,13:002861E8,14:002827F8,15:00269D10,16:00275360,17:00274118,18:0027BFF0	ui/menus/fun_0021c420
FUN_0021c4c0	exe	736	db84a13a306ae875	19	00:0027A108,01:0028FEC8,02:0027B620,03:00268D78,04:0026D438,05:002A4410,06:00288EE8,07:002A2B28,08:00284858,09:00298F28,10:0026D028,11:0029F490,12:00292DB0,13:00286288,14:00282898,15:00269DB0,16:00275400,17:002741B8,18:0027C090	ui/menus/fun_0021c4c0
FUN_0021c7a0	exe	552	c78524f038e541d6	19	00:0027A3E8,01:002901A8,02:0027B900,03:00269058,04:0026D718,05:002A46F0,06:002891C8,07:002A2E08,08:00284B38,09:00299208,10:0026D308,11:0029F770,12:00293090,13:00286568,14:00282B78,15:0026A090,16:002756E0,17:00274498,18:0027C370	ui/menus/fun_0021c7a0
FUN_0021c9c8	exe	152	3f0a0fc98e82ca8a	19	00:0027A610,01:002903D0,02:0027BB28,03:00269280,04:0026D940,05:002A4918,06:002893F0,07:002A3030,08:00284D60,09:00299430,10:0026D530,11:0029F998,12:002932B8,13:00286790,14:00282DA0,15:0026A2B8,16:00275908,17:002746C0,18:0027C598	ui/menus/load_selection_list
FUN_L00_0027a6a8	shared	52	6f8b55c79d3b5104	19	00:0027A6A8,01:00290468,02:0027BBC0,03:00269318,04:0026D9D8,05:002A49B0,06:00289488,07:002A30C8,08:00284DF8,09:002994C8,10:0026D5C8,11:0029FA30,12:00293350,13:00286828,14:00282E38,15:0026A350,16:002759A0,17:00274758,18:0027C630	
FUN_0021ca98	exe	44	73e24871625b5e00	19	00:0027A6E0,01:002904A0,02:0027BBF8,03:00269350,04:0026DA10,05:002A49E8,06:002894C0,07:002A3100,08:00284E30,09:00299500,10:0026D600,11:0029FA68,12:00293388,13:00286860,14:00282E70,15:0026A388,16:002759D8,17:00274790,18:0027C668	ui/menus/fun_0021ca98
FUN_0021cac8	exe	20	af56df1b4cc59346	19	00:0027A710,01:002904D0,02:0027BC28,03:00269380,04:0026DA40,05:002A4A18,06:002894F0,07:002A3130,08:00284E60,09:00299530,10:0026D630,11:0029FA98,12:002933B8,13:00286890,14:00282EA0,15:0026A3B8,16:00275A08,17:002747C0,18:0027C698	ui/menus/fun_0021cac8
FUN_0021cae0	exe	32	3c1731f0ad054b39	19	00:0027A728,01:002904E8,02:0027BC40,03:00269398,04:0026DA58,05:002A4A30,06:00289508,07:002A3148,08:00284E78,09:00299548,10:0026D648,11:0029FAB0,12:002933D0,13:002868A8,14:00282EB8,15:0026A3D0,16:00275A20,17:002747D8,18:0027C6B0	ui/menus/fun_0021cae0
FUN_0021cb00	exe	48	cd53cc58c45cee59	19	00:0027A748,01:00290508,02:0027BC60,03:002693B8,04:0026DA78,05:002A4A50,06:00289528,07:002A3168,08:00284E98,09:00299568,10:0026D668,11:0029FAD0,12:002933F0,13:002868C8,14:00282ED8,15:0026A3F0,16:00275A40,17:002747F8,18:0027C6D0	ui/menus/fun_0021cb00
FUN_0021cb30	exe	720	ceb77d283bda89ac	19	00:0027A778,01:00290538,02:0027BC90,03:002693E8,04:0026DAA8,05:002A4A80,06:00289558,07:002A3198,08:00284EC8,09:00299598,10:0026D698,11:0029FB00,12:00293420,13:002868F8,14:00282F08,15:0026A420,16:00275A70,17:00274828,18:0027C700	assembly/textbin/ui/menus/audio/sound_options_menu
FUN_0021ce00	exe	872	1b2a4c57876f5945	19	00:0027AA48,01:00290808,02:0027BF60,03:002696B8,04:0026DD78,05:002A4D50,06:00289828,07:002A3468,08:00285198,09:00299868,10:0026D968,11:0029FDD0,12:002936F0,13:00286BC8,14:002831D8,15:0026A6F0,16:00275D40,17:00274AF8,18:0027C9D0	assembly/textbin/ui/menus/audio/draw_sound_menu
FUN_L00_0027adb0	shared	136	af62f91a38bc1d43	19	00:0027ADB0,01:00290B70,02:0027C2C8,03:00269A20,04:0026E0E0,05:002A50B8,06:00289B90,07:002A37D0,08:00285500,09:00299BD0,10:0026DCD0,11:002A0138,12:00293A58,13:00286F30,14:00283540,15:0026AA58,16:002760A8,17:00274E60,18:0027CD38	
FUN_0021d1f8	exe	204	5f7359e46af126ca	19	00:0027AE40,01:00290C00,02:0027C358,03:00269AB0,04:0026E170,05:002A5148,06:00289C20,07:002A3860,08:00285590,09:00299C60,10:0026DD60,11:002A01C8,12:00293AE8,13:00286FC0,14:002835D0,15:0026AAE8,16:00276138,17:00274EF0,18:0027CDC8	ui/menus/fun_0021d1f8
FUN_0021d2c8	exe	108	959e0d0c36558c0b	19	00:0027AF10,01:00290CD0,02:0027C428,03:00269B80,04:0026E240,05:002A5218,06:00289CF0,07:002A3930,08:00285660,09:00299D30,10:0026DE30,11:002A0298,12:00293BB8,13:00287090,14:002836A0,15:0026ABB8,16:00276208,17:00274FC0,18:0027CE98	ui/menus/fun_0021d2c8
FUN_0021d338	exe	364	c6c93ab89629beed	19	00:0027AF80,01:00290D40,02:0027C498,03:00269BF0,04:0026E2B0,05:002A5288,06:00289D60,07:002A39A0,08:002856D0,09:00299DA0,10:0026DEA0,11:002A0308,12:00293C28,13:00287100,14:00283710,15:0026AC28,16:00276278,17:00275030,18:0027CF08	ui/menus/fun_0021d338
FUN_0021d4a8	exe	1184	950b571cb479d417	19	00:0027B0F0,01:00290EB0,02:0027C608,03:00269D60,04:0026E420,05:002A53F8,06:00289ED0,07:002A3B10,08:00285840,09:00299F10,10:0026E010,11:002A0478,12:00293D98,13:00287270,14:00283880,15:0026AD98,16:002763E8,17:002751A0,18:0027D078	ui/menus/fun_0021d4a8
FUN_0021d948	exe	1156	caca82a9205bd472	19	00:0027B590,01:00291350,02:0027CAA8,03:0026A200,04:0026E8C0,05:002A5898,06:0028A370,07:002A3FB0,08:00285CE0,09:0029A3B0,10:0026E4B0,11:002A0918,12:00294238,13:00287710,14:00283D20,15:0026B238,16:00276888,17:00275640,18:0027D518	ui/menus/fun_0021d948
FUN_0021ddd0	exe	40	805b7a5fa2949566	19	00:0027BA18,01:002917D8,02:0027CF30,03:0026A688,04:0026ED48,05:002A5D20,06:0028A7F8,07:002A4438,08:00286168,09:0029A838,10:0026E938,11:002A0DA0,12:002946C0,13:00287B98,14:002841A8,15:0026B6C0,16:00276D10,17:00275AC8,18:0027D9A0	ui/menus/fun_0021ddd0
FUN_0021ddf8	exe	304	14d16030db960d01	19	00:0027BA40,01:00291800,02:0027CF58,03:0026A6B0,04:0026ED70,05:002A5D48,06:0028A820,07:002A4460,08:00286190,09:0029A860,10:0026E960,11:002A0DC8,12:002946E8,13:00287BC0,14:002841D0,15:0026B6E8,16:00276D38,17:00275AF0,18:0027D9C8	ui/menus/fun_0021ddf8
FUN_0021df30	exe	36	575aa42685434e9b	19	00:0027BB78,01:00291938,02:0027D090,03:0026A7E8,04:0026EEA8,05:002A5E80,06:0028A958,07:002A4598,08:002862C8,09:0029A998,10:0026EA98,11:002A0F00,12:00294820,13:00287CF8,14:00284308,15:0026B820,16:00276E70,17:00275C28,18:0027DB00	ui/menus/fun_0021df30
FUN_0021df58	exe	60	57a7482a6794f599	19	00:0027BBA0,01:00291960,02:0027D0B8,03:0026A810,04:0026EED0,05:002A5EA8,06:0028A980,07:002A45C0,08:002862F0,09:0029A9C0,10:0026EAC0,11:002A0F28,12:00294848,13:00287D20,14:00284330,15:0026B848,16:00276E98,17:00275C50,18:0027DB28	ui/menus/fun_0021df58
FUN_0021df98	exe	372	3d73f5dc77aa08e5	19	00:0027BBE0,01:002919A0,02:0027D0F8,03:0026A850,04:0026EF10,05:002A5EE8,06:0028A9C0,07:002A4600,08:00286330,09:0029AA00,10:0026EB00,11:002A0F68,12:00294888,13:00287D60,14:00284370,15:0026B888,16:00276ED8,17:00275C90,18:0027DB68	ui/menus/item_preview/update_item_preview_moby
FUN_0021e110	exe	228	ef6cd145452a52b7	19	00:0027BD58,01:00291B18,02:0027D270,03:0026A9C8,04:0026F088,05:002A6060,06:0028AB38,07:002A4778,08:002864A8,09:0029AB78,10:0026EC78,11:002A10E0,12:00294A00,13:00287ED8,14:002844E8,15:0026BA00,16:00277050,17:00275E08,18:0027DCE0	ui/menus/fun_0021e110
FUN_0021e1f8	exe	56	9ca4c956cbff09e6	19	00:0027BE40,00:0027CD68,01:00291C00,01:00292B28,02:0027D358,02:0027E280,03:0026AAB0,03:0026B9D8,04:0026F170,04:00270098,05:002A6148,05:002A7070,06:0028AC20,06:0028BB48,07:002A4860,07:002A5788,08:00286590,08:002874B8,09:0029AC60,09:0029BB88,10:0026ED60,10:0026FC88,11:002A11C8,11:002A20F0,12:00294AE8,12:00295A10,13:00287FC0,13:00288EE8,14:002845D0,14:002854F8,15:0026BAE8,15:0026CA10,16:00277138,16:00278060,17:00275EF0,17:00276E18,18:0027DDC8,18:0027ECF0	ui/menus/fun_0021e1f8
FUN_0021e230	exe	984	8637274fda437b2a	19	00:0027BE78,01:00291C38,02:0027D390,03:0026AAE8,04:0026F1A8,05:002A6180,06:0028AC58,07:002A4898,08:002865C8,09:0029AC98,10:0026ED98,11:002A1200,12:00294B20,13:00287FF8,14:00284608,15:0026BB20,16:00277170,17:00275F28,18:0027DE00	assembly/textbin/fun_0021e230
FUN_0021e608	exe	140	eee331acf3ae0b22	19	00:0027C250,01:00292010,02:0027D768,03:0026AEC0,04:0026F580,05:002A6558,06:0028B030,07:002A4C70,08:002869A0,09:0029B070,10:0026F170,11:002A15D8,12:00294EF8,13:002883D0,14:002849E0,15:0026BEF8,16:00277548,17:00276300,18:0027E1D8	ui/menus/fun_0021e608
FUN_0021e698	exe	304	9a99a8b25f2c0689	19	00:0027C2E0,01:002920A0,02:0027D7F8,03:0026AF50,04:0026F610,05:002A65E8,06:0028B0C0,07:002A4D00,08:00286A30,09:0029B100,10:0026F200,11:002A1668,12:00294F88,13:00288460,14:00284A70,15:0026BF88,16:002775D8,17:00276390,18:0027E268	assembly/textbin/fun_0021e698
FUN_L00_0027c410	shared	196	6a5eefc432945d05	19	00:0027C410,01:002921D0,02:0027D928,03:0026B080,04:0026F740,05:002A6718,06:0028B1F0,07:002A4E30,08:00286B60,09:0029B230,10:0026F330,11:002A1798,12:002950B8,13:00288590,14:00284BA0,15:0026C0B8,16:00277708,17:002764C0,18:0027E398	
FUN_0021e890	exe	440	b981c19a8a4683c3	19	00:0027C4D8,01:00292298,02:0027D9F0,03:0026B148,04:0026F808,05:002A67E0,06:0028B2B8,07:002A4EF8,08:00286C28,09:0029B2F8,10:0026F3F8,11:002A1860,12:00295180,13:00288658,14:00284C68,15:0026C180,16:002777D0,17:00276588,18:0027E460	ui/menus/draw_quit_game_menu
FUN_0021ea48	exe	168	03e5ffe5be0ffe59	19	00:0027C690,01:00292450,02:0027DBA8,03:0026B300,04:0026F9C0,05:002A6998,06:0028B470,07:002A50B0,08:00286DE0,09:0029B4B0,10:0026F5B0,11:002A1A18,12:00295338,13:00288810,14:00284E20,15:0026C338,16:00277988,17:00276740,18:0027E618	ui/menus/fun_0021ea48
FUN_0021eaf0	exe	48	03a6c424c606c339	19	00:0027C738,00:0027F6D0,00:00280BA0,01:002924F8,01:00295490,01:00296960,02:0027DC50,02:00280BE8,02:002820B8,03:0026B3A8,03:0026E340,03:0026F810,04:0026FA68,04:00272A00,04:00273ED0,05:002A6A40,05:002A99D8,05:002AAEA8,06:0028B518,06:0028E4B0,06:0028F980,07:002A5158,07:002A80F0,07:002A95C0,08:00286E88,08:00289E20,08:0028B2F0,09:0029B558,09:0029E4F0,09:0029F9C0,10:0026F658,10:002725F0,10:00273AC0,11:002A1AC0,11:002A4A58,11:002A5F28,12:002953E0,12:00298378,12:00299848,13:002888B8,13:0028B850,13:0028CD20,14:00284EC8,14:00287E60,14:00289330,15:0026C3E0,15:0026F378,15:00270848,16:00277A30,16:0027A9C8,16:0027BE98,17:002767E8,17:00279780,17:0027AC50,18:0027E6C0,18:00281658,18:00282B58	ui/menus/fun_0021eaf0
FUN_0021eb20	exe	1108	1fb172826af65d6f	19	00:0027C768,01:00292528,02:0027DC80,03:0026B3D8,04:0026FA98,05:002A6A70,06:0028B548,07:002A5188,08:00286EB8,09:0029B588,10:0026F688,11:002A1AF0,12:00295410,13:002888E8,14:00284EF8,15:0026C410,16:00277A60,17:00276818,18:0027E6F0	assembly/textbin/ui/menus/inventory/draw_items_menu
FUN_0021ef78	exe	424	30a0701728ea4005	19	00:0027CBC0,01:00292980,02:0027E0D8,03:0026B830,04:0026FEF0,05:002A6EC8,06:0028B9A0,07:002A55E0,08:00287310,09:0029B9E0,10:0026FAE0,11:002A1F48,12:00295868,13:00288D40,14:00285350,15:0026C868,16:00277EB8,17:00276C70,18:0027EB48	ui/menus/setup_menu_display_text
FUN_0021f158	exe	468	d932f2b117662de5	19	00:0027CDA0,01:00292B60,02:0027E2B8,03:0026BA10,04:002700D0,05:002A70A8,06:0028BB80,07:002A57C0,08:002874F0,09:0029BBC0,10:0026FCC0,11:002A2128,12:00295A48,13:00288F20,14:00285530,15:0026CA48,16:00278098,17:00276E50,18:0027ED28	ui/menus/fun_0021f158
FUN_0021f330	exe	56	e022653252960cc2	19	00:0027CF78,01:00292D38,02:0027E490,03:0026BBE8,04:002702A8,05:002A7280,06:0028BD58,07:002A5998,08:002876C8,09:0029BD98,10:0026FE98,11:002A2300,12:00295C20,13:002890F8,14:00285708,15:0026CC20,16:00278270,17:00277028,18:0027EF00	ui/map/draw_map_screen_overlay
FUN_0021f368	exe	652	d224fc728ff925c9	19	00:0027CFB0,01:00292D70,02:0027E4C8,03:0026BC20,04:002702E0,05:002A72B8,06:0028BD90,07:002A59D0,08:00287700,09:0029BDD0,10:0026FED0,11:002A2338,12:00295C58,13:00289130,14:00285740,15:0026CC58,16:002782A8,17:00277060,18:0027EF38	ui/menus/missions/draw_missions_menu
FUN_0021f5f8	exe	144	44c86d89ad28a8e6	19	00:0027D240,01:00293000,02:0027E758,03:0026BEB0,04:00270570,05:002A7548,06:0028C020,07:002A5C60,08:00287990,09:0029C060,10:00270160,11:002A25C8,12:00295EE8,13:002893C0,14:002859D0,15:0026CEE8,16:00278538,17:002772F0,18:0027F1C8	ui/menus/missions/draw_mission_menu_labels
FUN_0021f688	exe	608	0b9d86bc2387cd8b	19	00:0027D2D0,01:00293090,02:0027E7E8,03:0026BF40,04:00270600,05:002A75D8,06:0028C0B0,07:002A5CF0,08:00287A20,09:0029C0F0,10:002701F0,11:002A2658,12:00295F78,13:00289450,14:00285A60,15:0026CF78,16:002785C8,17:00277380,18:0027F258	ui/menus/missions/draw_missions_menu2
FUN_0021f8e8	exe	164	0ae195c650cb3be7	19	00:0027D530,01:002932F0,02:0027EA48,03:0026C1A0,04:00270860,05:002A7838,06:0028C310,07:002A5F50,08:00287C80,09:0029C350,10:00270450,11:002A28B8,12:002961D8,13:002896B0,14:00285CC0,15:0026D1D8,16:00278828,17:002775E0,18:0027F4B8	ui/menus/draw_menu_selection_marker
FUN_0021f990	exe	728	f29ff716fa7f3b5c	19	00:0027D5D8,01:00293398,02:0027EAF0,03:0026C248,04:00270908,05:002A78E0,06:0028C3B8,07:002A5FF8,08:00287D28,09:0029C3F8,10:002704F8,11:002A2960,12:00296280,13:00289758,14:00285D68,15:0026D280,16:002788D0,17:00277688,18:0027F560	ui/menus/fun_0021f990
FUN_0021fc68	exe	116	50f1a5fedabc1636	19	00:0027D8B0,01:00293670,02:0027EDC8,03:0026C520,04:00270BE0,05:002A7BB8,06:0028C690,07:002A62D0,08:00288000,09:0029C6D0,10:002707D0,11:002A2C38,12:00296558,13:00289A30,14:00286040,15:0026D558,16:00278BA8,17:00277960,18:0027F838	rendering/transitions/draw_transition_overlay
FUN_0021fce0	exe	148	6335b903f7b024b3	19	00:0027D928,01:002936E8,02:0027EE40,03:0026C598,04:00270C58,05:002A7C30,06:0028C708,07:002A6348,08:00288078,09:0029C748,10:00270848,11:002A2CB0,12:002965D0,13:00289AA8,14:002860B8,15:0026D5D0,16:00278C20,17:002779D8,18:0027F8B0	ui/menus/fun_0021fce0
FUN_0021fd78	exe	76	161af0b7098acc83	19	00:0027D9C0,01:00293780,02:0027EED8,03:0026C630,04:00270CF0,05:002A7CC8,06:0028C7A0,07:002A63E0,08:00288110,09:0029C7E0,10:002708E0,11:002A2D48,12:00296668,13:00289B40,14:00286150,15:0026D668,16:00278CB8,17:00277A70,18:0027F948	ui/menus/fun_0021fd78
FUN_0021fdc8	exe	1404	2395451b46a39e0a	19	00:0027DA10,01:002937D0,02:0027EF28,03:0026C680,04:00270D40,05:002A7D18,06:0028C7F0,07:002A6430,08:00288160,09:0029C830,10:00270930,11:002A2D98,12:002966B8,13:00289B90,14:002861A0,15:0026D6B8,16:00278D08,17:00277AC0,18:0027F998	assembly/textbin/fun_0021fdc8
FUN_00220348	exe	764	f67a15ede5305a9b	19	00:0027DF90,01:00293D50,02:0027F4A8,03:0026CC00,04:002712C0,05:002A8298,06:0028CD70,07:002A69B0,08:002886E0,09:0029CDB0,10:00270EB0,11:002A3318,12:00296C38,13:0028A110,14:00286720,15:0026DC38,16:00279288,17:00278040,18:0027FF18	assembly/textbin/ui/menus/save_data/draw_checking_memory_card_data_menu
FUN_00220648	exe	324	6fa166f94d628d7a	19	00:0027E290,01:00294050,02:0027F7A8,03:0026CF00,04:002715C0,05:002A8598,06:0028D070,07:002A6CB0,08:002889E0,09:0029D0B0,10:002711B0,11:002A3618,12:00296F38,13:0028A410,14:00286A20,15:0026DF38,16:00279588,17:00278340,18:00280218	audio/streaming/advance_audio_stream_state
FUN_00220790	exe	192	ecb84b29fa67209c	19	00:0027E3D8,01:00294198,02:0027F8F0,03:0026D048,04:00271708,05:002A86E0,06:0028D1B8,07:002A6DF8,08:00288B28,09:0029D1F8,10:002712F8,11:002A3760,12:00297080,13:0028A558,14:00286B68,15:0026E080,16:002796D0,17:00278488,18:00280360	rendering/draw_two_texture_panels
FUN_00220850	exe	720	35dd521c2f6e50d0	19	00:0027E498,01:00294258,02:0027F9B0,03:0026D108,04:002717C8,05:002A87A0,06:0028D278,07:002A6EB8,08:00288BE8,09:0029D2B8,10:002713B8,11:002A3820,12:00297140,13:0028A618,14:00286C28,15:0026E140,16:00279790,17:00278548,18:00280420	ui/menus/fun_00220850
FUN_00220b20	exe	772	549693396c330e12	19	00:0027E768,01:00294528,02:0027FC80,03:0026D3D8,04:00271A98,05:002A8A70,06:0028D548,07:002A7188,08:00288EB8,09:0029D588,10:00271688,11:002A3AF0,12:00297410,13:0028A8E8,14:00286EF8,15:0026E410,16:00279A60,17:00278818,18:002806F0	ui/menus/pause/draw_pause_ring
FUN_00220e28	exe	516	ce4be0e08c486da8	19	00:0027EA70,01:00294830,02:0027FF88,03:0026D6E0,04:00271DA0,05:002A8D78,06:0028D850,07:002A7490,08:002891C0,09:0029D890,10:00271990,11:002A3DF8,12:00297718,13:0028ABF0,14:00287200,15:0026E718,16:00279D68,17:00278B20,18:002809F8	ui/menus/fun_00220e28
FUN_00221030	exe	644	608c909f51760b6e	19	00:0027EC78,01:00294A38,02:00280190,03:0026D8E8,04:00271FA8,05:002A8F80,06:0028DA58,07:002A7698,08:002893C8,09:0029DA98,10:00271B98,11:002A4000,12:00297920,13:0028ADF8,14:00287408,15:0026E920,16:00279F70,17:00278D28,18:00280C00	assembly/textbin/ui/menus/draw_cheats_menu
FUN_002212b8	exe	424	230fecb0dc4c2e7a	19	00:0027EF00,01:00294CC0,02:00280418,03:0026DB70,04:00272230,05:002A9208,06:0028DCE0,07:002A7920,08:00289650,09:0029DD20,10:00271E20,11:002A4288,12:00297BA8,13:0028B080,14:00287690,15:0026EBA8,16:0027A1F8,17:00278FB0,18:00280E88	ui/menus/fun_002212b8
FUN_00221460	exe	404	42b6ffdc76dd6125	19	00:0027F0A8,01:00294E68,02:002805C0,03:0026DD18,04:002723D8,05:002A93B0,06:0028DE88,07:002A7AC8,08:002897F8,09:0029DEC8,10:00271FC8,11:002A4430,12:00297D50,13:0028B228,14:00287838,15:0026ED50,16:0027A3A0,17:00279158,18:00281030	ui/menus/fun_00221460
FUN_002215f8	exe	200	baca547a1f0a8cf6	19	00:0027F240,01:00295000,02:00280758,03:0026DEB0,04:00272570,05:002A9548,06:0028E020,07:002A7C60,08:00289990,09:0029E060,10:00272160,11:002A45C8,12:00297EE8,13:0028B3C0,14:002879D0,15:0026EEE8,16:0027A538,17:002792F0,18:002811C8	ui/menus/pause/build_pause_item_list
FUN_002216c0	exe	308	a0e2e007bdfc29f1	19	00:0027F308,01:002950C8,02:00280820,03:0026DF78,04:00272638,05:002A9610,06:0028E0E8,07:002A7D28,08:00289A58,09:0029E128,10:00272228,11:002A4690,12:00297FB0,13:0028B488,14:00287A98,15:0026EFB0,16:0027A600,17:002793B8,18:00281290	ui/menus/fun_002216c0
FUN_L00_0027f448	shared	264	8ca084b87c5971ad	19	00:0027F448,01:00295208,02:00280960,03:0026E0B8,04:00272778,05:002A9750,06:0028E228,07:002A7E68,08:00289B98,09:0029E268,10:00272368,11:002A47D0,12:002980F0,13:0028B5C8,14:00287BD8,15:0026F0F0,16:0027A740,17:002794F8,18:002813D0	
FUN_00221908	exe	40	11362e4513951967	19	00:0027F550,01:00295310,02:00280A68,03:0026E1C0,04:00272880,05:002A9858,06:0028E330,07:002A7F70,08:00289CA0,09:0029E370,10:00272470,11:002A48D8,12:002981F8,13:0028B6D0,14:00287CE0,15:0026F1F8,16:0027A848,17:00279600,18:002814D8	ui/menus/fun_00221908
FUN_00221930	exe	56	0a91df1b9ce554da	19	00:0027F578,01:00295338,02:00280A90,03:0026E1E8,04:002728A8,05:002A9880,06:0028E358,07:002A7F98,08:00289CC8,09:0029E398,10:00272498,11:002A4900,12:00298220,13:0028B6F8,14:00287D08,15:0026F220,16:0027A870,17:00279628,18:00281500	ui/menus/fun_00221930
FUN_00221968	exe	220	acc0aa57828675ac	19	00:0027F5B0,01:00295370,02:00280AC8,03:0026E220,04:002728E0,05:002A98B8,06:0028E390,07:002A7FD0,08:00289D00,09:0029E3D0,10:002724D0,11:002A4938,12:00298258,13:0028B730,14:00287D40,15:0026F258,16:0027A8A8,17:00279660,18:00281538	ui/menus/fun_00221968
FUN_00221a48	exe	60	da0623e77b3e462e	19	00:0027F690,01:00295450,02:00280BA8,03:0026E300,04:002729C0,05:002A9998,06:0028E470,07:002A80B0,08:00289DE0,09:0029E4B0,10:002725B0,11:002A4A18,12:00298338,13:0028B810,14:00287E20,15:0026F338,16:0027A988,17:00279740,18:00281618	ui/menus/fun_00221a48
FUN_L00_0027f700	shared	56	1d21f7cb51340eaa	19	00:0027F700,01:002954C0,02:00280C18,03:0026E370,04:00272A30,05:002A9A08,06:0028E4E0,07:002A8120,08:00289E50,09:0029E520,10:00272620,11:002A4A88,12:002983A8,13:0028B880,14:00287E90,15:0026F3A8,16:0027A9F8,17:002797B0,18:00281688	
FUN_00221af0	exe	92	558c4ef177c82474	19	00:0027F738,01:002954F8,02:00280C50,03:0026E3A8,04:00272A68,05:002A9A40,06:0028E518,07:002A8158,08:00289E88,09:0029E558,10:00272658,11:002A4AC0,12:002983E0,13:0028B8B8,14:00287EC8,15:0026F3E0,16:0027AA30,17:002797E8,18:002816C0	ui/menus/fun_00221af0
FUN_00221b50	exe	468	9637c3715907d6bd	19	00:0027F798,01:00295558,02:00280CB0,03:0026E408,04:00272AC8,05:002A9AA0,06:0028E578,07:002A81B8,08:00289EE8,09:0029E5B8,10:002726B8,11:002A4B20,12:00298440,13:0028B918,14:00287F28,15:0026F440,16:0027AA90,17:00279848,18:00281720	ui/menus/draw_prompt_box
FUN_00221d28	exe	60	cb8153c04f56c901	19	00:0027F970,01:00295730,02:00280E88,03:0026E5E0,04:00272CA0,05:002A9C78,06:0028E750,07:002A8390,08:0028A0C0,09:0029E790,10:00272890,11:002A4CF8,12:00298618,13:0028BAF0,14:00288100,15:0026F618,16:0027AC68,17:00279A20,18:002818F8	ui/menus/fun_00221d28
FUN_00221d68	exe	228	7d03478ed1e6cd6e	19	00:0027F9B0,01:00295770,02:00280EC8,03:0026E620,04:00272CE0,05:002A9CB8,06:0028E790,07:002A83D0,08:0028A100,09:0029E7D0,10:002728D0,11:002A4D38,12:00298658,13:0028BB30,14:00288140,15:0026F658,16:0027ACA8,17:00279A60,18:00281938	ui/menus/fun_00221d68
FUN_00221e50	exe	264	5364a157305841d2	19	00:0027FA98,01:00295858,02:00280FB0,03:0026E708,04:00272DC8,05:002A9DA0,06:0028E878,07:002A84B8,08:0028A1E8,09:0029E8B8,10:002729B8,11:002A4E20,12:00298740,13:0028BC18,14:00288228,15:0026F740,16:0027AD90,17:00279B48,18:00281A20	ui/menus/fun_00221e50
FUN_00221f58	exe	408	440de4fa3ce0682a	19	00:0027FBA0,01:00295960,02:002810B8,03:0026E810,04:00272ED0,05:002A9EA8,06:0028E980,07:002A85C0,08:0028A2F0,09:0029E9C0,10:00272AC0,11:002A4F28,12:00298848,13:0028BD20,14:00288330,15:0026F848,16:0027AE98,17:00279C50,18:00281B28	ui/menus/fun_00221f58
FUN_002220f0	exe	412	45ca8df331679abf	19	00:0027FD38,01:00295AF8,02:00281250,03:0026E9A8,04:00273068,05:002AA040,06:0028EB18,07:002A8758,08:0028A488,09:0029EB58,10:00272C58,11:002A50C0,12:002989E0,13:0028BEB8,14:002884C8,15:0026F9E0,16:0027B030,17:00279DE8,18:00281CC0	ui/menus/fun_002220f0
FUN_00222290	exe	324	819d151542d3e27b	19	00:0027FED8,01:00295C98,02:002813F0,03:0026EB48,04:00273208,05:002AA1E0,06:0028ECB8,07:002A88F8,08:0028A628,09:0029ECF8,10:00272DF8,11:002A5260,12:00298B80,13:0028C058,14:00288668,15:0026FB80,16:0027B1D0,17:00279F88,18:00281E60	gameplay/state/process_global_state_flags
FUN_002223d8	exe	20	3eb86aadae2659a9	19	00:00280020,01:00295DE0,02:00281538,03:0026EC90,04:00273350,05:002AA328,06:0028EE00,07:002A8A40,08:0028A770,09:0029EE40,10:00272F40,11:002A53A8,12:00298CC8,13:0028C1A0,14:002887B0,15:0026FCC8,16:0027B318,17:0027A0D0,18:00281FD8	gameplay/state/fun_002223d8
FUN_002223f0	exe	888	a3467ac542dd74d3	19	00:00280038,01:00295DF8,02:00281550,03:0026ECA8,04:00273368,05:002AA340,06:0028EE18,07:002A8A58,08:0028A788,09:0029EE58,10:00272F58,11:002A53C0,12:00298CE0,13:0028C1B8,14:002887C8,15:0026FCE0,16:0027B330,17:0027A0E8,18:00281FF0	ui/menus/fun_002223f0
FUN_00222768	exe	480	bfc452e7f8f6f82d	19	00:002803B0,01:00296170,02:002818C8,03:0026F020,04:002736E0,05:002AA6B8,06:0028F190,07:002A8DD0,08:0028AB00,09:0029F1D0,10:002732D0,11:002A5738,12:00299058,13:0028C530,14:00288B40,15:00270058,16:0027B6A8,17:0027A460,18:00282368	ui/menus/fun_00222768
FUN_00222948	exe	336	7c5ceaf02668e9a9	19	00:00280590,01:00296350,02:00281AA8,03:0026F200,04:002738C0,05:002AA898,06:0028F370,07:002A8FB0,08:0028ACE0,09:0029F3B0,10:002734B0,11:002A5918,12:00299238,13:0028C710,14:00288D20,15:00270238,16:0027B888,17:0027A640,18:00282548	ui/menus/weapons/obtain_all_gold_weapons_menu
FUN_00222a98	exe	764	a288904c8db74f53	19	00:002806E0,01:002964A0,02:00281BF8,03:0026F350,04:00273A10,05:002AA9E8,06:0028F4C0,07:002A9100,08:0028AE30,09:0029F500,10:00273600,11:002A5A68,12:00299388,13:0028C860,14:00288E70,15:00270388,16:0027B9D8,17:0027A790,18:00282698	assembly/textbin/ui/menus/draw_localized_three_option_menu
FUN_00222d98	exe	380	e2beb6ec4dcd520e	19	00:002809E0,01:002967A0,02:00281EF8,03:0026F650,04:00273D10,05:002AACE8,06:0028F7C0,07:002A9400,08:0028B130,09:0029F800,10:00273900,11:002A5D68,12:00299688,13:0028CB60,14:00289170,15:00270688,16:0027BCD8,17:0027AA90,18:00282998	ui/menus/fun_00222d98
FUN_00222f18	exe	60	46da1023d7d38895	19	00:00280B60,01:00296920,02:00282078,03:0026F7D0,04:00273E90,05:002AAE68,06:0028F940,07:002A9580,08:0028B2B0,09:0029F980,10:00273A80,11:002A5EE8,12:00299808,13:0028CCE0,14:002892F0,15:00270808,16:0027BE58,17:0027AC10,18:00282B18	ui/menus/fun_00222f18
FUN_00222f88	exe	848	4f345f6f87a876ca	19	00:00280BD0,01:00296990,02:002820E8,03:0026F840,04:00273F00,05:002AAED8,06:0028F9B0,07:002A95F0,08:0028B320,09:0029F9F0,10:00273AF0,11:002A5F58,12:00299878,13:0028CD50,14:00289360,15:00270878,16:0027BEC8,17:0027AC80,18:00282B88	ui/menus/save_data/saving_data_menu
FUN_002232d8	exe	732	a0c579761f30a966	19	00:00280F20,01:00296CE0,02:00282438,03:0026FB90,04:00274250,05:002AB228,06:0028FD00,07:002A9940,08:0028B670,09:0029FD40,10:00273E40,11:002A62A8,12:00299BC8,13:0028D0A0,14:002896B0,15:00270BC8,16:0027C218,17:0027AFD0,18:00282ED8	assembly/textbin/ui/menus/save_data/loading_data_menu
FUN_002235b8	exe	1064	7e78fb145598c2d4	19	00:00281200,01:00296FC0,02:00282718,03:0026FE70,04:00274530,05:002AB508,06:0028FFE0,07:002A9C20,08:0028B950,09:002A0020,10:00274120,11:002A6588,12:00299EA8,13:0028D380,14:00289990,15:00270EA8,16:0027C4F8,17:0027B2B0,18:002831B8	ui/menus/save_data/saving_data_menu2
FUN_002239e0	exe	1096	fdc1521b39ae2447	19	00:00281628,01:002973E8,02:00282B40,03:00270298,04:00274958,05:002AB930,06:00290408,07:002AA048,08:0028BD78,09:002A0448,10:00274548,11:002A69B0,12:0029A2D0,13:0028D7A8,14:00289DB8,15:002712D0,16:0027C920,17:0027B6D8,18:002835E0	ui/menus/fun_002239e0
FUN_00223e28	exe	668	b4b6a8f909fbbd09	19	00:00281A70,01:00297830,02:00282F88,03:002706E0,04:00274DA0,05:002ABD78,06:00290850,07:002AA490,08:0028C1C0,09:002A0890,10:00274990,11:002A6DF8,12:0029A718,13:0028DBF0,14:0028A200,15:00271718,16:0027CD68,17:0027BB20,18:00283A28	ui/menus/fun_00223e28
FUN_002240c8	exe	492	e1f29d4a85af0ddb	19	00:00281D10,01:00297AD0,02:00283228,03:00270980,04:00275040,05:002AC018,06:00290AF0,07:002AA730,08:0028C460,09:002A0B30,10:00274C30,11:002A7098,12:0029A9B8,13:0028DE90,14:0028A4A0,15:002719B8,16:0027D008,17:0027BDC0,18:00283CC8	ui/menus/fun_002240c8
FUN_002242b8	exe	176	9f1e8342e680b49c	19	00:00281F00,01:00297CC0,02:00283418,03:00270B70,04:00275230,05:002AC208,06:00290CE0,07:002AA920,08:0028C650,09:002A0D20,10:00274E20,11:002A7288,12:0029ABA8,13:0028E080,14:0028A690,15:00271BA8,16:0027D1F8,17:0027BFB0,18:00283EB8	ui/menus/fun_002242b8
FUN_00224368	exe	2040	51b062f0d24c6323	19	00:00281FB0,01:00297D70,02:002834C8,03:00270C20,04:002752E0,05:002AC2B8,06:00290D90,07:002AA9D0,08:0028C700,09:002A0DD0,10:00274ED0,11:002A7338,12:0029AC58,13:0028E130,14:0028A740,15:00271C58,16:0027D2A8,17:0027C060,18:00283F68	assembly/textbin/gameplay/gadgets/load_hand_gadget
FUN_00224b70	exe	436	3b047fbf54ff8859	19	00:002827B8,01:00298578,02:00283CD0,03:00271428,04:00275AE8,05:002ACAC0,06:00291598,07:002AB1D8,08:0028CF08,09:002A15D8,10:002756D8,11:002A7B40,12:0029B460,13:0028E938,14:0028AF48,15:00272460,16:0027DAB0,17:0027C868,18:00284770	ui/menus/fun_00224b70
FUN_00224d28	exe	236	c2e275bcbbb2126b	19	00:00282970,01:00298730,02:00283E88,03:002715E0,04:00275CA0,05:002ACC78,06:00291750,07:002AB390,08:0028D0C0,09:002A1790,10:00275890,11:002A7CF8,12:0029B618,13:0028EAF0,14:0028B100,15:00272618,16:0027DC68,17:0027CA20,18:00284928	ui/menus/fun_00224d28
FUN_00224e18	exe	424	19ef716604d52bd6	19	00:00282A60,01:00298820,02:00283F78,03:002716D0,04:00275D90,05:002ACD68,06:00291840,07:002AB480,08:0028D1B0,09:002A1880,10:00275980,11:002A7DE8,12:0029B708,13:0028EBE0,14:0028B1F0,15:00272708,16:0027DD58,17:0027CB10,18:00284A18	assembly/textbin/fun_00224e18
FUN_00224fc0	exe	304	f306a37408730688	19	00:00282C08,01:002989C8,02:00284120,03:00271878,04:00275F38,05:002ACF10,06:002919E8,07:002AB628,08:0028D358,09:002A1A28,10:00275B28,11:002A7F90,12:0029B8B0,13:0028ED88,14:0028B398,15:002728B0,16:0027DF00,17:0027CCB8,18:00284BC0	ui/menus/fun_00224fc0
FUN_002250f0	exe	144	413c4bc9a77a7bfa	19	00:00282D38,01:00298AF8,02:00284250,03:002719A8,04:00276068,05:002AD040,06:00291B18,07:002AB758,08:0028D488,09:002A1B58,10:00275C58,11:002A80C0,12:0029B9E0,13:0028EEB8,14:0028B4C8,15:002729E0,16:0027E030,17:0027CDE8,18:00284CF0	ui/menus/fun_002250f0
FUN_00225180	exe	784	30bdaaea596deca8	19	00:00282DC8,01:00298B88,02:002842E0,03:00271A38,04:002760F8,05:002AD0D0,06:00291BA8,07:002AB7E8,08:0028D518,09:002A1BE8,10:00275CE8,11:002A8150,12:0029BA70,13:0028EF48,14:0028B558,15:00272A70,16:0027E0C0,17:0027CE78,18:00284D80	assembly/textbin/fun_00225180
FUN_00225490	exe	160	7f6b808c5d2f0c5f	19	00:002830D8,01:00298E98,02:002845F0,03:00271D48,04:00276408,05:002AD3E0,06:00291EB8,07:002ABAF8,08:0028D828,09:002A1EF8,10:00275FF8,11:002A8460,12:0029BD80,13:0028F258,14:0028B868,15:00272D80,16:0027E3D0,17:0027D188,18:00285090	ui/menus/fun_00225490
FUN_00225530	exe	68	ed7eec91ea48589d	19	00:00283178,01:00298F38,02:00284690,03:00271DE8,04:002764A8,05:002AD480,06:00291F58,07:002ABB98,08:0028D8C8,09:002A1F98,10:00276098,11:002A8500,12:0029BE20,13:0028F2F8,14:0028B908,15:00272E20,16:0027E470,17:0027D228,18:00285130	ui/menus/delete_moby
FUN_L00_002831c0	shared	516	f370f555ff24a03c	19	00:002831C0,01:00298F80,02:002846D8,03:00271E30,04:002764F0,05:002AD4C8,06:00291FA0,07:002ABBE0,08:0028D910,09:002A1FE0,10:002760E0,11:002A8548,12:0029BE68,13:0028F340,14:0028B950,15:00272E68,16:0027E4B8,17:0027D270,18:00285178	
FUN_L00_002833d0	shared	216	43c2fa24186031b5	19	00:002833D0,01:00299190,02:002848E8,03:00272040,04:00276700,05:002AD6D8,06:002921B0,07:002ABDF0,08:0028DB20,09:002A21F0,10:002762F0,11:002A8758,12:0029C078,13:0028F550,14:0028BB60,15:00273078,16:0027E6C8,17:0027D480,18:00285388	
FUN_00225660	exe	132	ef64c8f765c5ff9b	19	00:002834A8,01:00299268,02:002849C0,03:00272118,04:002767D8,05:002AD7B0,06:00292288,07:002ABEC8,08:0028DBF8,09:002A22C8,10:002763C8,11:002A8830,12:0029C150,13:0028F628,14:0028BC38,15:00273150,16:0027E7A0,17:0027D558,18:00285460	ui/menus/fun_00225660
FUN_002256e8	exe	892	f134ae9c6f327eff	19	00:00283530,01:002992F0,02:00284A48,03:002721A0,04:00276860,05:002AD838,06:00292310,07:002ABF50,08:0028DC80,09:002A2350,10:00276450,11:002A88B8,12:0029C1D8,13:0028F6B0,14:0028BCC0,15:002731D8,16:0027E828,17:0027D5E0,18:002854E8	assembly/textbin/fun_002256e8
FUN_00225a68	exe	80	2e1305bdd74fc690	19	00:002838B0,01:00299670,02:00284DC8,03:00272520,04:00276BE0,05:002ADBB8,06:00292690,07:002AC2D0,08:0028E000,09:002A26D0,10:002767D0,11:002A8C38,12:0029C558,13:0028FA30,14:0028C040,15:00273558,16:0027EBA8,17:0027D960,18:00285868	rendering/entities/draw_moby_entries_from_object
FUN_00225ac0	exe	336	1c25799afae1ad36	19	00:00283908,01:002996C8,02:00284E20,03:00272578,04:00276C38,05:002ADC10,06:002926E8,07:002AC328,08:0028E058,09:002A2728,10:00276828,11:002A8C90,12:0029C5B0,13:0028FA88,14:0028C098,15:002735B0,16:0027EC00,17:0027D9B8,18:002858C0	assembly/textbin/fun_00225ac0
FUN_00225c18	exe	188	110422b2951fe2b7	19	00:00283A60,01:00299820,02:00284F78,03:002726D0,04:00276D90,05:002ADD68,06:00292840,07:002AC480,08:0028E1B0,09:002A2880,10:00276980,11:002A8DE8,12:0029C708,13:0028FBE0,14:0028C1F0,15:00273708,16:0027ED58,17:0027DB10,18:00285A18	audio/streaming/select_next_stream_buffer
FUN_00225cd8	exe	176	0d23eb9ac34dfad6	19	00:00283B20,01:002998E0,02:00285038,03:00272790,04:00276E50,05:002ADE28,06:00292900,07:002AC540,08:0028E270,09:002A2940,10:00276A40,11:002A8EA8,12:0029C7C8,13:0028FCA0,14:0028C2B0,15:002737C8,16:0027EE18,17:0027DBD0,18:00285AD8	audio/streaming/complete_stream_buffer_transfer
FUN_00225d88	exe	80	2ebf54088f1a7783	19	00:00283BD0,01:00299990,02:002850E8,03:00272840,04:00276F00,05:002ADED8,06:002929B0,07:002AC5F0,08:0028E320,09:002A29F0,10:00276AF0,11:002A8F58,12:0029C878,13:0028FD50,14:0028C360,15:00273878,16:0027EEC8,17:0027DC80,18:00285B88	audio/streaming/get_stream_buffer_size
FUN_00225dd8	exe	68	1919df75dd2d7c44	19	00:00283C20,01:002999E0,02:00285138,03:00272890,04:00276F50,05:002ADF28,06:00292A00,07:002AC640,08:0028E370,09:002A2A40,10:00276B40,11:002A8FA8,12:0029C8C8,13:0028FDA0,14:0028C3B0,15:002738C8,16:0027EF18,17:0027DCD0,18:00285BD8	ui/menus/fun_00225dd8
FUN_00225e20	exe	76	30f89faac3c3a4bd	19	00:00283C68,01:00299A28,02:00285180,03:002728D8,04:00276F98,05:002ADF70,06:00292A48,07:002AC688,08:0028E3B8,09:002A2A88,10:00276B88,11:002A8FF0,12:0029C910,13:0028FDE8,14:0028C3F8,15:00273910,16:0027EF60,17:0027DD18,18:00285C20	audio/streaming/clear_record_flag_by_key
FUN_00225e70	exe	1892	a780573441416cbb	19	00:00283CB8,01:00299A78,02:002851D0,03:00272928,04:00276FE8,05:002ADFC0,06:00292A98,07:002AC6D8,08:0028E408,09:002A2AD8,10:00276BD8,11:002A9040,12:0029C960,13:0028FE38,14:0028C448,15:00273960,16:0027EFB0,17:0027DD68,18:00285C70	assembly/textbin/fun_00225e70
FUN_002265d8	exe	148	2d75e4ef65645e15	19	00:00284420,01:0029A1E0,02:00285938,03:00273090,04:00277750,05:002AE728,06:00293200,07:002ACE40,08:0028EB70,09:002A3240,10:00277340,11:002A97A8,12:0029D0C8,13:002905A0,14:0028CBB0,15:002740C8,16:0027F718,17:0027E4D0,18:002863D8	ui/menus/item_preview/queue_preview_animation
FUN_00226670	exe	164	04e1739bd8fb98bb	19	00:002844B8,01:0029A278,02:002859D0,03:00273128,04:002777E8,05:002AE7C0,06:00293298,07:002ACED8,08:0028EC08,09:002A32D8,10:002773D8,11:002A9840,12:0029D160,13:00290638,14:0028CC48,15:00274160,16:0027F7B0,17:0027E568,18:00286470	ui/menus/item_preview/advance_preview_animation_queue
FUN_00226718	exe	92	7b6d6a07ba7a188f	19	00:00284560,01:0029A320,02:00285A78,03:002731D0,04:00277890,05:002AE868,06:00293340,07:002ACF80,08:0028ECB0,09:002A3380,10:00277480,11:002A98E8,12:0029D208,13:002906E0,14:0028CCF0,15:00274208,16:0027F858,17:0027E610,18:00286518	ui/menus/item_preview/clear_preview_animation_queue
FUN_00226778	exe	64	fdd25cacc566b957	19	00:002845C0,01:0029A380,02:00285AD8,03:00273230,04:002778F0,05:002AE8C8,06:002933A0,07:002ACFE0,08:0028ED10,09:002A33E0,10:002774E0,11:002A9948,12:0029D268,13:00290740,14:0028CD50,15:00274268,16:0027F8B8,17:0027E670,18:00286578	rendering/image/pack_image_descriptor
FUN_002267b8	exe	144	8f12853631216343	19	00:00284600,01:0029A3C0,02:00285B18,03:00273270,04:00277930,05:002AE908,06:002933E0,07:002AD020,08:0028ED50,09:002A3420,10:00277520,11:002A9988,12:0029D2A8,13:00290780,14:0028CD90,15:002742A8,16:0027F8F8,17:0027E6B0,18:002865B8	ui/menus/item_preview/clear_preview_resource_bindings
FUN_00226848	exe	376	a2ee85d4b8e4c902	19	00:00284690,01:0029A450,02:00285BA8,03:00273300,04:002779C0,05:002AE998,06:00293470,07:002AD0B0,08:0028EDE0,09:002A34B0,10:002775B0,11:002A9A18,12:0029D338,13:00290810,14:0028CE20,15:00274338,16:0027F988,17:0027E740,18:00286648	ui/menus/fun_00226848
FUN_002269c0	exe	176	1aa0c3603e30600a	19	00:00284808,01:0029A5C8,02:00285D20,03:00273478,04:00277B38,05:002AEB10,06:002935E8,07:002AD228,08:0028EF58,09:002A3628,10:00277728,11:002A9B90,12:0029D4B0,13:00290988,14:0028CF98,15:002744B0,16:0027FB00,17:0027E8B8,18:002867C0	ui/menus/prepare_save_game
FUN_00226a70	exe	152	a2b06c49cafbf868	19	00:002848B8,01:0029A678,02:00285DD0,03:00273528,04:00277BE8,05:002AEBC0,06:00293698,07:002AD2D8,08:0028F008,09:002A36D8,10:002777D8,11:002A9C40,12:0029D560,13:00290A38,14:0028D048,15:00274560,16:0027FBB0,17:0027E968,18:00286870	ui/menus/fun_00226a70
FUN_00226b08	exe	764	76a6f3417823dfd9	19	00:00284950,01:0029A710,02:00285E68,03:002735C0,04:00277C80,05:002AEC58,06:00293730,07:002AD370,08:0028F0A0,09:002A3770,10:00277870,11:002A9CD8,12:0029D5F8,13:00290AD0,14:0028D0E0,15:002745F8,16:0027FC48,17:0027EA00,18:00286908	assembly/textbin/fun_00226b08
FUN_00226e08	exe	76	25b6dc0ab2bafb6b	19	00:00284C50,01:0029AA10,02:00286168,03:002738C0,04:00277F80,05:002AEF58,06:00293A30,07:002AD670,08:0028F3A0,09:002A3A70,10:00277B70,11:002A9FD8,12:0029D8F8,13:00290DD0,14:0028D3E0,15:002748F8,16:0027FF48,17:0027ED00,18:00286C08	ui/menus/fun_00226e08
FUN_00226e58	exe	236	13a843eab192422a	19	00:00284CA0,01:0029AA60,02:002861B8,03:00273910,04:00277FD0,05:002AEFA8,06:00293A80,07:002AD6C0,08:0028F3F0,09:002A3AC0,10:00277BC0,11:002AA028,12:0029D948,13:00290E20,14:0028D430,15:00274948,16:0027FF98,17:0027ED50,18:00286C58	ui/menus/fun_00226e58
FUN_L00_00284d90	shared	108	5060a56324d6d32b	19	00:00284D90,01:0029AB50,02:002862A8,03:00273A00,04:002780C0,05:002AF098,06:00293B70,07:002AD7B0,08:0028F4E0,09:002A3BB0,10:00277CB0,11:002AA118,12:0029DA38,13:00290F10,14:0028D520,15:00274A38,16:00280088,17:0027EE40,18:00286D48	
FUN_00226f50	exe	80	7badc68ccb984038	19	00:00284E00,01:0029ABC0,02:00286318,03:00273A70,04:00278130,05:002AF108,06:00293BE0,07:002AD820,08:0028F550,09:002A3C20,10:00277D20,11:002AA188,12:0029DAA8,13:00290F80,14:0028D590,15:00274AA8,16:002800F8,17:0027EEB0,18:00286DB8	gameplay/state/clear_scene_state_buffers
FUN_L00_00284e50	shared	440	1ed112c9292e118c	19	00:00284E50,01:0029AC10,02:00286368,03:00273AC0,04:00278180,05:002AF158,06:00293C30,07:002AD870,08:0028F5A0,09:002A3C70,10:00277D70,11:002AA1D8,12:0029DAF8,13:00290FD0,14:0028D5E0,15:00274AF8,16:00280148,17:0027EF00,18:00286E08	
FUN_L00_00285008	shared	436	89a0ab283c37faef	19	00:00285008,01:0029ADC8,02:00286520,03:00273C78,04:00278338,05:002AF310,06:00293DE8,07:002ADA28,08:0028F758,09:002A3E28,10:00277F28,11:002AA390,12:0029DCB0,13:00291188,14:0028D798,15:00274CB0,16:00280300,17:0027F0B8,18:00286FC0	
FUN_L00_002851c0	shared	68	198b9f25dfdb73e0	19	00:002851C0,01:0029AF80,02:002866D8,03:00273E30,04:002784F0,05:002AF4C8,06:00293FA0,07:002ADBE0,08:0028F910,09:002A3FE0,10:002780E0,11:002AA548,12:0029DE68,13:00291340,14:0028D950,15:00274E68,16:002804B8,17:0027F270,18:00287178	
FUN_L00_00285208	shared	180	37ede0fce54d513e	19	00:00285208,01:0029AFC8,02:00286720,03:00273E78,04:00278538,05:002AF510,06:00293FE8,07:002ADC28,08:0028F958,09:002A4028,10:00278128,11:002AA590,12:0029DEB0,13:00291388,14:0028D998,15:00274EB0,16:00280500,17:0027F2B8,18:002871C0	
FUN_00226fb8	exe	304	65bdde4b89aae2bc	19	00:002852E0,01:0029B1C0,02:002867F8,03:00274070,04:00278730,05:002AF708,06:002940C0,07:002ADD00,08:0028FB50,09:002A4100,10:00278200,11:002AA668,12:0029DF88,13:00291460,14:0028DA70,15:00274F88,16:002805D8,17:0027F390,18:00287298	ui/menus/fun_00226fb8
FUN_002270e8	exe	84	9382616a8b353f48	19	00:00285410,01:0029B2F0,02:00286928,03:002741A0,04:00278860,05:002AF838,06:002941F0,07:002ADE30,08:0028FC80,09:002A4230,10:00278330,11:002AA798,12:0029E0B8,13:00291590,14:0028DBA0,15:002750B8,16:00280708,17:0027F4C0,18:002873C8	world/data/parse_typed_resource_record
FUN_00227140	exe	144	ef77a3389cb9202f	19	00:00285468,01:0029B348,02:00286980,03:002741F8,04:002788B8,05:002AF890,06:00294248,07:002ADE88,08:0028FCD8,09:002A4288,10:00278388,11:002AA7F0,12:0029E110,13:002915E8,14:0028DBF8,15:00275110,16:00280760,17:0027F518,18:00287420	ui/menus/fun_00227140
FUN_002271d0	exe	424	773f5558d2f92450	19	00:002854F8,01:0029B3D8,02:00286A10,03:00274288,04:00278948,05:002AF920,06:002942D8,07:002ADF18,08:0028FD68,09:002A4318,10:00278418,11:002AA880,12:0029E1A0,13:00291678,14:0028DC88,15:002751A0,16:002807F0,17:0027F5A8,18:002874B0	assembly/textbin/fun_002271d0
FUN_00227378	exe	460	57e8c0483589f1b9	19	00:002856A0,01:0029B580,02:00286BB8,03:00274430,04:00278AF0,05:002AFAC8,06:00294480,07:002AE0C0,08:0028FF10,09:002A44C0,10:002785C0,11:002AAA28,12:0029E348,13:00291820,14:0028DE30,15:00275348,16:00280998,17:0027F750,18:00287658	assembly/textbin/fun_00227378
FUN_00227548	exe	500	9066c7fe2f2f38ac	19	00:00285870,01:0029B750,02:00286D88,03:00274600,04:00278CC0,05:002AFC98,06:00294650,07:002AE290,08:002900E0,09:002A4690,10:00278790,11:002AABF8,12:0029E518,13:002919F0,14:0028E000,15:00275518,16:00280B68,17:0027F920,18:00287828	assembly/textbin/fun_00227548
FUN_00227740	exe	712	485fc6bdab194404	19	00:00285A68,01:0029B948,02:00286F80,03:002747F8,04:00278EB8,05:002AFE90,06:00294848,07:002AE488,08:002902D8,09:002A4888,10:00278988,11:002AADF0,12:0029E710,13:00291BE8,14:0028E1F8,15:00275710,16:00280D60,17:0027FB18,18:00287A20	assembly/textbin/fun_00227740
FUN_00227a08	exe	884	0a4795d9f47ca5c5	19	00:00285D30,01:0029BC10,02:00287248,03:00274AC0,04:00279180,05:002B0158,06:00294B10,07:002AE750,08:002905A0,09:002A4B50,10:00278C50,11:002AB0B8,12:0029E9D8,13:00291EB0,14:0028E4C0,15:002759D8,16:00281028,17:0027FDE0,18:00287CE8	assembly/textbin/fun_00227a08
FUN_00227d80	exe	332	a0271f51397be6c1	19	00:002860A8,01:0029BF88,02:002875C0,03:00274E38,04:002794F8,05:002B04D0,06:00294E88,07:002AEAC8,08:00290918,09:002A4EC8,10:00278FC8,11:002AB430,12:0029ED50,13:00292228,14:0028E838,15:00275D50,16:002813A0,17:00280158,18:00288060	assembly/textbin/fun_00227d80
FUN_00227ed0	exe	1612	b1bc315c3551975d	19	00:002861F8,01:0029C0D8,02:00287710,03:00274F88,04:00279648,05:002B0620,06:00294FD8,07:002AEC18,08:00290A68,09:002A5018,10:00279118,11:002AB580,12:0029EEA0,13:00292378,14:0028E988,15:00275EA0,16:002814F0,17:002802A8,18:002881B0	assembly/textbin/fun_00227ed0
FUN_00228520	exe	112	c2ca93a220b42edc	19	00:00286848,01:0029C728,02:00287D60,03:002755D8,04:00279C98,05:002B0C70,06:00295628,07:002AF268,08:002910B8,09:002A5668,10:00279768,11:002ABBD0,12:0029F4F0,13:002929C8,14:0028EFD8,15:002764F0,16:00281B40,17:002808F8,18:00288800	assembly/textbin/fun_00228520
FUN_00228598	exe	848	9c37ee4f97e62063	19	00:002868C0,01:0029C7A0,02:00287DD8,03:00275650,04:00279D10,05:002B0CE8,06:002956A0,07:002AF2E0,08:00291130,09:002A56E0,10:002797E0,11:002ABC48,12:0029F568,13:00292A40,14:0028F050,15:00276568,16:00281BB8,17:00280970,18:00288878	assembly/textbin/fun_00228598
FUN_002288f0	exe	316	9bbdece853e50bdc	19	00:00286C18,00:002959F8,01:0029CAF8,01:002A94E8,02:00288130,02:00295168,03:002759A8,03:00282340,04:0027A068,04:002868F0,05:002B1040,05:002BE148,06:002959F8,06:002A2AF0,07:002AF638,07:002BC6A0,08:00291488,08:0029DD80,09:002A5A38,09:002B2348,10:00279B38,10:002864F8,11:002ABFA0,11:002B88F0,12:0029F8C0,12:002AC280,13:00292D98,13:0029FE08,14:0028F3A8,14:0029BDA0,15:002768C0,15:00283940,16:00281F10,16:0028E8D0,17:00280CC8,17:0028DC58,18:00288BD0,18:002955A0	rendering/texture/dma_shrub_textures
FUN_00228a30	exe	256	0d69ca7496f837b8	19	00:00286D58,01:0029CC38,02:00288270,03:00275AE8,04:0027A1A8,05:002B1180,06:00295B38,07:002AF778,08:002915C8,09:002A5B78,10:00279C78,11:002AC0E0,12:0029FA00,13:00292ED8,14:0028F4E8,15:00276A00,16:00282050,17:00280E08,18:00288D10	rendering/shrubs/fun_00228a30
FUN_00228b38	exe	176	7b1ec1658e902f66	19	00:00286E60,01:0029CD40,02:00288378,03:00275BF0,04:0027A2B0,05:002B1288,06:00295C40,07:002AF880,08:002916D0,09:002A5C80,10:00279D80,11:002AC1E8,12:0029FB08,13:00292FE0,14:0028F5F0,15:00276B08,16:00282158,17:00280F10,18:00288E18	rendering/draw_shrubs
FUN_00228be8	exe	5952	2ac29cd2ecb65b9d	19	00:00286F10,01:0029CDF0,02:00288428,03:00275CA0,04:0027A360,05:002B1338,06:00295CF0,07:002AF930,08:00291780,09:002A5D30,10:00279E30,11:002AC298,12:0029FBB8,13:00293090,14:0028F6A0,15:00276BB8,16:00282208,17:00280FC0,18:00288EC8	assembly/textbin/shrub_proc
FUN_0022a330	exe	684	5545f792b7b6c629	19	00:00288658,01:0029E538,02:00289B70,03:002773E8,04:0027BAA8,05:002B2A80,06:00297438,07:002B1078,08:00292EC8,09:002A7478,10:0027B578,11:002AD9E0,12:002A1300,13:002947D8,14:00290DE8,15:00278300,16:00283950,17:00282708,18:0028A610	assembly/textbin/build_shrub_texture_dma
FUN_0022a5e0	exe	1456	a6cc92b08e102fdc	19	00:00288908,01:0029E7E8,02:00289E20,03:00277698,04:0027BD58,05:002B2D30,06:002976E8,07:002B1328,08:00293178,09:002A7728,10:0027B828,11:002ADC90,12:002A15B0,13:00294A88,14:00291098,15:002785B0,16:00283C00,17:002829B8,18:0028A8C0	assembly/textbin/fun_0022a5e0
FUN_L00_00288ec0	shared	580	c77acdccafb97e73	5	00:00288EC0,05:002B32E8,07:002B18E0,13:00295040,15:00278B68	
FUN_L00_00289108	shared	452	29e95c1de70a2e40	5	00:00289108,05:002B3530,07:002B1B28,13:00295288,15:00278DB0	
FUN_L00_002892d0	shared	96	731abb7c6405ac0e	19	00:002892D0,01:0029EDB0,02:0028A3E8,03:00277C60,04:0027C320,05:002B36F8,06:00297CB0,07:002B1CF0,08:00293740,09:002A7CF0,10:0027BDF0,11:002AE258,12:002A1B78,13:00295450,14:00291660,15:00278F78,16:002841C8,17:00282F80,18:0028AE88	
FUN_L00_00289330	level	240	6292c53e7172a513	1	00:00289330	
FUN_L00_00289420	shared	384	55d90d0de4e1cb36	2	00:00289420,01:0029EE10	
FUN_L00_002895a0	shared	1032	cfecf89aa4408976	2	00:002895A0,02:0028A448	
FUN_L00_002899a8	shared	232	43d29c39d17ff0d4	2	00:002899A8,03:00277CC0	
FUN_L00_00289a90	shared	324	f45506cd866c5222	2	00:00289A90,04:0027C380	
FUN_L00_00289bd8	shared	220	21df4884c2676501	2	00:00289BD8,05:002B3760	
FUN_L00_00289cb8	shared	1360	6f72767f03d96a19	2	00:00289CB8,06:00297D20	
FUN_L00_0028a208	shared	228	4072fbc45cd16a28	2	00:0028A208,07:002B1D60	
FUN_L00_0028a2f0	shared	184	fdbb18c8852ecc61	2	00:0028A2F0,08:002937B8	
FUN_L00_0028a3a8	shared	212	1f813bbb3708bc50	2	00:0028A3A8,09:002A7D68	
FUN_L00_0028a480	shared	416	d528e3fe8eb03117	2	00:0028A480,10:0027BE70	
FUN_L00_0028a620	shared	384	79b538d0cba6863c	4	00:0028A620,00:0028A7A0,00:0028AB08,11:002AE2D8,12:002A1BF8,16:00284250	
FUN_L00_0028a920	shared	120	e01c479454d3298d	2	00:0028A920,13:002954D0	
FUN_L00_0028a998	shared	252	65be2dbb495eeaea	2	00:0028A998,14:002916E0	
FUN_L00_0028aa98	shared	112	fc82b51524e481af	2	00:0028AA98,15:00279000	
FUN_L00_0028ac88	shared	1012	4f775d602b766f51	2	00:0028AC88,17:00283008	
FUN_L00_0028b080	shared	288	01d8a8e47d0f899b	2	00:0028B080,18:0028AF18	
FUN_L00_0028b1a0	shared	660	f9bc94414e76e4fa	19	00:0028B1A0,01:0029EFC0,02:0028A880,03:00277DD8,04:0027C4F0,05:002B3860,06:00298290,07:002B1E60,08:00293888,09:002A7E50,10:0027C020,11:002AE468,12:002A1D88,13:00295558,14:002917E8,15:00279078,16:002843D8,17:00283400,18:0028B038	
FUN_0022b288	exe	576	af0a29f47ee4e010	19	00:0028B440,01:0029F260,02:0028AB20,03:00278078,04:0027C790,05:002B3B00,06:00298530,07:002B2100,08:00293B28,09:002A80F0,10:0027C2C0,11:002AE708,12:002A2028,13:002957F8,14:00291A88,15:00279318,16:00284678,17:002836A0,18:0028B2D8	rendering/sky/fun_0022b288
FUN_0022b4c8	exe	140	fd13e8b8ec681ef4	19	00:0028B680,01:0029F4A0,02:0028AD60,03:002782B8,04:0027C9D0,05:002B3D40,06:00298770,07:002B2340,08:00293D68,09:002A8330,10:0027C500,11:002AE948,12:002A2268,13:00295A38,14:00291CC8,15:00279558,16:002848B8,17:002838E0,18:0028B518	rendering/sky/setup_sky_gif_paging
FUN_0022b558	exe	300	7047d40a3fafb1fb	19	00:0028B710,01:0029F530,02:0028ADF0,03:00278348,04:0027CA60,05:002B3DD0,06:00298800,07:002B23D0,08:00293DF8,09:002A83C0,10:0027C590,11:002AE9D8,12:002A22F8,13:00295AC8,14:00291D58,15:002795E8,16:00284948,17:00283970,18:0028B5A8	rendering/sky/do_sky_gif_paging
FUN_0022b690	exe	88	de3c4bd88c5b7f92	19	00:0028B848,01:0029F668,02:0028AF28,03:00278480,04:0027CB98,05:002B3F08,06:00298938,07:002B2508,08:00293F30,09:002A84F8,10:0027C6C8,11:002AEB10,12:002A2430,13:00295C00,14:00291E90,15:00279720,16:00284A80,17:00283AA8,18:0028B6E0	rendering/sky/sky_draw_shell
FUN_0022b6e8	exe	572	f49842a719b38c6b	19	00:0028B8A0,01:0029F6C0,02:0028AF80,03:002784D8,04:0027CBF0,05:002B3F60,06:00298990,07:002B2560,08:00293F88,09:002A8550,10:0027C720,11:002AEB68,12:002A2488,13:00295C58,14:00291EE8,15:00279778,16:00284AD8,17:00283B00,18:0028B738	rendering/sky/sky_draw_shell_textured
FUN_0022b928	exe	628	370059655ce29133	19	00:0028BAE0,01:0029F900,02:0028B1C0,03:00278718,04:0027CE30,05:002B41A0,06:00298BD0,07:002B27A0,08:002941C8,09:002A8790,10:0027C960,11:002AEDA8,12:002A26C8,13:00295E98,14:00292128,15:002799B8,16:00284D18,17:00283D40,18:0028B978	rendering/sky/sky_draw_shell_gouraud
FUN_0022bba0	exe	800	b0825b7becc35979	8	00:0028BD58,02:0028B438,05:002B4418,06:00298E48,07:002B2A18,13:00296110,15:00279C30,17:00283FB8	assembly/textbin/sky_sprite_proc
FUN_0022bec4	exe	208	532470aac40dd4c7	8	00:0028C07C,02:0028B75C,05:002B473C,06:0029916C,07:002B2D3C,13:00296434,15:00279F54,17:002842DC	assembly/textbin/ssp_load_tex
FUN_0022bf94	exe	332	307feecbaaa8f094	19	00:0028C14C,01:0029FB7C,02:0028B82C,03:00278994,04:0027D0AC,05:002B480C,06:0029923C,07:002B2E0C,08:00294444,09:002A8A0C,10:0027CBDC,11:002AF024,12:002A2944,13:00296504,14:002923A4,15:0027A024,16:00284F94,17:002843AC,18:0028BBF4	assembly/textbin/fun_0022bf94
FUN_0022c0e0	exe	292	319aa6716e291d5d	19	00:0028C298,01:0029FCC8,02:0028B978,03:00278AE0,04:0027D1F8,05:002B4958,06:00299388,07:002B2F58,08:00294590,09:002A8B58,10:0027CD28,11:002AF170,12:002A2A90,13:00296650,14:002924F0,15:0027A170,16:002850E0,17:002844F8,18:0028BD40	assembly/textbin/fun_0022c0e0
FUN_0022c208	exe	700	05ad340a90e0c0a4	19	00:0028C3C0,01:0029FDF0,02:0028BAA0,03:00278C08,04:0027D320,05:002B4A80,06:002994B0,07:002B3080,08:002946B8,09:002A8C80,10:0027CE50,11:002AF298,12:002A2BB8,13:00296778,14:00292618,15:0027A298,16:00285208,17:00284620,18:0028BE68	assembly/textbin/fun_0022c208
FUN_0022c4c8	exe	220	a16a110b9815e48b	19	00:0028C680,01:002A00B0,02:0028BD60,03:00278EC8,04:0027D5E0,05:002B4D40,06:00299770,07:002B3340,08:00294978,09:002A8F40,10:0027D110,11:002AF558,12:002A2E78,13:00296A38,14:002928D8,15:0027A558,16:002854C8,17:002848E0,18:0028C128	assembly/textbin/sky_bsphere_check
FUN_0022c5a8	exe	172	c4d58fcbb27c7766	19	00:0028C760,01:002A0190,02:0028BE40,03:00278FA8,04:0027D6C0,05:002B4E20,06:00299850,07:002B3420,08:00294A58,09:002A9020,10:0027D1F0,11:002AF638,12:002A2F58,13:00296B18,14:002929B8,15:0027A638,16:002855A8,17:002849C0,18:0028C208	audio/sound/fun_0022c5a8
FUN_0022c658	exe	156	01722fa11d16e63e	19	00:0028C810,01:002A0240,02:0028BEF0,03:00279058,04:0027D770,05:002B4ED0,06:00299900,07:002B34D0,08:00294B08,09:002A90D0,10:0027D2A0,11:002AF6E8,12:002A3008,13:00296BC8,14:00292A68,15:0027A6E8,16:00285658,17:00284A70,18:0028C2B8	audio/sound/fun_0022c658
FUN_0022c6f8	exe	236	ab4d876ff1476c89	19	00:0028C8B0,01:002A02E0,02:0028BF90,03:002790F8,04:0027D810,05:002B4F70,06:002999A0,07:002B3570,08:00294BA8,09:002A9170,10:0027D340,11:002AF788,12:002A30A8,13:00296C68,14:00292B08,15:0027A788,16:002856F8,17:00284B10,18:0028C358	audio/sound/fun_0022c6f8
FUN_0022c7e8	exe	68	f3263276ba999edb	19	00:0028C9A0,01:002A03D0,02:0028C080,03:002791E8,04:0027D900,05:002B5060,06:00299A90,07:002B3660,08:00294C98,09:002A9260,10:0027D430,11:002AF878,12:002A3198,13:00296D58,14:00292BF8,15:0027A878,16:002857E8,17:00284C00,18:0028C448	audio/sound/fun_0022c7e8
FUN_0022c830	exe	160	ae9e83e57af9c85e	19	00:0028C9E8,01:002A0418,02:0028C0C8,03:00279230,04:0027D948,05:002B50A8,06:00299AD8,07:002B36A8,08:00294CE0,09:002A92A8,10:0027D478,11:002AF8C0,12:002A31E0,13:00296DA0,14:00292C40,15:0027A8C0,16:00285830,17:00284C48,18:0028C490	audio/sound/fun_0022c830
FUN_0022c8d0	exe	380	a09974c84bafa73d	19	00:0028CA88,01:002A04B8,02:0028C168,03:002792D0,04:0027D9E8,05:002B5148,06:00299B78,07:002B3748,08:00294D80,09:002A9348,10:0027D518,11:002AF960,12:002A3280,13:00296E40,14:00292CE0,15:0027A960,16:002858D0,17:00284CE8,18:0028C530	assembly/textbin/fun_0022c8d0
FUN_0022ca50	exe	3252	9d6025619e05454f	19	00:0028CC08,01:002A0638,02:0028C2E8,03:00279450,04:0027DB68,05:002B52C8,06:00299CF8,07:002B38C8,08:00294F00,09:002A94C8,10:0027D698,11:002AFAE0,12:002A3400,13:00296FC0,14:00292E60,15:0027AAE0,16:00285A50,17:00284E68,18:0028C6B0	assembly/textbin/audio/voices/sound_update
FUN_L00_0028d8c0	shared	72	82de87ce7ae312fc	19	00:0028D8C0,01:002A12F0,02:0028CFA0,03:0027A108,04:0027E820,05:002B5F80,06:0029A9B0,07:002B4580,08:00295BB8,09:002AA180,10:0027E350,11:002B0798,12:002A40B8,13:00297C78,14:00293B18,15:0027B798,16:00286708,17:00285B20,18:0028D368	
FUN_0022d798	exe	80	5e423c58a8b4e72c	19	00:0028D918,01:002A1348,02:0028CFF8,03:0027A160,04:0027E878,05:002B5FD8,06:0029AA08,07:002B45D8,08:00295C10,09:002AA1D8,10:0027E3A8,11:002B07F0,12:002A4110,13:00297CD0,14:00293B70,15:0027B7F0,16:00286760,17:00285B78,18:0028D3C0	audio/voices/release_voice_slot
FUN_0022d7f0	exe	628	02dae9cce905932a	19	00:0028D970,01:002A13A0,02:0028D050,03:0027A1B8,04:0027E8D0,05:002B6030,06:0029AA60,07:002B4630,08:00295C68,09:002AA230,10:0027E400,11:002B0848,12:002A4168,13:00297D28,14:00293BC8,15:0027B848,16:002867B8,17:00285BD0,18:0028D418	assembly/textbin/fun_0022d7f0
FUN_0022da68	exe	164	12d78bf5afb78e0d	19	00:0028DBE8,01:002A1618,02:0028D2C8,03:0027A430,04:0027EB48,05:002B62A8,06:0029ACD8,07:002B48A8,08:00295EE0,09:002AA4A8,10:0027E678,11:002B0AC0,12:002A43E0,13:00297FA0,14:00293E40,15:0027BAC0,16:00286A30,17:00285E48,18:0028D690	audio/sound/fun_0022da68
FUN_L00_0028dc90	shared	176	a0e0ac79c4061fe6	19	00:0028DC90,01:002A16C0,02:0028D370,03:0027A4D8,04:0027EBF0,05:002B6350,06:0029AD80,07:002B4950,08:00295F88,09:002AA550,10:0027E720,11:002B0B68,12:002A4488,13:00298048,14:00293EE8,15:0027BB68,16:00286AD8,17:00285EF0,18:0028D738	
FUN_0022db10	exe	140	a16978a0e6796a39	19	00:0028DD40,01:002A1770,02:0028D420,03:0027A588,04:0027ECA0,05:002B6400,06:0029AE30,07:002B4A00,08:00296038,09:002AA600,10:0027E7D0,11:002B0C18,12:002A4538,13:002980F8,14:00293F98,15:0027BC18,16:00286B88,17:00285FA0,18:0028D7E8	audio/voices/allocate_voice_for_bank_entry
FUN_L00_0028ddd8	shared	140	e16c4feaefa5a9fd	16	00:0028DDD8,01:002A1808,02:0028D4B8,03:0027A6B0,05:002B6498,08:002960D0,09:002AA698,10:0027E868,11:002B0CB0,12:002A45D0,13:00298190,14:002940C0,15:0027BCB0,16:00286C20,17:00286038,18:0028D910	
FUN_L00_0028de68	shared	196	aaae99f608341dc6	19	00:0028DE68,01:002A1898,02:0028D548,03:0027A740,04:0027ED40,05:002B6528,06:0029AF60,07:002B4AA0,08:00296160,09:002AA728,10:0027E8F8,11:002B0D40,12:002A4660,13:00298220,14:00294150,15:0027BD40,16:00286CB0,17:002860C8,18:0028D9A0	
FUN_L00_0028df38	shared	32	3315064980b2d95e	19	00:0028DF38,01:002A1968,01:002A1988,02:0028D618,02:0028D638,03:0027A810,04:0027EE10,04:0027EE30,05:002B65F8,05:002B6618,06:0029B030,07:002B4B70,08:00296230,08:00296250,09:002AA7F8,09:002AA818,10:0027E9C8,11:002B0E10,11:002B0E30,12:002A4730,12:002A4750,13:00298328,13:00298348,14:00294220,14:00294240,15:0027BE10,16:00286D80,16:00286DA0,17:00286198,18:0028DA70	
FUN_L00_0028df58	shared	112	b09852a13b1e4238	19	00:0028DF58,01:002A19A8,02:0028D658,03:0027A830,04:0027EE50,05:002B6638,06:0029B050,07:002B4B90,08:00296270,09:002AA838,10:0027E9E8,11:002B0E50,12:002A4770,13:00298368,14:00294260,15:0027BE30,16:00286DC0,17:002861B8,18:0028DA90	
FUN_0022dc50	exe	120	10f557f08099da67	19	00:0028DFC8,01:002A1A18,02:0028D6C8,03:0027A8A0,04:0027EEC0,05:002B66A8,06:0029B0C0,07:002B4C00,08:002962E0,09:002AA8A8,10:0027EA58,11:002B0EC0,12:002A47E0,13:002983D8,14:002942D0,15:0027BEA0,16:00286E30,17:00286228,18:0028DB00	audio/voices/enqueue_voice_request
FUN_0022dcd0	exe	168	663a188079a0a399	19	00:0028E048,01:002A1B08,02:0028D7B8,03:0027A990,04:0027EF40,05:002B6798,06:0029B140,07:002B4CF0,08:002963D0,09:002AA998,10:0027EB48,11:002B0F40,12:002A48D0,13:00298458,14:002943C0,15:0027BF90,16:00286F20,17:002862A8,18:0028DBF0	audio/voices/sound_stop_all_sounds
FUN_0022dd78	exe	20	26a0ad415bfd8ded	19	00:0028E0F0,01:002A1BB0,02:0028D860,03:0027AA38,04:0027EFE8,05:002B6840,06:0029B1E8,07:002B4D98,08:00296478,09:002AAA40,10:0027EBF0,11:002B0FE8,12:002A4978,13:00298500,14:00294468,15:0027C038,16:00286FC8,17:00286350,18:0028DC98	audio/sound/fun_0022dd78
FUN_0022dd90	exe	64	9d403f96f915c6c0	19	00:0028E108,01:002A1BC8,02:0028D878,03:0027AA50,04:0027F000,05:002B6858,06:0029B200,07:002B4DB0,08:00296490,09:002AAA58,10:0027EC08,11:002B1000,12:002A4990,13:00298518,14:00294480,15:0027C050,16:00286FE0,17:00286368,18:0028DCB0	audio/sound/fun_0022dd90
FUN_0022ddd8	exe	40	70038e67d1f35e6b	19	00:0028E150,01:002A1C10,02:0028D8C0,03:0027AA98,04:0027F048,05:002B68A0,06:0029B248,07:002B4DF8,08:002964D8,09:002AAAA0,10:0027EC50,11:002B1048,12:002A49D8,13:00298560,14:002944C8,15:0027C098,16:00287028,17:002863B0,18:0028DCF8	audio/sound/fun_0022ddd8
FUN_L00_0028e180	shared	956	18c3185da0491f6a	19	00:0028E180,01:002A1C40,02:0028D8F0,03:0027AAC8,04:0027F078,05:002B68D0,06:0029B278,07:002B4E28,08:00296508,09:002AAAD0,10:0027EC80,11:002B1078,12:002A4A08,13:00298590,14:002944F8,15:0027C0C8,16:00287058,17:002863E0,18:0028DD28	
FUN_0022de10	exe	304	402beec68f6ca1a4	19	00:0028E540,01:002A2000,02:0028DCB0,03:0027AE88,04:0027F438,05:002B6C90,06:0029B638,07:002B51E8,08:002968C8,09:002AAE90,10:0027F040,11:002B1438,12:002A4DC8,13:00298950,14:002948B8,15:0027C488,16:00287418,17:002867A0,18:0028E0E8	world/transforms/build_object_rotation_matrix
FUN_0022df40	exe	556	9053ffcc0573239f	19	00:0028E670,01:002A2130,02:0028DDE0,03:0027AFB8,04:0027F568,05:002B6DC0,06:0029B768,07:002B5318,08:002969F8,09:002AAFC0,10:0027F170,11:002B1568,12:002A4EF8,13:00298A80,14:002949E8,15:0027C5B8,16:00287548,17:002868D0,18:0028E218	gameplay/space/draw_light_flare
FUN_L00_0028e8a0	shared	240	cccfe8a9b8effb56	19	00:0028E8A0,01:002A2360,02:0028E010,03:0027B1E8,04:0027F798,05:002B6FF0,06:0029B998,07:002B5548,08:00296C28,09:002AB1F0,10:0027F3A0,11:002B1798,12:002A5128,13:00298CB0,14:00294C18,15:0027C7E8,16:00287778,17:00286B00,18:0028E448	
FUN_L00_0028e990	shared	44	192f1f8541177adb	19	00:0028E990,01:002A2450,02:0028E100,03:0027B2D8,04:0027F888,05:002B70E0,06:0029BA88,07:002B5638,08:00296D18,09:002AB2E0,10:0027F490,11:002B1888,12:002A5218,13:00298DA0,14:00294D08,15:0027C8D8,16:00287868,17:00286BF0,18:0028E538	
FUN_L00_0028e9c8	shared	784	e90a4df4581ddf18	19	00:0028E9C8,01:002A24B8,02:0028E138,03:0027B310,04:0027F8C0,05:002B7118,06:0029BAC0,07:002B5670,08:00296D50,09:002AB318,10:0027F4C8,11:002B18C0,12:002A5250,13:00298DD8,14:00294D70,15:0027C910,16:002878A0,17:00286C28,18:0028E570	
FUN_L00_0028ecd8	shared	124	b2f983de9728ec59	19	00:0028ECD8,01:002A27C8,02:0028E448,03:0027B620,04:0027FBD0,05:002B7428,06:0029BDD0,07:002B5980,08:00297060,09:002AB628,10:0027F7D8,11:002B1BD0,12:002A5560,13:002990E8,14:00295080,15:0027CC20,16:00287BB0,17:00286F38,18:0028E880	
FUN_L00_0028ed58	shared	344	b4a6408519caa4c7	19	00:0028ED58,01:002A2848,02:0028E4C8,03:0027B6A0,04:0027FC50,05:002B74A8,06:0029BE50,07:002B5A00,08:002970E0,09:002AB6A8,10:0027F858,11:002B1C50,12:002A55E0,13:00299168,14:00295100,15:0027CCA0,16:00287C30,17:00286FB8,18:0028E900	
FUN_0022e188	exe	28	324cf5622db43145	19	00:0028EEB0,01:002A29A0,02:0028E620,03:0027B7F8,04:0027FDA8,05:002B7600,06:0029BFA8,07:002B5B58,08:00297238,09:002AB800,10:0027F9B0,11:002B1DA8,12:002A5738,13:002992C0,14:00295258,15:0027CDF8,16:00287D88,17:00287110,18:0028EA58	runtime/state/initialize_global_state_entry
FUN_L00_0028eed0	shared	244	bf52b5afccac6756	19	00:0028EED0,01:002A29C0,02:0028E640,03:0027B818,04:0027FDC8,05:002B7620,06:0029BFC8,07:002B5B78,08:00297258,09:002AB820,10:0027F9D0,11:002B1DC8,12:002A5758,13:002992E0,14:00295278,15:0027CE18,16:00287DA8,17:00287130,18:0028EA78	
FUN_L00_0028efc8	shared	624	26b0d64f73713569	19	00:0028EFC8,01:002A2AB8,02:0028E738,03:0027B910,04:0027FEC0,05:002B7718,06:0029C0C0,07:002B5C70,08:00297350,09:002AB918,10:0027FAC8,11:002B1EC0,12:002A5850,13:002993D8,14:00295370,15:0027CF10,16:00287EA0,17:00287228,18:0028EB70	
FUN_0022e420	exe	1188	f92118779fa8c34e	19	00:0028F238,01:002A2D28,02:0028E9A8,03:0027BB80,04:00280130,05:002B7988,06:0029C330,07:002B5EE0,08:002975C0,09:002ABB88,10:0027FD38,11:002B2130,12:002A5AC0,13:00299648,14:002955E0,15:0027D180,16:00288110,17:00287498,18:0028EDE0	assembly/textbin/fun_0022e420
FUN_0022e8c8	exe	316	f96f9a147c4d4a4f	19	00:0028F6E0,01:002A31D0,02:0028EE50,03:0027C028,04:002805D8,05:002B7E30,06:0029C7D8,07:002B6388,08:00297A68,09:002AC030,10:002801E0,11:002B25D8,12:002A5F68,13:00299AF0,14:00295A88,15:0027D628,16:002885B8,17:00287940,18:0028F288	gameplay/space/fun_0022e8c8
FUN_0022ea08	exe	160	f967e52168f73bba	19	00:0028F820,01:002A3310,02:0028EF90,03:0027C168,04:00280718,05:002B7F70,06:0029C918,07:002B64C8,08:00297BA8,09:002AC170,10:00280320,11:002B2718,12:002A60A8,13:00299C30,14:00295BC8,15:0027D768,16:002886F8,17:00287A80,18:0028F3C8	gameplay/space/fun_0022ea08
FUN_0022eaa8	exe	2012	f182a7f920c12acf	19	00:0028F8C0,01:002A33B0,02:0028F030,03:0027C208,04:002807B8,05:002B8010,06:0029C9B8,07:002B6568,08:00297C48,09:002AC210,10:002803C0,11:002B27B8,12:002A6148,13:00299CD0,14:00295C68,15:0027D808,16:00288798,17:00287B20,18:0028F468	assembly/textbin/fun_0022eaa8
FUN_0022f288	exe	808	3f285bd3955b2861	19	00:002900A0,01:002A3B90,02:0028F810,03:0027C9E8,04:00280F98,05:002B87F0,06:0029D198,07:002B6D48,08:00298428,09:002AC9F0,10:00280BA0,11:002B2F98,12:002A6928,13:0029A4B0,14:00296448,15:0027DFE8,16:00288F78,17:00288300,18:0028FC48	assembly/textbin/fun_0022f288
FUN_0022f5b0	exe	456	a56865fad134640b	19	00:002903C8,01:002A3EB8,02:0028FB38,03:0027CD10,04:002812C0,05:002B8B18,06:0029D4C0,07:002B7070,08:00298750,09:002ACD18,10:00280EC8,11:002B32C0,12:002A6C50,13:0029A7D8,14:00296770,15:0027E310,16:002892A0,17:00288628,18:0028FF70	rendering/effects/fun_0022f5b0
FUN_0022f778	exe	5996	630374595c7a10e0	19	00:00290590,01:002A4080,02:0028FD00,03:0027CED8,04:00281488,05:002B8CE0,06:0029D688,07:002B7238,08:00298918,09:002ACEE0,10:00281090,11:002B3488,12:002A6E18,13:0029A9A0,14:00296938,15:0027E4D8,16:00289468,17:002887F0,18:00290138	assembly/textbin/fun_0022f778
FUN_00230ee8	exe	120	a26975e68507c29b	19	00:00291D00,01:002A57F0,02:00291470,03:0027E648,04:00282BF8,05:002BA450,06:0029EDF8,07:002B89A8,08:0029A088,09:002AE650,10:00282800,11:002B4BF8,12:002A8588,13:0029C110,14:002980A8,15:0027FC48,16:0028ABD8,17:00289F60,18:002918A8	gameplay/state/dispatch_game_state_update
FUN_00230f60	exe	1704	6eea79f304b2d700	19	00:00291D78,01:002A5868,02:002914E8,03:0027E6C0,04:00282C70,05:002BA4C8,06:0029EE70,07:002B8A20,08:0029A100,09:002AE6C8,10:00282878,11:002B4C70,12:002A8600,13:0029C188,14:00298120,15:0027FCC0,16:0028AC50,17:00289FD8,18:00291920	assembly/textbin/fun_00230f60
FUN_00231608	exe	224	a0f10956200faa89	19	00:00292420,01:002A5F10,02:00291B90,03:0027ED68,04:00283318,05:002BAB70,06:0029F518,07:002B90C8,08:0029A7A8,09:002AED70,10:00282F20,11:002B5318,12:002A8CA8,13:0029C830,14:002987C8,15:00280368,16:0028B2F8,17:0028A680,18:00291FC8	gameplay/space/fun_00231608
FUN_002316e8	exe	396	39104ca61a2a42f2	19	00:00292500,01:002A5FF0,02:00291C70,03:0027EE48,04:002833F8,05:002BAC50,06:0029F5F8,07:002B91A8,08:0029A888,09:002AEE50,10:00283000,11:002B53F8,12:002A8D88,13:0029C910,14:002988A8,15:00280448,16:0028B3D8,17:0028A760,18:002920A8	ui/hud/fun_002316e8
FUN_00231878	exe	860	94545dd5b1e5b5b9	19	00:00292690,01:002A6180,02:00291E00,03:0027EFD8,04:00283588,05:002BADE0,06:0029F788,07:002B9338,08:0029AA18,09:002AEFE0,10:00283190,11:002B5588,12:002A8F18,13:0029CAA0,14:00298A38,15:002805D8,16:0028B568,17:0028A8F0,18:00292238	assembly/textbin/fun_00231878
FUN_00231bd8	exe	1048	f51b4a9f0667c32a	19	00:002929F0,01:002A64E0,02:00292160,03:0027F338,04:002838E8,05:002BB140,06:0029FAE8,07:002B9698,08:0029AD78,09:002AF340,10:002834F0,11:002B58E8,12:002A9278,13:0029CE00,14:00298D98,15:00280938,16:0028B8C8,17:0028AC50,18:00292598	assembly/textbin/fun_00231bd8
FUN_00231ff0	exe	1968	f1cdd196d418e96f	19	00:00292E08,01:002A68F8,02:00292578,03:0027F750,04:00283D00,05:002BB558,06:0029FF00,07:002B9AB0,08:0029B190,09:002AF758,10:00283908,11:002B5D00,12:002A9690,13:0029D218,14:002991B0,15:00280D50,16:0028BCE0,17:0028B068,18:002929B0	gameplay/state/do_space_transition
FUN_002327a0	exe	1344	8f6e44ab3366a871	19	00:002935B8,01:002A70A8,02:00292D28,03:0027FF00,04:002844B0,05:002BBD08,06:002A06B0,07:002BA260,08:0029B940,09:002AFF08,10:002840B8,11:002B64B0,12:002A9E40,13:0029D9C8,14:00299960,15:00281500,16:0028C490,17:0028B818,18:00293160	assembly/textbin/fun_002327a0
FUN_00232ce0	exe	28	8a03e8bb57c8250c	19	00:00293AF8,01:002A75E8,02:00293268,03:00280440,04:002849F0,05:002BC248,06:002A0BF0,07:002BA7A0,08:0029BE80,09:002B0448,10:002845F8,11:002B69F0,12:002AA380,13:0029DF08,14:00299EA0,15:00281A40,16:0028C9D0,17:0028BD58,18:002936A0	runtime/rpc/initialize_sif_rpc
FUN_00232d00	exe	316	5a76a98f41442707	19	00:00293B18,01:002A7608,02:00293288,03:00280460,04:00284A10,05:002BC268,06:002A0C10,07:002BA7C0,08:0029BEA0,09:002B0468,10:00284618,11:002B6A10,12:002AA3A0,13:0029DF28,14:00299EC0,15:00281A60,16:0028C9F0,17:0028BD78,18:002936C0	storage/cd/fun_00232d00
FUN_00232e40	exe	224	b014329ed913626e	19	00:00293C58,01:002A7748,02:002933C8,03:002805A0,04:00284B50,05:002BC3A8,06:002A0D50,07:002BA900,08:0029BFE0,09:002B05A8,10:00284758,11:002B6B50,12:002AA4E0,13:0029E068,14:0029A000,15:00281BA0,16:0028CB30,17:0028BEB8,18:00293800	world/data/stash_send_data
FUN_L00_00293d38	shared	128	1a928ae49966ea39	19	00:00293D38,01:002A7828,02:002934A8,03:00280680,04:00284C30,05:002BC488,06:002A0E30,07:002BA9E0,08:0029C0C0,09:002B0688,10:00284838,11:002B6C30,12:002AA5C0,13:0029E148,14:0029A0E0,15:00281C80,16:0028CC10,17:0028BF98,18:002938E0	
FUN_00232f20	exe	280	07f82a31d664304d	19	00:00293DB8,01:002A78A8,02:00293528,03:00280700,04:00284CB0,05:002BC508,06:002A0EB0,07:002BAA60,08:0029C140,09:002B0708,10:002848B8,11:002B6CB0,12:002AA640,13:0029E1C8,14:0029A160,15:00281D00,16:0028CC90,17:0028C018,18:00293960	storage/stash/stash_receive_data
FUN_00233038	exe	40	cc205356195b37b7	19	00:00293ED0,01:002A79C0,02:00293640,03:00280818,04:00284DC8,05:002BC620,06:002A0FC8,07:002BAB78,08:0029C258,09:002B0820,10:002849D0,11:002B6DC8,12:002AA758,13:0029E2E0,14:0029A278,15:00281E18,16:0028CDA8,17:0028C130,18:00293A78	runtime/resources/lookup_resource_entry
FUN_00233068	exe	344	4a3342b1334bba95	19	00:00293F00,01:002A79F0,02:00293670,03:00280848,04:00284DF8,05:002BC650,06:002A0FF8,07:002BABA8,08:0029C288,09:002B0850,10:00284A00,11:002B6DF8,12:002AA788,13:0029E310,14:0029A2A8,15:00281E48,16:0028CDD8,17:0028C160,18:00293AA8	rendering/set_tfrag_dists
FUN_002331c0	exe	324	73829e2626db521e	19	00:00294058,01:002A7B48,02:002937C8,03:002809A0,04:00284F50,05:002BC7A8,06:002A1150,07:002BAD00,08:0029C3E0,09:002B09A8,10:00284B58,11:002B6F50,12:002AA8E0,13:0029E468,14:0029A400,15:00281FA0,16:0028CF30,17:0028C2B8,18:00293C00	rendering/texture/dma_tfrag_textures
FUN_00233308	exe	152	887a8ce3bf6c77f3	19	00:002941A0,01:002A7C90,02:00293910,03:00280AE8,04:00285098,05:002BC8F0,06:002A1298,07:002BAE48,08:0029C528,09:002B0AF0,10:00284CA0,11:002B7098,12:002AAA28,13:0029E5B0,14:0029A548,15:002820E8,16:0028D078,17:0028C400,18:00293D48	rendering/patch_tfrag_gifs
FUN_002333a8	exe	296	e89406eebc72965e	19	00:00294240,01:002A7D30,02:002939B0,03:00280B88,04:00285138,05:002BC990,06:002A1338,07:002BAEE8,08:0029C5C8,09:002B0B90,10:00284D40,11:002B7138,12:002AAAC8,13:0029E650,14:0029A5E8,15:00282188,16:0028D118,17:0028C4A0,18:00293DE8	rendering/draw_tfrag
FUN_00233fb0	exe	3108	41075496bca9bb19	19	00:00294368,01:002A7E58,02:00293AD8,03:00280CB0,04:00285260,05:002BCAB8,06:002A1460,07:002BB010,08:0029C6F0,09:002B0CB8,10:00284E68,11:002B7260,12:002AABF0,13:0029E778,14:0029A710,15:002822B0,16:0028D240,17:0028C5C8,18:00293F10	assembly/textbin/tfrag_proc
FUN_00234bd8	exe	360	788eb89c54e060ef	19	00:00294F90,01:002A8A80,02:00294700,03:002818D8,04:00285E88,05:002BD6E0,06:002A2088,07:002BBC38,08:0029D318,09:002B18E0,10:00285A90,11:002B7E88,12:002AB818,13:0029F3A0,14:0029B338,15:00282ED8,16:0028DE68,17:0028D1F0,18:00294B38	assembly/textbin/compute_tfrag_texture_usage
FUN_00234d48	exe	592	baff8f3eec50a89d	19	00:00295100,01:002A8BF0,02:00294870,03:00281A48,04:00285FF8,05:002BD850,06:002A21F8,07:002BBDA8,08:0029D488,09:002B1A50,10:00285C00,11:002B7FF8,12:002AB988,13:0029F510,14:0029B4A8,15:00283048,16:0028DFD8,17:0028D360,18:00294CA8	assembly/textbin/build_tfrag_texture_dma
FUN_00234f98	exe	1696	5752da8f968acfe4	19	00:00295350,01:002A8E40,02:00294AC0,03:00281C98,04:00286248,05:002BDAA0,06:002A2448,07:002BBFF8,08:0029D6D8,09:002B1CA0,10:00285E50,11:002B8248,12:002ABBD8,13:0029F760,14:0029B6F8,15:00283298,16:0028E228,17:0028D5B0,18:00294EF8	assembly/textbin/light_tfrags
FUN_00235780	exe	188	bbd2c4ab7ef0a4ef	19	00:00295B38,01:002A9628,02:002952A8,03:00282480,04:00286A30,05:002BE288,06:002A2C30,07:002BC7E0,08:0029DEC0,09:002B2488,10:00286638,11:002B8A30,12:002AC3C0,13:0029FF48,14:0029BEE0,15:00283A80,16:0028EA10,17:0028DD98,18:002956E0	rendering/texture/patch_tie_texture_fields
FUN_00235840	exe	84	c386d94fddef79b9	19	00:00295BF8,01:002A96E8,02:00295368,03:00282540,04:00286AF0,05:002BE348,06:002A2CF0,07:002BC8A0,08:0029DF80,09:002B2548,10:002866F8,11:002B8AF0,12:002AC480,13:002A0008,14:0029BFA0,15:00283B40,16:0028EAD0,17:0028DE58,18:002957A0	rendering/buffers/copy_render_buffer_pair
FUN_00235898	exe	44	309c49dfab532081	19	00:00295C50,01:002A9740,02:002953C0,03:00282598,04:00286B48,05:002BE3A0,06:002A2D48,07:002BC8F8,08:0029DFD8,09:002B25A0,10:00286750,11:002B8B48,12:002AC4D8,13:002A0060,14:0029BFF8,15:00283B98,16:0028EB28,17:0028DEB0,18:002957F8	rendering/entities/register_entity_render_resources
FUN_002358c8	exe	200	5bd1a5a8e4a3748f	19	00:00295C80,01:002A9770,02:002953F0,03:002825C8,04:00286B78,05:002BE3D0,06:002A2D78,07:002BC928,08:0029E008,09:002B25D0,10:00286780,11:002B8B78,12:002AC508,13:002A0090,14:0029C028,15:00283BC8,16:0028EB58,17:0028DEE0,18:00295828	rendering/draw_ties_1
FUN_00235990	exe	600	95026cd1a7fc2a95	19	00:00295D48,01:002A9838,02:002954B8,03:00282690,04:00286C40,05:002BE498,06:002A2E40,07:002BC9F0,08:0029E0D0,09:002B2698,10:00286848,11:002B8C40,12:002AC5D0,13:002A0158,14:0029C0F0,15:00283C90,16:0028EC20,17:0028DFA8,18:002958F0	rendering/draw_ties_2
FUN_00235be8	exe	5328	a4a5d0a8e0b47e45	19	00:00295FA0,01:002A9A90,02:00295710,03:002828E8,04:00286E98,05:002BE6F0,06:002A3098,07:002BCC48,08:0029E328,09:002B28F0,10:00286AA0,11:002B8E98,12:002AC828,13:002A03B0,14:0029C348,15:00283EE8,16:0028EE78,17:0028E200,18:00295B48	assembly/textbin/tie_proc
FUN_002370c0	exe	684	98d2cee1d91ba3e3	19	00:00297478,01:002AAF68,02:00296BE8,03:00283DC0,04:00288370,05:002BFBC8,06:002A4570,07:002BE120,08:0029F800,09:002B3DC8,10:00287F78,11:002BA370,12:002ADD00,13:002A1888,14:0029D820,15:002853C0,16:00290350,17:0028F6D8,18:00297020	assembly/textbin/build_tie_texture_dma
FUN_00237370	exe	1784	6d79f8dc995c3681	19	00:00297728,01:002AB218,02:00296E98,03:00284070,04:00288620,05:002BFE78,06:002A4820,07:002BE3D0,08:0029FAB0,09:002B4078,10:00288228,11:002BA620,12:002ADFB0,13:002A1B38,14:0029DAD0,15:00285670,16:00290600,17:0028F988,18:002972D0	assembly/textbin/light_ties
FUN_L00_00297e30	shared	64	26f64ebefaa4e265	19	00:00297E30,01:002AB920,02:002975A0,03:00284778,04:00288D28,05:002C0580,06:002A4F28,07:002BEAD8,08:002A01B8,09:002B4780,10:00288930,11:002BAD28,12:002AE6B8,13:002A2240,14:0029E1D8,15:00285D78,16:00290D08,17:00290090,18:002979D8	
FUN_L00_00297e70	shared	260	2ce2f25f8c66a007	19	00:00297E70,01:002AB960,02:002975E0,03:002847B8,04:00288D68,05:002C05C0,06:002A4F68,07:002BEB18,08:002A01F8,09:002B47C0,10:00288970,11:002BAD68,12:002AE6F8,13:002A2280,14:0029E218,15:00285DB8,16:00290D48,17:002900D0,18:00297A18	
FUN_L00_00297f78	shared	2244	273abfd663dbcdad	19	00:00297F78,01:002ABA68,02:002976E8,03:002848C0,04:00288E70,05:002C06C8,06:002A5070,07:002BEC20,08:002A0300,09:002B48C8,10:00288A78,11:002BAE70,12:002AE800,13:002A2388,14:0029E320,15:00285EC0,16:00290E50,17:002901D8,18:00297B20	
FUN_L00_00298840	shared	728	fec30888c3f1f6ed	19	00:00298840,01:002AC330,02:00297FB0,03:00285188,04:00289738,05:002C0F90,06:002A5938,07:002BF4E8,08:002A0BC8,09:002B5190,10:00289340,11:002BB738,12:002AF0C8,13:002A2C50,14:0029EBE8,15:00286788,16:00291718,17:00290AA0,18:002983E8	
FUN_L00_00298b18	shared	716	0411fa10771325ee	19	00:00298B18,01:002AC608,02:00298288,03:00285460,04:00289A10,05:002C1268,06:002A5C10,07:002BF7C0,08:002A0EA0,09:002B5468,10:00289618,11:002BBA10,12:002AF3A0,13:002A2F28,14:0029EEC0,15:00286A60,16:002919F0,17:00290D78,18:002986C0	
FUN_L00_00298de8	shared	424	7dbd5a21ca63fe44	19	00:00298DE8,01:002AC8D8,02:00298558,03:00285730,04:00289CE0,05:002C1538,06:002A5EE0,07:002BFA90,08:002A1170,09:002B5738,10:002898E8,11:002BBCE0,12:002AF670,13:002A31F8,14:0029F190,15:00286D30,16:00291CC0,17:00291048,18:00298990	
FUN_L00_00298f90	shared	1228	4da1b470af7a9263	19	00:00298F90,01:002ACA80,02:00298700,03:002858D8,04:00289E88,05:002C16E0,06:002A6088,07:002BFC38,08:002A1318,09:002B58E0,10:00289A90,11:002BBE88,12:002AF818,13:002A33A0,14:0029F338,15:00286ED8,16:00291E68,17:002911F0,18:00298B38	
FUN_L00_00299460	shared	152	a9229bb769e7c1c8	19	00:00299460,01:002ACF50,02:00298BD0,02:00298C68,03:00285DA8,04:0028A358,05:002C1BB0,06:002A6558,07:002C0108,08:002A17E8,08:002A1880,09:002B5DB0,10:00289F60,11:002BC358,12:002AFCE8,13:002A3870,14:0029F808,15:002873A8,16:00292338,16:002923D0,17:002916C0,18:00299008	
FUN_L00_002994f8	shared	104	68adb2e4c1b39532	19	00:002994F8,01:002ACFE8,02:00298D00,03:00285E40,04:0028A3F0,05:002C1C48,06:002A65F0,07:002C01A0,08:002A1918,09:002B5E48,10:00289FF8,11:002BC3F0,12:002AFD80,13:002A3908,14:0029F8A0,15:00287440,16:00292468,17:00291758,18:002990A0	
FUN_L00_00299560	shared	108	1bd65c7ce8192953	19	00:00299560,01:002AD050,02:00298D68,03:00285EA8,04:0028A458,05:002C1CB0,06:002A6658,07:002C0208,08:002A1980,09:002B5EB0,10:0028A060,11:002BC458,12:002AFDE8,13:002A3970,14:0029F908,15:002874A8,16:002924D0,17:002917C0,18:00299108	
FUN_L00_002995d0	shared	504	7e4fa8963734cccf	19	00:002995D0,01:002AD0C0,02:00298DD8,03:00285F18,04:0028A4C8,05:002C1D20,06:002A66C8,07:002C0278,08:002A19F0,09:002B5F20,10:0028A0D0,11:002BC4C8,12:002AFE58,13:002A39E0,14:0029F978,15:00287518,16:00292540,17:00291830,18:00299178	
FUN_L00_002997c8	shared	480	a6896ab9f4db5dab	19	00:002997C8,01:002AD2B8,02:00298FD0,03:00286110,04:0028A6C0,05:002C1F18,06:002A68C0,07:002C0470,08:002A1BE8,09:002B6118,10:0028A2C8,11:002BC6C0,12:002B0050,13:002A3BD8,14:0029FB70,15:00287710,16:00292738,17:00291A28,18:00299370	
FUN_L00_002999a8	shared	188	014fa30fd4eb17f2	19	00:002999A8,01:002AD498,02:002991B0,03:002862F0,04:0028A8A0,05:002C20F8,06:002A6AA0,07:002C0650,08:002A1DC8,09:002B62F8,10:0028A4A8,11:002BC8A0,12:002B0230,13:002A3DB8,14:0029FD50,15:002878F0,16:00292918,17:00291C08,18:00299550	
FUN_L00_00299a68	shared	404	7ec36ea46534e72f	19	00:00299A68,01:002AD558,02:00299270,03:002863B0,04:0028A960,05:002C21B8,06:002A6B60,07:002C0710,08:002A1E88,09:002B63B8,10:0028A568,11:002BC960,12:002B02F0,13:002A3E78,14:0029FE10,15:002879B0,16:002929D8,17:00291CC8,18:00299610	
FUN_L00_00299c00	shared	72	e6a4fe049b68e372	19	00:00299C00,01:002AD6F0,02:00299408,03:00286548,04:0028AAF8,05:002C2350,06:002A6CF8,07:002C08A8,08:002A2020,09:002B6550,10:0028A700,11:002BCAF8,12:002B0488,13:002A4010,14:0029FFA8,15:00287B48,16:00292B70,17:00291E60,18:002997A8	
FUN_L00_00299c48	shared	756	e1a7bac518c8e026	19	00:00299C48,01:002AD738,02:00299450,03:00286590,04:0028AB40,05:002C2398,06:002A6D40,07:002C08F0,08:002A2068,09:002B6598,10:0028A748,11:002BCB40,12:002B04D0,13:002A4058,14:0029FFF0,15:00287B90,16:00292BB8,17:00291EA8,18:002997F0	
FUN_00237a78	exe	516	75970663ed1ab221	19	00:00299F40,01:002ADA30,02:00299748,03:00286888,04:0028AE38,05:002C2690,06:002A7038,07:002C0BE8,08:002A2360,09:002B6890,10:0028AA40,11:002BCE38,12:002B07C8,13:002A4350,14:002A02E8,15:00287E88,16:00292EB0,17:002921A0,18:00299AE8	assembly/textbin/fun_00237a78
FUN_00237c80	exe	484	ba08f168291941be	19	00:0029A148,01:002ADC38,02:00299950,03:00286A90,04:0028B040,05:002C2898,06:002A7240,07:002C0DF0,08:002A2568,09:002B6A98,10:0028AC48,11:002BD040,12:002B09D0,13:002A4558,14:002A04F0,15:00288090,16:002930B8,17:002923A8,18:00299CF0	assembly/textbin/fun_00237c80
FUN_L00_0029a330	shared	204	e2b06b62f5ee68cb	19	00:0029A330,01:002ADE20,02:00299B38,03:00286C78,04:0028B228,05:002C2A80,06:002A7428,07:002C0FD8,08:002A2750,09:002B6C80,10:0028AE30,11:002BD228,12:002B0BB8,13:002A4740,14:002A06D8,15:00288278,16:002932A0,17:00292590,18:00299ED8	
FUN_L00_0029a400	shared	684	cea6d62865f3ad44	19	00:0029A400,01:002ADEF0,02:00299C08,03:00286D48,04:0028B2F8,05:002C2B50,06:002A74F8,07:002C10A8,08:002A2820,09:002B6D50,10:0028AF00,11:002BD2F8,12:002B0C88,13:002A4810,14:002A07A8,15:00288348,16:00293370,17:00292660,18:00299FA8	
FUN_L00_0029a6b0	shared	1216	32c08338a73a0e51	19	00:0029A6B0,01:002AE1A0,02:00299EB8,03:00286FF8,04:0028B5A8,05:002C2E00,06:002A77A8,07:002C1358,08:002A2AD0,09:002B7000,10:0028B1B0,11:002BD5A8,12:002B0F38,13:002A4AC0,14:002A0A58,15:002885F8,16:00293620,17:00292910,18:0029A258	
FUN_L00_0029ab70	shared	404	e0bcc041aeb2d6b1	19	00:0029AB70,01:002AE660,02:0029A378,03:002874B8,04:0028BA68,05:002C32C0,06:002A7C68,07:002C1818,08:002A2F90,09:002B74C0,10:0028B670,11:002BDA68,12:002B13F8,13:002A4F80,14:002A0F18,15:00288AB8,16:00293AE0,17:00292DD0,18:0029A718	
FUN_L00_0029ad08	shared	628	6c832bc7dbefd1a3	19	00:0029AD08,01:002AE7F8,02:0029A510,03:00287650,04:0028BC00,05:002C3458,06:002A7E00,07:002C19B0,08:002A3128,09:002B7658,10:0028B808,11:002BDC00,12:002B1590,13:002A5118,14:002A10B0,15:00288C50,16:00293C78,17:00292F68,18:0029A8B0	
FUN_L00_0029af80	shared	236	11ff99877bc8f4d5	19	00:0029AF80,01:002AECF0,02:0029A788,03:002878C8,04:0028BE78,05:002C36D0,06:002A8078,07:002C1C28,08:002A33A0,09:002B78D0,10:0028BA80,11:002BDE78,12:002B1808,13:002A5610,14:002A1328,15:00288EC8,16:00293EF0,17:002931E0,18:0029AB28	
FUN_00237e90	exe	60	e68ca87d7d3150d9	19	00:0029B070,01:002AEDE0,02:0029A878,03:002879B8,04:0028BF68,05:002C37C0,06:002A8168,07:002C1D18,08:002A3490,09:002B79C0,10:0028BB70,11:002BDF68,12:002B18F8,13:002A5700,14:002A1418,15:00288FB8,16:00293FE0,17:002932D0,18:0029AC18	ui/text/set_scrolling_status_message
FUN_00237ed0	exe	1060	ce553868b3e4ca2a	19	00:0029B0B0,01:002AEE20,02:0029A8B8,03:002879F8,04:0028BFA8,05:002C3800,06:002A81A8,07:002C1D58,08:002A34D0,09:002B7A00,10:0028BBB0,11:002BDFA8,12:002B1938,13:002A5740,14:002A1458,15:00288FF8,16:00294020,17:00293310,18:0029AC58	gameplay/vendor/fun_00237ed0
FUN_L00_0029b4d8	shared	420	a3ef2c90f333accd	19	00:0029B4D8,01:002AF248,02:0029ACE0,03:00287E20,04:0028C3D0,05:002C3C28,06:002A85D0,07:002C2180,08:002A38F8,09:002B7E28,10:0028BFD8,11:002BE3D0,12:002B1D60,13:002A5B68,14:002A1880,15:00289420,16:00294448,17:00293738,18:0029B080	
FUN_L00_0029b680	shared	1012	fc8403228aea7a10	19	00:0029B680,01:002AF3F0,02:0029AE88,03:00287FC8,04:0028C578,05:002C3DD0,06:002A8778,07:002C2328,08:002A3AA0,09:002B7FD0,10:0028C180,11:002BE578,12:002B1F08,13:002A5D10,14:002A1A28,15:002895C8,16:002945F0,17:002938E0,18:0029B228	
FUN_L00_0029ba78	shared	3024	b27407139c6cf7e0	19	00:0029BA78,01:002AF7E8,02:0029B280,03:002883C0,04:0028C970,05:002C41C8,06:002A8B70,07:002C2720,08:002A3E98,09:002B83C8,10:0028C578,11:002BE970,12:002B2300,13:002A6108,14:002A1E20,15:002899C0,16:002949E8,17:00293CD8,18:0029B620	
FUN_L00_0029c648	shared	5244	5b6f105d861d9713	19	00:0029C648,01:002B03B8,02:0029BE50,03:00288F90,04:0028D540,05:002C4D98,06:002A9740,07:002C32F0,08:002A4A68,09:002B8F98,10:0028D148,11:002BF540,12:002B2ED0,13:002A6CD8,14:002A29F0,15:0028A590,16:002955B8,17:002948A8,18:0029C1F0	
FUN_00238310	exe	528	599f06cdaa64fa95	19	00:0029DAC8,01:002B1838,02:0029D2D0,03:0028A410,04:0028E9C0,05:002C6218,06:002AABC0,07:002C4770,08:002A5EE8,09:002BA418,10:0028E5C8,11:002C09C0,12:002B4350,13:002A8158,14:002A3E70,15:0028BA10,16:00296A38,17:00295D28,18:0029D670	assembly/textbin/fun_00238310
FUN_00238520	exe	268	2f1a42b269f110b8	19	00:0029DCD8,01:002B1A48,02:0029D4E0,03:0028A620,04:0028EBD0,05:002C6428,06:002AADD0,07:002C4980,08:002A60F8,09:002BA628,10:0028E7D8,11:002C0BD0,12:002B4560,13:002A8368,14:002A4080,15:0028BC20,16:00296C48,17:00295F38,18:0029D880	ui/text/update_scrolling_status_message
FUN_00238630	exe	88	96bb56d71f735b90	19	00:0029DDE8,01:002B1B58,02:0029D5F0,03:0028A730,04:0028ECE0,05:002C6538,06:002AAEE0,07:002C4A90,08:002A6208,09:002BA738,10:0028E8E8,11:002C0CE0,12:002B4670,13:002A8478,14:002A4190,15:0028BD30,16:00296D58,17:00296048,18:0029D990	gameplay/vendor/fun_00238630
FUN_00238688	exe	96	e3274638235c4463	19	00:0029DE40,01:002B1BB0,02:0029D648,03:0028A788,04:0028ED38,05:002C6590,06:002AAF38,07:002C4AE8,08:002A6260,09:002BA790,10:0028E940,11:002C0D38,12:002B46C8,13:002A84D0,14:002A41E8,15:0028BD88,16:00296DB0,17:002960A0,18:0029D9E8	ui/menus/format_scaled_display_value
FUN_002386e8	exe	756	05f30703c3804117	19	00:0029DEA0,01:002B1C10,02:0029D6A8,03:0028A7E8,04:0028ED98,05:002C65F0,06:002AAF98,07:002C4B48,08:002A62C0,09:002BA7F0,10:0028E9A0,11:002C0D98,12:002B4728,13:002A8530,14:002A4248,15:0028BDE8,16:00296E10,17:00296100,18:0029DA48	gameplay/vendor/fun_002386e8
FUN_002389e0	exe	1316	97b9f33ad707a2cb	19	00:0029E198,01:002B1F08,02:0029D9A0,03:0028AAE0,04:0028F090,05:002C68E8,06:002AB290,07:002C4E40,08:002A65B8,09:002BAAE8,10:0028EC98,11:002C1090,12:002B4A20,13:002A8828,14:002A4540,15:0028C0E0,16:00297108,17:002963F8,18:0029DD40	ui/menus/fun_002389e0
FUN_00238f08	exe	596	fb816c846cf66f02	19	00:0029E6C0,01:002B2430,02:0029DEC8,03:0028B008,04:0028F5B8,05:002C6E10,06:002AB7B8,07:002C5368,08:002A6AE0,09:002BB010,10:0028F1C0,11:002C15B8,12:002B4F48,13:002A8D50,14:002A4A68,15:0028C608,16:00297630,17:00296920,18:0029E268	assembly/textbin/fun_00238f08
FUN_00239160	exe	444	d485d2eb9b231e92	19	00:0029E918,01:002B2688,02:0029E120,03:0028B260,04:0028F810,05:002C7068,06:002ABA10,07:002C55C0,08:002A6D38,09:002BB268,10:0028F418,11:002C1810,12:002B51A0,13:002A8FA8,14:002A4CC0,15:0028C860,16:00297888,17:00296B78,18:0029E4C0	gameplay/vendor/fun_00239160
FUN_L00_0029ead8	shared	1164	04eb31f797d73e1d	19	00:0029EAD8,01:002B2848,02:0029E2E0,03:0028B420,04:0028F9D0,05:002C7228,06:002ABBD0,07:002C5780,08:002A6EF8,09:002BB428,10:0028F5D8,11:002C19D0,12:002B5360,13:002A9168,14:002A4E80,15:0028CA20,16:00297A48,17:00296D38,18:0029E680	
FUN_00239328	exe	868	d9dc079b37761b1a	19	00:0029EF68,01:002B2CD8,02:0029E770,03:0028B8B0,04:0028FE60,05:002C76B8,06:002AC060,07:002C5C10,08:002A7388,09:002BB8B8,10:0028FA68,11:002C1E60,12:002B57F0,13:002A95F8,14:002A5310,15:0028CEB0,16:00297ED8,17:002971C8,18:0029EB10	assembly/textbin/fun_00239328
FUN_00239690	exe	188	74f184b5ccf266b2	19	00:0029F2D0,01:002B3040,02:0029EAD8,03:0028BC18,04:002901C8,05:002C7A20,06:002AC3C8,07:002C5F78,08:002A76F0,09:002BBC20,10:0028FDD0,11:002C21C8,12:002B5B58,13:002A9960,14:002A5678,15:0028D218,16:00298240,17:00297530,18:0029EE78	gameplay/vendor/fun_00239690
FUN_00239780	exe	1484	5e9d75500ebe3d2d	19	00:0029F3C0,01:002B3130,02:0029EBC8,03:0028BD08,04:002902B8,05:002C7B10,06:002AC4B8,07:002C6068,08:002A77E0,09:002BBD10,10:0028FEC0,11:002C22B8,12:002B5C48,13:002A9A50,14:002A5768,15:0028D308,16:00298330,17:00297620,18:0029EF68	assembly/textbin/fun_00239780
FUN_L00_0029f990	shared	832	a012496b8383384c	19	00:0029F990,01:002B3700,02:0029F198,03:0028C2D8,04:00290888,05:002C80E0,06:002ACA88,07:002C6638,08:002A7DB0,09:002BC2E0,10:00290490,11:002C2888,12:002B6218,13:002AA020,14:002A5D38,15:0028D8D8,16:00298900,17:00297BF0,18:0029F538	
FUN_L00_0029fcd0	shared	644	bf7c0ff68a32ee46	19	00:0029FCD0,01:002B3A40,02:0029F4D8,03:0028C618,04:00290BC8,05:002C8420,06:002ACDC8,07:002C6978,08:002A80F0,09:002BC620,10:002907D0,11:002C2BC8,12:002B6558,13:002AA360,14:002A6078,15:0028DC18,16:00298C40,17:00297F30,18:0029F878	
FUN_L00_0029ff58	shared	852	2ef965770c07ff43	19	00:0029FF58,01:002B3CC8,02:0029F760,03:0028C8A0,04:00290E50,05:002C86A8,06:002AD050,07:002C6C00,08:002A8378,09:002BC8A8,10:00290A58,11:002C2E50,12:002B67E0,13:002AA5E8,14:002A6300,15:0028DEA0,16:00298EC8,17:002981B8,18:0029FB00	
FUN_L00_002a02b0	shared	1096	c8468bcbc1320291	19	00:002A02B0,01:002B4020,02:0029FAB8,03:0028CBF8,04:002911A8,05:002C8A00,06:002AD3A8,07:002C6F58,08:002A86D0,09:002BCC00,10:00290DB0,11:002C31A8,12:002B6B38,13:002AA940,14:002A6658,15:0028E1F8,16:00299220,17:00298510,18:0029FE58	
FUN_002334d8	exe	200	b59ce1ad8b9731a5	19	00:002A0700,01:002B4470,02:0029FF08,03:0028D048,04:002915F8,05:002C8E50,06:002AD7F8,07:002C73A8,08:002A8B20,09:002BD050,10:00291200,11:002C35F8,12:002B6F88,13:002AAD90,14:002A6AA8,15:0028E648,16:00299670,17:00298960,18:002A02A8	rendering/dma/start_vif1_dma_transfer
FUN_002335a0	exe	44	acb0523b7640c391	19	00:002A07C8,01:002B4538,02:0029FFD0,03:0028D110,04:002916C0,05:002C8F18,06:002AD8C0,07:002C7470,08:002A8BE8,09:002BD118,10:002912C8,11:002C36C0,12:002B7050,13:002AAE58,14:002A6B70,15:0028E710,16:00299738,17:00298A28,18:002A0370	runtime/dma/calculate_dma_transfer_address
FUN_002335d0	exe	92	b4cb5f8d587d3612	19	00:002A07F8,01:002B4568,02:002A0000,03:0028D140,04:002916F0,05:002C8F48,06:002AD8F0,07:002C74A0,08:002A8C18,09:002BD148,10:002912F8,11:002C36F0,12:002B7080,13:002AAE88,14:002A6BA0,15:0028E740,16:00299768,17:00298A58,18:002A03A0	rendering/vu1_init_chain
FUN_00233630	exe	112	8ba0eab5fc70be12	19	00:002A0858,01:002B45C8,02:002A0060,03:0028D1A0,04:00291750,05:002C8FA8,06:002AD950,07:002C7500,08:002A8C78,09:002BD1A8,10:00291358,11:002C3750,12:002B70E0,13:002AAEE8,14:002A6C00,15:0028E7A0,16:002997C8,17:00298AB8,18:002A0400	rendering/buffers/swap_render_buffer_chain
FUN_L00_002a08c8	shared	272	bc3b7bcb81ea7b1d	19	00:002A08C8,01:002B4638,02:002A00D0,03:0028D210,04:002917C0,05:002C9018,06:002AD9C0,07:002C7570,08:002A8CE8,09:002BD218,10:002913C8,11:002C37C0,12:002B7150,13:002AAF58,14:002A6C70,15:0028E810,16:00299838,17:00298B28,18:002A0470	
FUN_L00_002a09d8	shared	128	b0257f7e13b6fd62	19	00:002A09D8,01:002B4748,02:002A01E0,03:0028D320,04:002918D0,05:002C9128,06:002ADAD0,07:002C7680,08:002A8DF8,09:002BD328,10:002914D8,11:002C38D0,12:002B7260,13:002AB068,14:002A6D80,15:0028E920,16:00299948,17:00298C38,18:002A0580	
FUN_00233830	exe	76	86a4f7d69a589a1c	19	00:002A0A58,01:002B47C8,02:002A0260,03:0028D3A0,04:00291950,05:002C91A8,06:002ADB50,07:002C7700,08:002A8E78,09:002BD3A8,10:00291558,11:002C3950,12:002B72E0,13:002AB0E8,14:002A6E00,15:0028E9A0,16:002999C8,17:00298CB8,18:002A0600	rendering/vu1_add_data_ref
FUN_00233888	exe	164	2b739629798ae677	19	00:002A0AB0,01:002B4820,02:002A02B8,03:0028D3F8,04:002919A8,05:002C9200,06:002ADBA8,07:002C7758,08:002A8ED0,09:002BD400,10:002915B0,11:002C39A8,12:002B7338,13:002AB140,14:002A6E58,15:0028E9F8,16:00299A20,17:00298D10,18:002A0658	rendering/packets/write_vif_unpack_packet
FUN_00233938	exe	72	525d7f80635ab463	19	00:002A0B60,01:002B48D0,02:002A0368,03:0028D4A8,04:00291A58,05:002C92B0,06:002ADC58,07:002C7808,08:002A8F80,09:002BD4B0,10:00291660,11:002C3A58,12:002B73E8,13:002AB1F0,14:002A6F08,15:0028EAA8,16:00299AD0,17:00298DC0,18:002A0708	rendering/vu1/fun_00233938
FUN_00233980	exe	180	ef59d2ef8a086430	19	00:002A0BA8,01:002B4918,02:002A03B0,03:0028D4F0,04:00291AA0,05:002C92F8,06:002ADCA0,07:002C7850,08:002A8FC8,09:002BD4F8,10:002916A8,11:002C3AA0,12:002B7430,13:002AB238,14:002A6F50,15:0028EAF0,16:00299B18,17:00298E08,18:002A0750	rendering/vu1_add_g_sregister
FUN_00233a40	exe	284	25ce93d8d15173c6	19	00:002A0C68,01:002B49D8,02:002A0470,03:0028D5B0,04:00291B60,05:002C93B8,06:002ADD60,07:002C7910,08:002A9088,09:002BD5B8,10:00291768,11:002C3B60,12:002B74F0,13:002AB2F8,14:002A7010,15:0028EBB0,16:00299BD8,17:00298EC8,18:002A0810	rendering/vu1_set_scissor
FUN_L00_002a0f18	shared	172	b88dc09582f2c4ec	19	00:002A0F18,01:002B4C88,02:002A0720,03:0028D860,04:00291E10,05:002C9668,06:002AE010,07:002C7BC0,08:002A9338,09:002BD868,10:00291A18,11:002C3E10,12:002B77A0,13:002AB5A8,14:002A72C0,15:0028EE60,16:00299E88,17:00299178,18:002A0AC0	
FUN_L00_002a0fc8	shared	348	31f5f47c70bea924	19	00:002A0FC8,01:002B4D38,02:002A07D0,03:0028D910,04:00291EC0,05:002C9718,06:002AE0C0,07:002C7C70,08:002A93E8,09:002BD918,10:00291AC8,11:002C3EC0,12:002B7850,13:002AB658,14:002A7370,15:0028EF10,16:00299F38,17:00299228,18:002A0B70	
FUN_00233d00	exe	144	4f5508c32ea11f8c	19	00:002A1128,01:002B4E98,02:002A0930,03:0028DA70,04:00292020,05:002C9878,06:002AE220,07:002C7DD0,08:002A9548,09:002BDA78,10:00291C28,11:002C4020,12:002B79B0,13:002AB7B8,14:002A74D0,15:0028F070,16:0029A098,17:00299388,18:002A0CD0	rendering/dmac_vif1_enable
FUN_00233d90	exe	112	8464038ae78da091	19	00:002A11B8,01:002B4F28,02:002A09C0,03:0028DB00,04:002920B0,05:002C9908,06:002AE2B0,07:002C7E60,08:002A95D8,09:002BDB08,10:00291CB8,11:002C40B0,12:002B7A40,13:002AB848,14:002A7560,15:0028F100,16:0029A128,17:00299418,18:002A0D60	rendering/dmac_vif1_disable
FUN_00233e00	exe	252	73e743a39c1dade2	19	00:002A1228,01:002B4F98,02:002A0A30,03:0028DB70,04:00292120,05:002C9978,06:002AE320,07:002C7ED0,08:002A9648,09:002BDB78,10:00291D28,11:002C4120,12:002B7AB0,13:002AB8B8,14:002A75D0,15:0028F170,16:0029A198,17:00299488,18:002A0DD0	assembly/textbin/sub_00233e00
FUN_00233f00	exe	112	22dc09b23e5b0149	19	00:002A1328,01:002B5098,02:002A0B30,03:0028DC70,04:00292220,05:002C9A78,06:002AE420,07:002C7FD0,08:002A9748,09:002BDC78,10:00291E28,11:002C4220,12:002B7BB0,13:002AB9B8,14:002A76D0,15:0028F270,16:0029A298,17:00299588,18:002A0ED0	runtime/diagnostics/print_register_values_and_halt
FUN_00233f78	exe	52	930b65c7c6f48d12	19	00:002A13A0,01:002B5110,02:002A0BA8,03:0028DCE8,04:00292298,05:002C9AF0,06:002AE498,07:002C8048,08:002A97C0,09:002BDCF0,10:00291EA0,11:002C4298,12:002B7C28,13:002ABA30,14:002A7748,15:0028F2E8,16:0029A310,17:00299600,18:002A0F48	runtime/dma/append_dma_tag
FUN_L00_002a13f0	shared	328	5ffcbe05d30caa27	19	00:002A13F0,01:002B5160,02:002A0BF8,03:0028DD38,04:00292688,05:002C9B40,06:002AE4E8,07:002C8098,08:002A9810,09:002BDD40,10:00291EF0,11:002C42E8,12:002B7C78,13:002ABA80,14:002A7798,15:0028F338,16:0029A360,17:00299650,18:002A0F98	
FUN_L00_002a1538	shared	144	22215724502228fd	19	00:002A1538,01:002B52A8,02:002A0D40,03:0028DE80,04:00292CB8,05:002C9C88,06:002AE630,07:002C81E0,08:002A9958,09:002BDE88,10:00292038,11:002C4430,12:002B7DC0,13:002ABBC8,14:002A78E0,15:0028F480,16:0029A4A8,17:00299798,18:002A10E0	
FUN_L00_002a15c8	shared	168	a0f2bc08b766d6dd	19	00:002A15C8,01:002B5338,02:002A0DD0,03:0028DF10,04:00293080,05:002C9D18,06:002AE6C0,07:002C8270,08:002A99E8,09:002BDF18,10:002920C8,11:002C44C0,12:002B7E50,13:002ABC58,14:002A7970,15:0028F510,16:0029A538,17:00299828,18:002A1170	
FUN_L00_002a1670	shared	9808	ebd96d256742a9ae	19	00:002A1670,01:002B53E0,02:002A0E78,03:0028DFB8,04:00293128,05:002C9DC0,06:002AE768,07:002C8318,08:002A9A90,09:002BDFC0,10:00292170,11:002C4568,12:002B7EF8,13:002ABD00,14:002A7A18,15:0028F5B8,16:0029A5E0,17:002998D0,18:002A1218	
FUN_00239d60	exe	452	cab12dade18154ba	19	00:002A3CD8,01:002B7D28,02:002A34E0,03:00290620,04:00295FE8,05:002CC708,06:002B0DD0,07:002CAC60,08:002AC0F8,09:002C0628,10:002947D8,11:002C6EB0,12:002BA840,13:002AE648,14:002AA080,15:00291C20,16:0029CC48,17:0029BF38,18:002A3880	gameplay/vendor/find_zone_at_point
FUN_L00_002a3ec8	shared	1636	c891f8c8faddca34	19	00:002A3EC8,01:002B82A8,02:002A36D0,03:00290810,04:002961D8,05:002CCC70,06:002B0FC0,07:002CB1E0,08:002AC2E8,09:002C0818,10:002949C8,11:002C7418,12:002BADA8,13:002AEBC8,14:002AA270,15:00291E10,16:0029CE38,17:0029C128,18:002A3A70	
FUN_00239f58	exe	756	139a129768d29fdf	19	00:002A4530,01:002B8910,02:002A3D38,03:00290E78,04:00296840,05:002CD2D8,06:002B1628,07:002CB848,08:002AC950,09:002C0E80,10:00295030,11:002C7A80,12:002BB410,13:002AF230,14:002AA8D8,15:00292478,16:0029D4A0,17:0029C790,18:002A40D8	assembly/textbin/fun_00239f58
FUN_L00_002a4890	shared	1092	19f68b21c84c82f5	19	00:002A4890,01:002B9A68,02:002A48D0,03:00291988,04:00296BA0,05:002CE8A0,06:002B1988,07:002CCE10,08:002AD478,09:002C1E58,10:00295390,11:002C8880,12:002BC358,13:002B0030,14:002AB530,15:002927D8,16:0029D800,17:0029CAF0,18:002A4438	
FUN_L00_002a4cd8	shared	236	608784f3ef09291a	3	00:002A4CD8,01:002BA658,14:002AB978	
FUN_L00_002a4dc8	shared	20	4114752c5942889e	3	00:002A4DC8,01:002BA748,14:002ABA68	
FUN_L00_002a4de0	shared	100	5ecf2a53d9e758cc	19	00:002A4DE0,01:002BA760,02:002A4D18,03:00295198,04:00296FE8,05:002CECE8,06:002B1DD0,07:002CD870,08:002AD8C0,09:002C22A0,10:002957D8,11:002C8CC8,12:002BC7A0,13:002B0C20,14:002AC3B8,15:00292C20,16:0029DC48,17:0029CF38,18:002A4880	
FUN_L00_002a4e48	shared	504	16fa63cf74d527aa	19	00:002A4E48,01:002BA7C8,02:002A4D80,03:00295200,04:00297050,05:002CED50,06:002B1E38,07:002CD8D8,08:002AD928,09:002C2308,10:00295840,11:002C8D30,12:002BC808,13:002B0C88,14:002AC420,15:00292C88,16:0029DCB0,17:0029CFA0,18:002A48E8	
FUN_L00_002a5040	shared	1896	c6779c811324e596	19	00:002A5040,01:002BA9C0,02:002A4F78,03:00295500,04:00297248,05:002CEF48,06:002B2030,07:002CE150,08:002ADB20,09:002C3250,10:00295F28,11:002C8F28,12:002BCA00,13:002B12A0,14:002AF098,15:00292E80,16:0029DEA8,17:0029D198,18:002A4AE0	
FUN_L00_002a57a8	shared	1584	317b50bddc7ab77d	19	00:002A57A8,01:002BB128,02:002A56E0,03:00295C68,04:002979B0,05:002CF6B0,06:002B2798,07:002CE8B8,08:002AE288,09:002C39B8,10:00296690,11:002C9690,12:002BD168,13:002B1A08,14:002AF800,15:002935E8,16:0029E610,17:0029D900,18:002A5248	
FUN_L00_002a5dd8	shared	3480	9c9532735e3f19b6	19	00:002A5DD8,01:002BB758,02:002A5D10,03:00296298,04:00297FE0,05:002CFCE0,06:002B2DC8,07:002CEEE8,08:002AE8B8,09:002C3FE8,10:00296CC0,11:002C9CC0,12:002BD798,13:002B2038,14:002AFE30,15:00293C18,16:0029EC40,17:0029DF30,18:002A5878	
FUN_L00_002a6b70	shared	632	a813f5bf54508bb6	19	00:002A6B70,01:002BC4F0,02:002A6AA8,03:00297030,04:00298D78,05:002D0A78,06:002B3B60,07:002CFC80,08:002AF650,09:002C4D80,10:00297A58,11:002CAA58,12:002BE530,13:002B2DD0,14:002B0BC8,15:002949B0,16:0029F9D8,17:0029ECC8,18:002A6610	
FUN_L00_002a6de8	shared	1064	de659ac85224c408	19	00:002A6DE8,01:002BC768,02:002A6D20,03:002972A8,04:00298FF0,05:002D0CF0,06:002B3DD8,07:002CFEF8,08:002AF8C8,09:002C4FF8,10:00297CD0,11:002CACD0,12:002BE7A8,13:002B3048,14:002B0E40,15:00294C28,16:0029FC50,17:0029EF40,18:002A6888	
FUN_L00_002a7210	shared	552	afc0a94fa4a35d9f	19	00:002A7210,01:002BCB90,02:002A7148,03:002976D0,04:00299418,05:002D1118,06:002B4200,07:002D0320,08:002AFCF0,09:002C5420,10:002980F8,11:002CB0F8,12:002BEBD0,13:002B3470,14:002B1268,15:00295050,16:002A0078,17:0029F368,18:002A6CB0	
FUN_L00_002a7438	shared	836	25047e2657384e10	19	00:002A7438,01:002BCDB8,02:002A7370,03:002978F8,04:00299640,05:002D1340,06:002B4428,07:002D0548,08:002AFF18,09:002C5648,10:00298320,11:002CB320,12:002BEDF8,13:002B3698,14:002B1490,15:00295278,16:002A02A0,17:0029F590,18:002A6ED8	
FUN_L00_002a7780	shared	1260	fb7322d7c4df55a1	19	00:002A7780,01:002BD478,02:002A76B8,03:00297C40,04:00299988,05:002D21D8,06:002B4A10,07:002D0890,08:002B0260,09:002C67A8,10:00299038,11:002CB9D0,12:002BFA38,13:002BC220,14:002B6010,15:0029B490,16:002A1EA0,17:002A2EF0,18:002A8180	
FUN_L00_002a7c70	shared	284	03645d853aa5b4d2	19	00:002A7C70,01:002BD968,02:002A7BA8,03:00298130,04:00299E78,05:002D26C8,06:002B4F00,07:002D0D80,08:002B0750,09:002C6C98,10:00299528,11:002CBEC0,12:002BFF28,13:002BC710,14:002B6500,15:0029B980,16:002A2390,17:002A33E0,18:002A8670	
FUN_L00_002a7d90	shared	80	c9061340376b633b	19	00:002A7D90,01:002BDA88,02:002A7CC8,03:00298250,04:00299F98,05:002D27E8,06:002B5020,07:002D0EA0,08:002B0870,09:002C6DB8,10:00299648,11:002CBFE0,12:002C0048,13:002BC830,14:002B6620,15:0029BAA0,16:002A24B0,17:002A3500,18:002A8790	
FUN_L00_002a7de0	shared	64	b181d986d9ac7a57	19	00:002A7DE0,01:002BDAD8,02:002A7D18,03:002982A0,04:00299FE8,05:002D2838,06:002B5070,07:002D0EF0,08:002B08C0,09:002C6E08,10:00299698,11:002CC030,12:002C0098,13:002BC880,14:002B6670,15:0029BAF0,16:002A2500,17:002A3550,18:002A87E0	
FUN_L00_002a7e20	shared	516	ade18a51f72d5005	19	00:002A7E20,01:002BDB18,02:002A7D58,03:002982E0,04:0029A028,05:002D2878,06:002B50B0,07:002D0F30,08:002B0900,09:002C6E48,10:002996D8,11:002CC070,12:002C00D8,13:002BC8C0,14:002B66B0,15:0029BB30,16:002A2540,17:002A3590,18:002A8820	
FUN_L00_002a8028	shared	664	89b5d9ac8e534526	19	00:002A8028,01:002BDD20,02:002A7F60,03:002984E8,04:0029A230,05:002D2A80,06:002B52B8,07:002D1138,08:002B0B08,09:002C7050,10:002998E0,11:002CC278,12:002C02E0,13:002BCAC8,14:002B68B8,15:0029BD38,16:002A2748,17:002A3798,18:002A8A28	
FUN_L00_002a82c0	shared	344	fc7073672ac35e50	19	00:002A82C0,01:002BDFB8,02:002A81F8,03:00298780,04:0029A4C8,05:002D2D18,06:002B5550,07:002D13D0,08:002B0DA0,09:002C72E8,10:00299B78,11:002CC510,12:002C0578,13:002BCD60,14:002B6B50,15:0029BFD0,16:002A29E0,17:002A3A30,18:002A8CC0	
FUN_L00_002a8418	shared	172	0647e9f225de2163	19	00:002A8418,01:002BE110,02:002A8350,03:002988D8,04:0029A620,05:002D2E70,06:002B56A8,07:002D1528,08:002B0EF8,09:002C7440,10:00299CD0,11:002CC668,12:002C06D0,13:002BCEB8,14:002B6CA8,15:0029C128,16:002A2B38,17:002A3B88,18:002A8E18	
FUN_L00_002a84c8	shared	4652	f6c9b53c76a94a0a	19	00:002A84C8,01:002BE1C0,02:002A8400,03:00298988,04:0029A6D0,05:002D2F20,06:002B5758,07:002D15D8,08:002B0FA8,09:002C74F0,10:00299D80,11:002CC718,12:002C0780,13:002BCF68,14:002B6D58,15:0029C1D8,16:002A2BE8,17:002A3C38,18:002A8EC8	
FUN_L00_002a96f8	shared	688	4f2d6d6468b357a9	8	00:002A96F8,04:0029B900,07:002D2808,09:002C8720,10:0029AFB0,13:002BE198,15:0029D408,18:002AA0F8	
FUN_L00_002a99b0	shared	212	dd8430e5b2cce0ba	8	00:002A99B0,04:0029BBB8,07:002D2AC0,09:002C89D8,10:0029B268,13:002BE450,15:0029E9F8,18:002AB6E8	
FUN_L00_002a9aa0	shared	224	b10f745b92addd44	8	00:002A9AA0,04:0029BCA8,07:002D2BB0,09:002C8AC8,10:0029B358,13:002BE540,15:0029EC00,18:002AB8F0	
FUN_L00_002a9b80	shared	92	0ce90e873956764e	8	00:002A9B80,04:0029BD88,07:002D2C90,09:002C8BA8,10:0029B438,13:002BE620,15:0029ECE0,18:002AB9D0	
FUN_L00_002a9be0	shared	112	ff4d1e92571e555c	8	00:002A9BE0,04:0029BDE8,07:002D2CF0,09:002C8C08,10:0029B498,13:002BE680,15:0029ED40,18:002ABA30	
FUN_L00_002a9c50	shared	640	49edc350d1c3096f	19	00:002A9C50,01:002BF420,02:002A9660,03:00299BE8,04:0029BE58,05:002D4288,06:002B69B8,07:002D2D60,08:002B2208,09:002C8C78,10:0029B508,11:002CD978,12:002C19E0,13:002BE6F0,14:002B7FB8,15:0029F7C8,16:002A4560,17:002A4E98,18:002AC4B8	
FUN_L00_002a9ed0	shared	308	aa313bf52d551738	19	00:002A9ED0,01:002BF6A0,02:002A98E0,03:00299E68,04:0029C0D8,05:002D4508,06:002B6C38,07:002D2FE0,08:002B2488,09:002C8EF8,10:0029B788,11:002CDBF8,12:002C1C60,13:002BE970,14:002B8238,15:0029FA48,16:002A47E0,17:002A5118,18:002AC738	
FUN_L00_002aa008	shared	672	a695cbb8d934aefc	19	00:002AA008,01:002BF7D8,02:002A9A18,03:00299FA0,04:0029C210,05:002D4640,06:002B6D70,07:002D3118,08:002B25C0,09:002C9030,10:0029B8C0,11:002CDD30,12:002C1D98,13:002BEAA8,14:002B8370,15:0029FB80,16:002A4918,17:002A5250,18:002AC870	
FUN_L00_002aa2a8	shared	964	1bfc9eb3c76ee19b	19	00:002AA2A8,01:002BFA78,02:002A9CB8,03:0029A240,04:0029C4B0,05:002D48E0,06:002B7010,07:002D33B8,08:002B2860,09:002C92D0,10:0029BB60,11:002CDFD0,12:002C2038,13:002BED48,14:002B8610,15:0029FE20,16:002A4BB8,17:002A54F0,18:002ACB10	
FUN_L00_002aa670	shared	8860	7f81df6a37891723	19	00:002AA670,01:002BFE40,02:002AA080,03:0029A608,04:0029C878,05:002D4CA8,06:002B73D8,07:002D3780,08:002B2C28,09:002C9698,10:0029BF28,11:002CE398,12:002C2400,13:002BF110,14:002B89D8,15:002A01E8,16:002A4F80,17:002A58B8,18:002ACED8	
FUN_L00_002ac910	shared	456	69c34a05ddfaa907	19	00:002AC910,01:002C20E0,02:002AC320,03:0029E378,04:0029F2C0,05:002D7CE0,06:002B9680,07:002D5A20,08:002B4EC8,09:002CB938,10:0029E1D0,11:002D0BE0,12:002C46A0,13:002C4F98,14:002BB530,15:002A3EC8,16:002A7220,17:002A97A0,18:002AF178	
FUN_L00_002acad8	shared	276	96a327717ccf29f7	19	00:002ACAD8,01:002C22A8,02:002AC4E8,03:0029E540,04:0029F488,05:002D7EA8,06:002B9848,07:002D5BE8,08:002B5090,09:002CBB00,10:0029E398,11:002D0DA8,12:002C4868,13:002C5160,14:002BB6F8,15:002A4090,16:002A73E8,17:002A9968,18:002AF340	
FUN_L00_002acbf0	shared	636	f93291d19c437712	19	00:002ACBF0,00:002C31C0,00:002C7DF8,01:002C23C0,01:002D8E28,01:002DDA60,02:002AC600,02:002C2BD0,02:002C7808,03:0029E658,03:002B4C28,03:002B9860,04:0029F5A0,04:002B6280,04:002BCB28,05:002D7FC0,05:002EEE48,05:002F3A80,06:002B9960,06:002D03C8,06:002D5000,07:002D5D00,07:002EC2D0,07:002F0F08,08:002B51A8,08:002CC1C8,08:002D0E00,09:002CBC18,09:002E3F80,09:002E8BB8,10:0029E4B0,10:002B4A80,10:002B96B8,11:002D29D8,11:002E8FA8,11:002EDBE0,12:002C4980,12:002DB5A0,12:002E01D8,13:002C5278,13:002DCFE0,13:002E2E20,14:002BB810,14:002D1DE0,14:002D8200,15:002A41A8,15:002BE7D8,15:002C3AA8,16:002A7500,16:002BDAD0,16:002C2708,17:002A9A80,17:002C1200,17:002C6530,18:002AF458,18:002C5A28,18:002CA660	
FUN_L00_002ace70	shared	360	3048f9ca79e04265	19	00:002ACE70,01:002C2640,02:002AC880,03:0029E8D8,04:0029F820,05:002D8240,06:002B9BE0,07:002D5F80,08:002B5428,09:002CBE98,10:0029E730,11:002D2C58,12:002C4C00,13:002C54F8,14:002BBA90,15:002A4428,16:002A7780,17:002A9D00,18:002AF6D8	
FUN_L00_002acfd8	shared	1076	41fe2e9bd9ec79dd	19	00:002ACFD8,01:002C27A8,02:002AC9E8,03:0029EA40,04:0029F988,05:002D83A8,06:002B9D48,07:002D60E8,08:002B5590,09:002CC000,10:0029E898,11:002D2DC0,12:002C4D68,13:002C5660,14:002BBBF8,15:002A4590,16:002A78E8,17:002A9E68,18:002AF840	
FUN_L00_002ad410	shared	1820	affcca9a28157bf1	19	00:002AD410,01:002C2BE0,02:002ACE20,03:0029EE78,04:0029FDC0,05:002D87E0,06:002BA180,07:002D6520,08:002B59C8,09:002CC438,10:0029ECD0,11:002D31F8,12:002C51A0,13:002C5A98,14:002BC030,15:002A49C8,16:002A7D20,17:002AA2A0,18:002AFC78	
FUN_L00_002adb30	shared	6432	3b8b69a414884369	19	00:002ADB30,01:002C3300,02:002AD540,03:0029F598,04:002A04E0,05:002D8F00,06:002BA8A0,07:002D6C40,08:002B60E8,09:002CCB58,10:0029F3F0,11:002D3918,12:002C58C0,13:002C61B8,14:002BC750,15:002A50E8,16:002A8440,17:002AA9C0,18:002B0398	
FUN_L00_002af450	shared	356	eb6dac7cd20c8f76	19	00:002AF450,01:002C4C20,02:002AEE60,03:002A0EB8,04:002A1E00,05:002DA820,06:002BC1C0,07:002D8560,08:002B7A08,09:002CE478,10:002A0D10,11:002D5238,12:002C71E0,13:002C7AD8,14:002BE070,15:002A6A08,16:002A9D60,17:002AC2E0,18:002B1CB8	
FUN_L00_002af5b8	shared	760	8d5d35dccbffd943	19	00:002AF5B8,01:002C4D88,02:002AEFC8,03:002A1020,04:002A1F68,05:002DA988,06:002BC328,07:002D86C8,08:002B7B70,09:002CE5E0,10:002A0E78,11:002D53A0,12:002C7348,13:002C7C40,14:002BE1D8,15:002A6B70,16:002A9EC8,17:002AC448,18:002B1E20	
FUN_L00_002af8b0	shared	404	387d20c3233aa29f	19	00:002AF8B0,01:002C5080,02:002AF2C0,03:002A1318,04:002A2260,04:002E4FE0,05:002DB538,06:002BC620,07:002D89C0,08:002B7E68,09:002CE8D8,10:002A1170,11:002D5698,12:002C7640,13:002C8868,14:002BE4D0,15:002A8040,16:002AA1C0,17:002AD158,18:002B2118	
FUN_L00_002afa48	shared	548	80e08ca1e40c9caf	19	00:002AFA48,01:002C5218,02:002AF458,03:002A14B0,04:002A23F8,05:002DB6D0,06:002BC7B8,07:002D8B58,08:002B8000,09:002CEA70,10:002A1308,11:002D5830,12:002C77D8,13:002C8A00,14:002BE668,15:002A81D8,16:002AA358,17:002AD2F0,18:002B22B0	
FUN_L00_002afc70	shared	736	49eae8941ac37617	19	00:002AFC70,01:002C5440,02:002AF680,03:002A16D8,04:002A2620,05:002DB8F8,06:002BC9E0,07:002D8D80,08:002B87E0,09:002CEC98,10:002A1530,11:002D5A58,12:002C7A00,13:002C8C28,14:002BE890,15:002A8400,16:002AA580,17:002AD518,18:002B24D8	
FUN_L00_002aff50	shared	84	329d08521cf1bd1d	19	00:002AFF50,01:002C5720,02:002AF960,03:002A19B8,04:002A2900,05:002DBBD8,06:002BCCC0,07:002D9060,08:002B8AC0,09:002CEF78,10:002A1810,11:002D5D38,12:002C7CE0,13:002C8F08,14:002BEB70,15:002A86E0,16:002AA860,17:002AD7F8,18:002B27B8	
FUN_L00_002affa8	shared	1012	4be88fbe30497131	19	00:002AFFA8,01:002C5778,02:002AF9B8,03:002A1A10,04:002A2958,05:002DBC30,06:002BCD18,07:002D90B8,08:002B8B18,09:002CEFD0,10:002A1868,11:002D5D90,12:002C7D38,13:002C8F60,14:002BEBC8,15:002A8738,16:002AA8B8,17:002AD850,18:002B2810	
FUN_L00_002b03a0	shared	5964	49e570b9aec85485	19	00:002B03A0,01:002C5B70,02:002AFDB0,03:002A1E08,04:002A2D50,05:002DC028,06:002BD110,07:002D94B0,08:002B8F10,09:002CF3C8,10:002A1C60,11:002D6188,12:002C8130,13:002C9358,14:002BEFC0,15:002A8B30,16:002AACB0,17:002ADC48,18:002B2C08	
FUN_L00_002b1af0	shared	748	ca836b3e15062629	19	00:002B1AF0,01:002C7758,02:002B1500,03:002A3558,04:002A44A0,05:002DD778,06:002BECF8,07:002DAC00,08:002BAAF8,09:002D0FB0,10:002A33B0,11:002D78D8,12:002C9880,13:002CAAA8,14:002C0710,15:002AADE0,16:002AC400,17:002AF830,18:002B4358	
FUN_L00_002b1de0	shared	800	6b6a085d8eda2f42	19	00:002B1DE0,01:002C7A48,02:002B17F0,03:002A3848,04:002A4790,05:002DDA68,06:002BEFE8,07:002DAEF0,08:002BADE8,09:002D12A0,10:002A36A0,11:002D7BC8,12:002C9B70,13:002CAD98,14:002C0A00,15:002AB0D0,16:002AC6F0,17:002AFB20,18:002B4648	
FUN_L00_002b2100	shared	3928	c642b82aab2660b8	19	00:002B2100,01:002C7D68,02:002B1B10,03:002A3B68,04:002A4AB0,05:002DDD88,06:002BF308,07:002DB210,08:002BB108,09:002D15C0,10:002A39C0,11:002D7EE8,12:002C9E90,13:002CB0B8,14:002C0D20,15:002AB3F0,16:002ACA10,17:002AFE40,18:002B4968	
FUN_L00_002b3058	shared	1020	ba2b30ab9778de66	19	00:002B3058,01:002C8CC0,02:002B2A68,03:002A4AC0,04:002A5AD8,05:002DECE0,06:002C0260,07:002DC168,08:002BC060,09:002D2518,10:002A4918,11:002D8E40,12:002CADE8,13:002CC010,14:002C1C78,15:002AC348,16:002AD968,17:002B0D98,18:002B58C0	
FUN_L00_002b3458	shared	456	ac4b8c537cd20334	19	00:002B3458,01:002C90C0,02:002B2E68,03:002A4EC0,04:002A5ED8,05:002DF0E0,06:002C0660,07:002DC568,08:002BC460,09:002D2918,10:002A4D18,11:002D9240,12:002CB1F0,13:002CC410,14:002C2078,15:002AC748,16:002ADD68,17:002B1198,18:002B5CC0	
FUN_L00_002b3628	shared	1576	a299cc0163424d37	19	00:002B3628,01:002C9290,02:002B3038,03:002A5090,04:002A60A8,05:002DF2B0,06:002C0830,07:002DC738,08:002BC630,09:002D2AE8,10:002A4EE8,11:002D9410,12:002CB3C0,13:002CC5E0,14:002C2248,15:002AC918,16:002ADF38,17:002B1368,18:002B5E90	
FUN_L00_002b3c50	shared	1252	c854bb3d746d2b4f	19	00:002B3C50,01:002C98B8,02:002B3660,03:002A56B8,04:002A66D0,05:002DF8D8,06:002C0E58,07:002DCD60,08:002BCC58,09:002D3110,10:002A5510,11:002D9A38,12:002CB9E8,13:002CCC08,14:002C2870,15:002ACF40,16:002AE560,17:002B1990,18:002B64B8	
FUN_L00_002b4138	shared	96	f7193564eec6e578	19	00:002B4138,01:002C9DA0,02:002B3B48,03:002A5BA0,04:002A6BB8,05:002DFDC0,06:002C1340,07:002DD248,08:002BD140,09:002D35F8,10:002A59F8,11:002D9F20,12:002CBED0,13:002CD0F0,14:002C2D58,15:002AD428,16:002AEA48,17:002B1E78,18:002B69A0	
FUN_L00_002b4198	shared	1284	9fd63275ef5ba528	19	00:002B4198,01:002C9E00,02:002B3BA8,03:002A5C00,04:002A6C18,05:002DFE20,06:002C13A0,07:002DD2A8,08:002BD1A0,09:002D3658,10:002A5A58,11:002D9F80,12:002CBF30,13:002CD150,14:002C2DB8,15:002AD488,16:002AEAA8,17:002B1ED8,18:002B6A00	
FUN_L00_002b46a8	shared	764	c55ba3c881cf5d1b	19	00:002B46A8,01:002CA310,02:002B40B8,03:002A6110,04:002A7128,05:002E0330,06:002C18B0,07:002DD7B8,08:002BD6B0,09:002D3B68,10:002A5F68,11:002DA490,12:002CC440,13:002CD660,14:002C32C8,15:002AD998,16:002AEFB8,17:002B23E8,18:002B6F10	
FUN_L00_002b49a8	shared	3364	08266f9e8101f7d1	19	00:002B49A8,01:002CA610,02:002B43B8,03:002A6410,04:002A7428,05:002E0630,06:002C1BB0,07:002DDAB8,08:002BD9B0,09:002D3E68,10:002A6268,11:002DA790,12:002CC740,13:002CD960,14:002C35C8,15:002ADC98,16:002AF2B8,17:002B26E8,18:002B7210	
FUN_L00_002b56d0	shared	284	6b2b2c392fbdc259	19	00:002B56D0,01:002CB338,02:002B50E0,03:002A7138,04:002A8150,05:002E1358,06:002C28D8,07:002DE7E0,08:002BE6D8,09:002D4B90,10:002A6F90,11:002DB4B8,12:002CD468,13:002CF4F0,14:002C42F0,15:002AE9C0,16:002AFFE0,17:002B3410,18:002B7F38	
FUN_L00_002b57f0	shared	228	9a80f56c3971c895	19	00:002B57F0,01:002CB458,02:002B5200,03:002A7258,04:002A8270,05:002E1478,06:002C29F8,07:002DE900,08:002BE7F8,09:002D4CB0,10:002A70B0,11:002DB5D8,12:002CD588,13:002CF610,14:002C4410,15:002AEAE0,16:002B0100,17:002B3530,18:002B8058	
FUN_L00_002b58d8	shared	580	4994c6a3f266985c	19	00:002B58D8,01:002CB540,02:002B52E8,03:002A7340,04:002A8358,05:002E1560,06:002C2AE0,07:002DE9E8,08:002BE8E0,09:002D4D98,10:002A7198,11:002DB6C0,12:002CD670,13:002CF6F8,14:002C44F8,15:002AEBC8,16:002B01E8,17:002B3618,18:002B8140	
FUN_L00_002b5b20	shared	128	7c31513ea042535d	19	00:002B5B20,01:002CB788,02:002B5530,03:002A7588,04:002A85A0,05:002E17A8,06:002C2D28,07:002DEC30,08:002BEB28,09:002D4FE0,10:002A73E0,11:002DB908,12:002CD8B8,13:002CF940,14:002C4740,15:002AEE10,16:002B0430,17:002B3860,18:002B8388	
FUN_L00_002b5ba0	shared	348	a35c1003c2a6e608	19	00:002B5BA0,01:002CB808,02:002B55B0,03:002A7608,04:002A8620,05:002E1828,06:002C2DA8,07:002DECB0,08:002BEBA8,09:002D5060,10:002A7460,11:002DB988,12:002CD938,13:002CF9C0,14:002C47C0,15:002AEE90,16:002B04B0,17:002B38E0,18:002B8408	
FUN_L00_002b5d00	shared	1084	6705908d7a5c49ba	19	00:002B5D00,01:002CB968,02:002B5710,03:002A7768,04:002A8780,05:002E1988,06:002C2F08,07:002DEE10,08:002BED08,09:002D51C0,10:002A75C0,11:002DBAE8,12:002CDA98,13:002CFB20,14:002C4920,15:002AEFF0,16:002B0610,17:002B3A40,18:002B8568	
FUN_L00_002b6140	shared	2696	def71599c87d9234	19	00:002B6140,01:002CBDA8,02:002B5B50,03:002A7BA8,04:002A8BC0,05:002E1DC8,06:002C3348,07:002DF250,08:002BF148,09:002D5600,10:002A7A00,11:002DBF28,12:002CDED8,13:002CFF60,14:002C4D60,15:002AF430,16:002B0A50,17:002B3E80,18:002B89A8	
FUN_L00_002b6bc8	shared	840	e30e0eb1a9caa592	19	00:002B6BC8,01:002CC830,02:002B65D8,03:002A8630,04:002A9648,05:002E2850,06:002C3DD0,07:002DFCD8,08:002BFBD0,09:002D6088,10:002A8488,11:002DC9B0,12:002CE960,13:002D09E8,14:002C57E8,15:002AFEB8,16:002B14D8,17:002B4908,18:002B9430	
FUN_L00_002b6f10	shared	1160	8b0d4ab866fdebcd	19	00:002B6F10,01:002CCB78,02:002B6920,03:002A8978,04:002A9990,05:002E2B98,06:002C4118,07:002E0020,08:002BFF18,09:002D63D0,10:002A87D0,11:002DCCF8,12:002CECA8,13:002D0D30,14:002C5B30,15:002B0200,16:002B1820,17:002B4C50,18:002B9778	
FUN_L00_002b7398	shared	460	c40d4a884fdf70f0	19	00:002B7398,01:002CD000,02:002B6DA8,03:002A8E00,04:002A9E18,05:002E3020,06:002C45A0,07:002E04A8,08:002C03A0,09:002D6858,10:002A8C58,11:002DD180,12:002CF130,13:002D11B8,14:002C5FB8,15:002B0688,16:002B1CA8,17:002B50D8,18:002B9C00	
FUN_L00_002b7568	shared	648	118dcaa6f029142e	19	00:002B7568,01:002CD1D0,02:002B6F78,03:002A8FD0,04:002A9FE8,05:002E31F0,06:002C4770,07:002E0678,08:002C0570,09:002D6A28,10:002A8E28,11:002DD350,12:002CF300,13:002D1388,14:002C6188,15:002B0858,16:002B1E78,17:002B52A8,18:002B9DD0	
FUN_L00_002b77f0	shared	2624	77e27999231ad70f	19	00:002B77F0,01:002CD458,02:002B7200,03:002A9258,04:002AA270,05:002E3478,06:002C49F8,07:002E0900,08:002C07F8,09:002D6CB0,10:002A90B0,11:002DD5D8,12:002CF588,13:002D1610,14:002C6410,15:002B0AE0,16:002B2100,17:002B5530,18:002BA058	
FUN_L00_002b8230	shared	520	c4ed9f09764523aa	19	00:002B8230,01:002CDE98,02:002B7C40,03:002A9C98,04:002AACB0,05:002E3EB8,06:002C5438,07:002E1340,08:002C1238,09:002D76F0,10:002A9AF0,11:002DE018,12:002CFFC8,13:002D2050,14:002C6E50,15:002B1520,16:002B2B40,17:002B5F70,18:002BAA98	
FUN_L00_002b8438	shared	864	3de6469c550a4a89	19	00:002B8438,01:002CE0A0,02:002B7E48,03:002A9EA0,04:002AAEB8,05:002E40C0,06:002C5640,07:002E1548,08:002C1440,09:002D78F8,10:002A9CF8,11:002DE220,12:002D01D0,13:002D2258,14:002C7058,15:002B1728,16:002B2D48,17:002B6178,18:002BACA0	
FUN_L00_002b8798	shared	72	b4799cbb79bc107e	19	00:002B8798,01:002CE400,02:002B81A8,03:002AA200,04:002AB218,05:002E4420,06:002C59A0,07:002E18A8,08:002C17A0,09:002D7C58,10:002AA058,11:002DE580,12:002D0530,13:002D25B8,14:002C73B8,15:002B1A88,16:002B30A8,17:002B64D8,18:002BB000	
FUN_L00_002b87e0	shared	2860	49b7532b40e2aca1	19	00:002B87E0,01:002CE448,02:002B81F0,03:002AA248,04:002AB260,05:002E4468,06:002C59E8,07:002E18F0,08:002C17E8,09:002D7CA0,10:002AA0A0,11:002DE5C8,12:002D0578,13:002D2600,14:002C7400,15:002B1AD0,16:002B30F0,17:002B6520,18:002BB048	
FUN_L00_002b9310	shared	444	d235a6f08eadfaa5	19	00:002B9310,01:002CEF78,02:002B8D20,03:002AAD78,04:002ABD90,05:002E4F98,06:002C6518,07:002E2420,08:002C2318,09:002D87D0,10:002AABD0,11:002DF0F8,12:002D10A8,13:002D3130,14:002C7F30,15:002B2600,16:002B3C20,17:002B7050,18:002BBB78	
FUN_L00_002b94d0	shared	5280	21224966d74d1f24	19	00:002B94D0,01:002CF138,02:002B8EE0,03:002AAF38,04:002ABF50,05:002E5158,06:002C66D8,07:002E25E0,08:002C24D8,09:002D8990,10:002AAD90,11:002DF2B8,12:002D1268,13:002D32F0,14:002C80F0,15:002B27C0,16:002B3DE0,17:002B7210,18:002BBD38	
FUN_L00_002ba970	shared	368	ae615386eba4d5a1	19	00:002BA970,01:002D05D8,02:002BA380,03:002AC3D8,04:002AD3F0,05:002E65F8,06:002C7B78,07:002E3A80,08:002C3978,09:002D9E30,10:002AC230,11:002E0758,12:002D2708,13:002D4790,14:002C9590,15:002B3C60,16:002B5280,17:002B86B0,18:002BD1D8	
FUN_L00_002baae0	shared	1488	c805c851b633710c	19	00:002BAAE0,01:002D0748,02:002BA4F0,03:002AC548,04:002AD560,05:002E6768,06:002C7CE8,07:002E3BF0,08:002C3AE8,09:002D9FA0,10:002AC3A0,11:002E08C8,12:002D2878,13:002D4900,14:002C9700,15:002B3DD0,15:002D8878,16:002B53F0,17:002B8820,17:002D6EF0,18:002BD348,18:002EBB60	
FUN_L00_002bb0b0	shared	688	e1cc09432a1a81fe	19	00:002BB0B0,01:002D0D18,02:002BAAC0,03:002ACB18,04:002ADB30,05:002E6D38,06:002C82B8,07:002E41C0,08:002C40B8,09:002DA570,10:002AC970,11:002E0E98,12:002D2E48,13:002D4ED0,14:002C9CD0,15:002B43A0,16:002B59C0,17:002B8DF0,18:002BD918	
FUN_L00_002bb360	shared	160	42e14816b72773b7	19	00:002BB360,01:002D0FC8,02:002BAD70,03:002ACDC8,04:002ADDE0,05:002E6FE8,06:002C8568,07:002E4470,08:002C4368,09:002DA820,10:002ACC20,11:002E1148,12:002D3100,13:002D5180,14:002C9F80,15:002B4650,16:002B5C70,17:002B90A0,18:002BDBC8	
FUN_L00_002bb400	shared	344	4ea812f42c9b1a5e	19	00:002BB400,01:002D1068,02:002BAE10,03:002ACE68,04:002ADE80,05:002E7088,06:002C8608,07:002E4510,08:002C4408,09:002DA8C0,10:002ACCC0,11:002E11E8,12:002D31A0,13:002D5220,14:002CA020,15:002B46F0,16:002B5D10,17:002B9140,18:002BDC68	
FUN_L00_002bb558	shared	1448	d0e3b9bca950ed54	19	00:002BB558,01:002D11C0,02:002BAF68,03:002ACFC0,04:002ADFD8,05:002E71E0,06:002C8760,07:002E4668,08:002C4560,09:002DAA18,10:002ACE18,11:002E1340,12:002D32F8,13:002D5378,14:002CA178,15:002B4848,16:002B5E68,17:002B9298,18:002BDDC0	
FUN_L00_002bbb00	shared	200	99c3aa21c2d456ef	19	00:002BBB00,01:002D1768,02:002BB510,03:002AD568,04:002AE580,05:002E7788,06:002C8D08,07:002E4C10,08:002C4B08,09:002DAFC0,10:002AD3C0,11:002E18E8,12:002D38A0,13:002D5920,14:002CA720,15:002B4DF0,16:002B6410,17:002B9840,18:002BE368	
FUN_L00_002bbbc8	shared	1492	a87d0718886ea447	19	00:002BBBC8,01:002D1830,02:002BB5D8,03:002AD630,04:002AE648,05:002E7850,06:002C8DD0,07:002E4CD8,08:002C4BD0,09:002DB088,10:002AD488,11:002E19B0,12:002D3968,13:002D59E8,14:002CA7E8,15:002B4EB8,16:002B64D8,17:002B9908,18:002BE430	
FUN_L00_002bc1a0	shared	524	a36dbf221354a2bd	19	00:002BC1A0,01:002D1E08,02:002BBBB0,03:002ADC08,04:002AEC20,05:002E7E28,06:002C93A8,07:002E52B0,08:002C51A8,09:002DB660,10:002ADA60,11:002E1F88,12:002D3F40,13:002D5FC0,14:002CADC0,15:002B5490,16:002B6AB0,17:002B9EE0,18:002BEA08	
FUN_L00_002bc3b0	shared	1076	9cd2164ed9279005	19	00:002BC3B0,01:002D2018,02:002BBDC0,03:002ADE18,04:002AF470,05:002E8038,06:002C95B8,07:002E54C0,08:002C53B8,09:002DB870,10:002ADC70,11:002E2198,12:002D4790,13:002D61D0,14:002CAFD0,15:002B56A0,16:002B6CC0,17:002BA0F0,18:002BEC18	
FUN_L00_002bc7e8	shared	1968	e66910f45109b914	19	00:002BC7E8,01:002D2450,02:002BC1F8,03:002AE250,04:002AF8A8,05:002E8470,06:002C99F0,07:002E58F8,08:002C57F0,09:002DBCA8,10:002AE0A8,11:002E25D0,12:002D4BC8,13:002D6608,14:002CB408,15:002B5AD8,16:002B70F8,17:002BA528,18:002BF050	
FUN_L00_002bcf98	shared	260	386adb280aeadd01	19	00:002BCF98,01:002D2C00,02:002BC9A8,03:002AEA00,04:002B0058,05:002E8C20,06:002CA1A0,07:002E60A8,08:002C5FA0,09:002DC458,10:002AE858,11:002E2D80,12:002D5378,13:002D6DB8,14:002CBBB8,15:002B6288,16:002B78A8,17:002BACD8,18:002BF800	
FUN_L00_002bd0a0	shared	2992	0cebcb64d2e28019	19	00:002BD0A0,01:002D2D08,02:002BCAB0,03:002AEB08,04:002B0160,05:002E8D28,06:002CA2A8,07:002E61B0,08:002C60A8,09:002DC560,10:002AE960,11:002E2E88,12:002D5480,13:002D6EC0,14:002CBCC0,15:002B6390,16:002B79B0,17:002BADE0,18:002BF908	
FUN_L00_002bdc50	shared	1064	7f3f00e30c75e5d6	19	00:002BDC50,01:002D38B8,02:002BD660,03:002AF6B8,04:002B0D10,05:002E98D8,06:002CAE58,07:002E6D60,08:002C6C58,09:002DD110,10:002AF510,11:002E3A38,12:002D6030,13:002D7A70,14:002CC870,15:002B6F40,16:002B8560,17:002BB990,18:002C04B8	
FUN_L00_002be078	shared	1496	fbbd17009a081695	19	00:002BE078,01:002D3CE0,02:002BDA88,03:002AFAE0,04:002B1138,05:002E9D00,06:002CB280,07:002E7188,08:002C7080,09:002DD538,10:002AF938,11:002E3E60,12:002D6458,13:002D7E98,14:002CCC98,15:002B7368,16:002B8988,17:002BBDB8,18:002C08E0	
FUN_L00_002be650	shared	576	8da68bab72f7361d	19	00:002BE650,01:002D42B8,02:002BE060,03:002B00B8,04:002B1710,05:002EA2D8,06:002CB858,07:002E7760,08:002C7658,09:002DDB10,10:002AFF10,11:002E4438,12:002D6A30,13:002D8470,14:002CD270,15:002B7940,16:002B8F60,17:002BC390,18:002C0EB8	
FUN_L00_002be890	shared	544	69cb5ec11fe4cb82	19	00:002BE890,01:002D44F8,02:002BE2A0,03:002B02F8,04:002B1950,05:002EA518,06:002CBA98,07:002E79A0,08:002C7898,09:002DDD50,10:002B0150,11:002E4678,12:002D6C70,13:002D86B0,14:002CD4B0,15:002B7B80,16:002B91A0,17:002BC5D0,18:002C10F8	
FUN_L00_002beab0	shared	224	698b8262c7ec3a4c	19	00:002BEAB0,01:002D4718,02:002BE4C0,03:002B0518,04:002B1B70,05:002EA738,06:002CBCB8,07:002E7BC0,08:002C7AB8,09:002DDF70,10:002B0370,11:002E4898,12:002D6E90,13:002D88D0,14:002CD6D0,15:002B7DA0,16:002B93C0,17:002BC7F0,18:002C1318	
FUN_L00_002beb90	shared	52	d5dd2556f25150b0	19	00:002BEB90,01:002D47F8,02:002BE5A0,03:002B05F8,04:002B1C50,05:002EA818,06:002CBD98,07:002E7CA0,08:002C7B98,09:002DE050,10:002B0450,11:002E4978,12:002D6F70,13:002D89B0,14:002CD7B0,15:002B7E80,16:002B94A0,17:002BC8D0,18:002C13F8	
FUN_L00_002bebc8	shared	52	04287425f43ed4f3	19	00:002BEBC8,01:002D4830,02:002BE5D8,03:002B0630,04:002B1C88,05:002EA850,06:002CBDD0,07:002E7CD8,08:002C7BD0,09:002DE088,10:002B0488,11:002E49B0,12:002D6FA8,13:002D89E8,14:002CD7E8,15:002B7EB8,16:002B94D8,17:002BC908,18:002C1430	
FUN_L00_002bec00	shared	68	afc9c920bdd6b7e8	19	00:002BEC00,01:002D4868,02:002BE610,03:002B0668,04:002B1CC0,05:002EA888,06:002CBE08,07:002E7D10,08:002C7C08,09:002DE0C0,10:002B04C0,11:002E49E8,12:002D6FE0,13:002D8A20,14:002CD820,15:002B7EF0,16:002B9510,17:002BC940,18:002C1468	
FUN_L00_002bec48	shared	52	3f15bd21f990d891	19	00:002BEC48,01:002D48B0,02:002BE658,03:002B06B0,04:002B1D08,05:002EA8D0,06:002CBE50,07:002E7D58,08:002C7C50,09:002DE108,10:002B0508,11:002E4A30,12:002D7028,13:002D8A68,14:002CD868,15:002B7F38,16:002B9558,17:002BC988,18:002C14B0	
FUN_L00_002bec80	shared	268	fa2df0c67cb14d3f	19	00:002BEC80,01:002D48E8,02:002BE690,03:002B06E8,04:002B1D40,05:002EA908,06:002CBE88,07:002E7D90,08:002C7C88,09:002DE140,10:002B0540,11:002E4A68,12:002D7060,13:002D8AA0,14:002CD8A0,15:002B7F70,16:002B9590,17:002BC9C0,18:002C14E8	
FUN_L00_002bed90	shared	704	6628fb21f38bb579	19	00:002BED90,01:002D49F8,02:002BE7A0,03:002B07F8,04:002B1E50,05:002EAA18,06:002CBF98,07:002E7EA0,08:002C7D98,09:002DE250,10:002B0650,11:002E4B78,12:002D7170,13:002D8BB0,14:002CD9B0,15:002B8080,16:002B96A0,17:002BCAD0,18:002C15F8	
FUN_L00_002bf050	shared	1980	b6776e90d8439c4c	19	00:002BF050,01:002D4CB8,02:002BEA60,03:002B0AB8,04:002B2110,05:002EACD8,06:002CC258,07:002E8160,08:002C8058,09:002DE510,10:002B0910,11:002E4E38,12:002D7430,13:002D8E70,14:002CDC70,15:002B8340,16:002B9960,17:002BCD90,18:002C18B8	
FUN_L00_002bf810	shared	156	dd642fbcf99bf3e6	19	00:002BF810,01:002D5478,02:002BF220,03:002B1278,04:002B28D0,05:002EB498,06:002CCA18,07:002E8920,08:002C8818,09:002DECD0,10:002B10D0,11:002E55F8,12:002D7BF0,13:002D9630,14:002CE430,15:002B8B00,16:002BA120,17:002BD550,18:002C2078	
FUN_L00_002bf8b0	shared	316	9b2bf7e3c02c04f1	19	00:002BF8B0,01:002D5518,02:002BF2C0,03:002B1318,04:002B2970,05:002EB538,06:002CCAB8,07:002E89C0,08:002C88B8,09:002DED70,10:002B1170,11:002E5698,12:002D7C90,13:002D96D0,14:002CE4D0,15:002B8BA0,16:002BA1C0,17:002BD5F0,18:002C2118	
FUN_L00_002bf9f0	shared	1044	6f952428e302fdc5	19	00:002BF9F0,01:002D5658,02:002BF400,03:002B1458,04:002B2AB0,05:002EB678,06:002CCBF8,07:002E8B00,08:002C89F8,09:002DEEB0,10:002B12B0,11:002E57D8,12:002D7DD0,13:002D9810,14:002CE610,15:002B8CE0,16:002BA300,17:002BD730,18:002C2258	
FUN_L00_002bfe08	shared	192	fb6d94a2c4736c32	19	00:002BFE08,01:002D5A70,02:002BF818,03:002B1870,04:002B2EC8,05:002EBA90,06:002CD010,07:002E8F18,08:002C8E10,09:002DF2C8,10:002B16C8,11:002E5BF0,12:002D81E8,13:002D9C28,14:002CEA28,15:002B90F8,16:002BA718,17:002BDB48,18:002C2670	
FUN_L00_002bfec8	shared	224	a1921ca05871722d	19	00:002BFEC8,01:002D5B30,02:002BF8D8,03:002B1930,04:002B2F88,05:002EBB50,06:002CD0D0,07:002E8FD8,08:002C8ED0,09:002DF388,10:002B1788,11:002E5CB0,12:002D82A8,13:002D9CE8,14:002CEAE8,15:002B91B8,16:002BA7D8,17:002BDC08,18:002C2730	
FUN_L00_002bffa8	shared	5996	4c84ee6245e09605	19	00:002BFFA8,01:002D5C10,02:002BF9B8,03:002B1A10,04:002B3068,05:002EBC30,06:002CD1B0,07:002E90B8,08:002C8FB0,09:002DF468,10:002B1868,11:002E5D90,12:002D8388,13:002D9DC8,14:002CEBC8,15:002B9298,16:002BA8B8,17:002BDCE8,18:002C2810	
FUN_L00_002c1718	shared	92	f2be03d9cc479a73	19	00:002C1718,01:002D7380,02:002C1128,03:002B3180,04:002B47D8,05:002ED3A0,06:002CE920,07:002EA828,08:002CA720,09:002E0BD8,10:002B2FD8,11:002E7500,12:002D9AF8,13:002DB538,14:002D0338,15:002BAA08,16:002BC028,17:002BF458,18:002C3F80	
FUN_L00_002c1778	shared	432	b49fe2ff2863ef69	19	00:002C1778,01:002D73E0,02:002C1188,03:002B31E0,04:002B4838,05:002ED400,06:002CE980,07:002EA888,08:002CA780,09:002E0C38,10:002B3038,11:002E7560,12:002D9B58,13:002DB598,14:002D0398,15:002BAA68,16:002BC088,17:002BF4B8,18:002C3FE0	
FUN_L00_002c1928	shared	420	e0f94d5d70361404	19	00:002C1928,01:002D7590,02:002C1338,03:002B3390,04:002B49E8,05:002ED5B0,06:002CEB30,07:002EAA38,08:002CA930,09:002E0DE8,10:002B31E8,11:002E7710,12:002D9D08,13:002DB748,14:002D0548,15:002BAC18,16:002BC238,17:002BF668,18:002C4190	
FUN_L00_002c1ad0	shared	2488	a2ed81538e796732	19	00:002C1AD0,01:002D7738,02:002C14E0,03:002B3538,04:002B4B90,05:002ED758,06:002CECD8,07:002EABE0,08:002CAAD8,09:002E0F90,10:002B3390,11:002E78B8,12:002D9EB0,13:002DB8F0,14:002D06F0,15:002BADC0,16:002BC3E0,17:002BF810,18:002C4338	
FUN_L00_002c2488	shared	572	652c13d2d7c16ae5	19	00:002C2488,01:002D80F0,02:002C1E98,03:002B3EF0,04:002B5548,05:002EE110,06:002CF690,07:002EB598,08:002CB490,09:002E1948,10:002B3D48,11:002E8270,12:002DA868,13:002DC2A8,14:002D10A8,15:002BB778,16:002BCD98,17:002C01C8,18:002C4CF0	
FUN_L00_002c26c8	shared	2804	0266d3bb02aea75b	19	00:002C26C8,01:002D8330,02:002C20D8,03:002B4130,04:002B5788,05:002EE350,06:002CF8D0,07:002EB7D8,08:002CB6D0,09:002E1B88,10:002B3F88,11:002E84B0,12:002DAAA8,13:002DC4E8,14:002D12E8,15:002BB9B8,16:002BCFD8,17:002C0408,18:002C4F30	
FUN_L00_002c3440	shared	384	c7b8d200e61e9654	19	00:002C3440,01:002D90A8,02:002C2E50,03:002B4EA8,04:002B6500,05:002EF0C8,06:002D0648,07:002EC550,08:002CC448,09:002E4200,10:002B4D00,11:002E9228,12:002DB820,13:002DD260,14:002D2060,15:002BEA58,16:002BDD50,17:002C1480,18:002C5CA8	
FUN_L00_002c35c0	shared	708	0c2f276281269d9d	19	00:002C35C0,01:002D9228,02:002C2FD0,03:002B5028,04:002B6680,05:002EF248,06:002D07C8,07:002EC6D0,08:002CC5C8,09:002E4380,10:002B4E80,11:002E93A8,12:002DB9A0,13:002DD3E0,14:002D21E0,15:002BEBD8,16:002BDED0,17:002C1600,18:002C5E28	
FUN_L00_002c3888	shared	624	cf8f2ff3e011c447	19	00:002C3888,01:002D94F0,02:002C3298,03:002B52F0,04:002B6948,05:002EF510,06:002D0A90,07:002EC998,08:002CC890,09:002E4648,10:002B5148,11:002E9670,12:002DBC68,13:002DD6A8,14:002D24A8,15:002BEEA0,16:002BE198,17:002C18C8,18:002C60F0	
FUN_L00_002c3af8	shared	1444	29e97f6906b6b509	19	00:002C3AF8,01:002D9760,02:002C3508,03:002B5560,04:002B6BB8,05:002EF780,06:002D0D00,07:002ECC08,08:002CCB00,09:002E48B8,10:002B53B8,11:002E98E0,12:002DBED8,13:002DD918,14:002D2718,15:002BF110,16:002BE408,17:002C1B38,18:002C6360	
FUN_L00_002c40a0	shared	648	d2c5647c2a55f2e0	19	00:002C40A0,01:002D9D08,02:002C3AB0,03:002B5B08,04:002B7160,05:002EFD28,06:002D12A8,07:002ED1B0,08:002CD0A8,09:002E4E60,10:002B5960,11:002E9E88,12:002DC480,13:002DDEC0,14:002D2CC0,15:002BF6B8,16:002BE9B0,17:002C20E0,18:002C6908	
FUN_L00_002c4328	shared	84	265298be1aa62612	19	00:002C4328,01:002D9F90,02:002C3D38,03:002B5D90,04:002B73E8,05:002EFFB0,06:002D1530,07:002ED438,08:002CD330,09:002E50E8,10:002B5BE8,11:002EA110,12:002DC708,13:002DE148,14:002D2F48,15:002BF940,16:002BEC38,17:002C2368,18:002C6B90	
FUN_L00_002c4380	shared	3876	094ed9ec85c4514d	19	00:002C4380,01:002D9FE8,02:002C3D90,03:002B5DE8,04:002B7440,05:002F0008,06:002D1588,07:002ED490,08:002CD388,09:002E5140,10:002B5C40,11:002EA168,12:002DC760,13:002DE1A0,14:002D2FA0,15:002BF998,16:002BEC90,17:002C23C0,18:002C6BE8	
FUN_L00_002c52a8	shared	280	a844887c364816c1	19	00:002C52A8,01:002DAF10,02:002C4CB8,03:002B6D10,04:002B8368,05:002F0F30,06:002D24B0,07:002EE3B8,08:002CE2B0,09:002E6068,10:002B6B68,11:002EB090,12:002DD688,13:002DF0C8,14:002D3EC8,15:002C08C0,16:002BFBB8,17:002C32E8,18:002C7B10	
FUN_L00_002c53c0	shared	2076	b7659484310d947e	19	00:002C53C0,01:002DB028,02:002C4DD0,03:002B6E28,04:002B8480,05:002F1048,06:002D25C8,07:002EE4D0,08:002CE3C8,09:002E6180,10:002B6C80,11:002EB1A8,12:002DD7A0,13:002DF1E0,14:002D3FE0,15:002C09D8,16:002BFCD0,17:002C3400,18:002C7C28	
FUN_L00_002c5be8	shared	476	2f32b23e2146cbe0	19	00:002C5BE8,01:002DB850,02:002C55F8,03:002B7650,04:002B8CA8,05:002F1870,06:002D2DF0,07:002EECF8,08:002CEBF0,09:002E69A8,10:002B74A8,11:002EB9D0,12:002DDFC8,13:002DFA08,14:002D4808,15:002C1200,16:002C04F8,17:002C3C28,18:002C8450	
FUN_L00_002c5dc8	shared	912	587c47368a874ffd	19	00:002C5DC8,01:002DBA30,02:002C57D8,03:002B7830,04:002B8E88,05:002F1A50,06:002D2FD0,07:002EEED8,08:002CEDD0,09:002E6B88,10:002B7688,11:002EBBB0,12:002DE1A8,13:002DFBE8,14:002D49E8,15:002C13E0,16:002C06D8,17:002C3E08,18:002C8630	
FUN_L00_002c6158	shared	3628	c30bd98934484742	19	00:002C6158,01:002DBDC0,02:002C5B68,03:002B7BC0,04:002B9218,05:002F1DE0,06:002D3360,07:002EF268,08:002CF160,09:002E6F18,10:002B7A18,11:002EBF40,12:002DE538,13:002DFF78,14:002D4D78,15:002C1770,16:002C0A68,17:002C4198,18:002C89C0	
FUN_L00_002c6f88	shared	228	d85e9ba5f1ed23da	19	00:002C6F88,01:002DCBF0,02:002C6998,03:002B89F0,04:002BA048,05:002F2C10,06:002D4190,07:002F0098,08:002CFF90,09:002E7D48,10:002B8848,11:002ECD70,12:002DF368,13:002E0DA8,14:002D5BA8,15:002C25A0,16:002C1898,17:002C4FC8,18:002C97F0	
FUN_L00_002c7070	shared	684	eb7dad39a482f854	19	00:002C7070,01:002DCCD8,02:002C6A80,03:002B8AD8,04:002BA130,05:002F2CF8,06:002D4278,07:002F0180,08:002D0078,09:002E7E30,10:002B8930,11:002ECE58,12:002DF450,13:002E0E90,14:002D5C90,15:002C2688,16:002C1980,17:002C50B0,18:002C98D8	
FUN_L00_002c7320	shared	548	9aed3136b8643d95	19	00:002C7320,00:002D1F30,01:002DCF88,01:002ECE98,02:002C6D30,02:002D2EF0,03:002B8D88,03:002C5018,04:002BC050,04:002D08B8,05:002F2FA8,05:002FE190,06:002D4528,06:002DF928,07:002F0430,07:002FBDF8,08:002D0328,08:002EEFF0,09:002E80E0,09:002F5B10,10:002B8BE0,10:002C4BD0,11:002ED108,11:002F8E38,12:002DF700,12:002F3950,13:002E2348,13:002F3950,14:002D7728,14:002E9130,15:002C2FD0,15:002D3BE0,16:002C1C30,16:002D11E0,17:002C5A58,17:002D2258,18:002C9B88,18:002D44F0	
FUN_L00_002c7548	shared	1296	4dcbe1ded56f2fa8	19	00:002C7548,01:002DD1B0,02:002C6F58,03:002B8FB0,04:002BC278,05:002F31D0,06:002D4750,07:002F0658,08:002D0550,09:002E8308,10:002B8E08,11:002ED330,12:002DF928,13:002E2570,14:002D7950,15:002C31F8,16:002C1E58,17:002C5C80,18:002C9DB0	
FUN_L00_002c7a58	shared	928	1847146ef359e436	19	00:002C7A58,01:002DD6C0,02:002C7468,03:002B94C0,04:002BC788,05:002F36E0,06:002D4C60,07:002F0B68,08:002D0A60,09:002E8818,10:002B9318,11:002ED840,12:002DFE38,13:002E2A80,14:002D7E60,15:002C3708,16:002C2368,17:002C6190,18:002CA2C0	
FUN_L00_002c8078	shared	416	b51bd1bcdcb28550	19	00:002C8078,01:002DDCE0,02:002C7A88,03:002B9AE0,04:002BCDA8,05:002F3D00,06:002D5280,07:002F1188,08:002D1080,09:002E8E38,10:002B9938,11:002EDE60,12:002E0458,13:002E30A0,14:002D8480,15:002C3D28,16:002C2988,17:002C67B0,18:002CA8E0	
FUN_L00_002c8218	shared	212	f52e17a67750b070	19	00:002C8218,01:002DDE80,02:002C7C28,03:002B9C80,04:002BCF48,05:002F3EA0,06:002D5420,07:002F1328,08:002D1220,09:002E8FD8,10:002B9AD8,11:002EE000,12:002E05F8,13:002E3240,14:002D8620,15:002C3EC8,16:002C2B28,17:002C6950,18:002CAA80	
FUN_L00_002c82f0	shared	336	db0274c8e5251657	19	00:002C82F0,01:002DDF58,02:002C7D00,03:002B9D58,04:002BD020,05:002F3F78,06:002D54F8,07:002F1400,08:002D12F8,09:002E90B0,10:002B9BB0,11:002EE0D8,12:002E06D0,13:002E3318,14:002D86F8,15:002C3FA0,16:002C2C00,17:002C6A28,18:002CAB58	
FUN_L00_002c8440	shared	1444	435334aa02b08f3a	19	00:002C8440,01:002DE0A8,02:002C7E50,03:002B9EA8,04:002BD170,05:002F40C8,06:002D5648,07:002F1550,08:002D1448,09:002E9200,10:002B9D00,11:002EE228,12:002E0820,13:002E3468,14:002D8848,15:002C40F0,16:002C2D50,17:002C6B78,18:002CACA8	
FUN_L00_002c89e8	shared	2288	84095776a329a03d	19	00:002C89E8,01:002DE650,02:002C83F8,03:002BA450,04:002BD718,05:002F4670,06:002D5BF0,07:002F1AF8,08:002D19F0,09:002E97A8,10:002BA2A8,11:002EE7D0,12:002E0DC8,13:002E3A10,14:002D8DF0,15:002C4698,16:002C32F8,17:002C7120,18:002CB250	
FUN_L00_002c92d8	shared	112	8414249bd1f6bc3c	19	00:002C92D8,01:002DEF40,02:002C8CE8,03:002BAF98,04:002BE008,05:002F53F0,06:002D64E0,07:002F2878,08:002D6548,09:002EBEC8,10:002BB028,11:002EF0C0,12:002E4EC8,13:002E4DC0,14:002DB568,15:002C75A8,16:002C3FF0,17:002C7EA0,18:002CBB40	
FUN_L00_002c9348	shared	1168	bfff595c240e248f	19	00:002C9348,01:002DEFB0,02:002C8D58,03:002BB008,04:002BE078,05:002F5460,06:002D6550,07:002F28E8,08:002D65B8,09:002EBF38,10:002BB098,11:002EF130,12:002E4F38,13:002E4E30,14:002DB5D8,15:002C7618,16:002C4060,17:002C7F10,18:002CBBB0	
FUN_L00_002c97e0	shared	5600	0ce28a9e1c3d7fd1	19	00:002C97E0,01:002DF448,02:002C91F0,03:002BB4A0,04:002BE510,05:002F58F8,06:002D69E8,07:002F2D80,08:002D6A50,09:002EC3D0,10:002BB530,11:002EF5C8,12:002E53D0,13:002E52C8,14:002DBA70,15:002C7AB0,16:002C4720,17:002C83A8,18:002CC048	
FUN_L00_002cadc0	shared	76	7c847e810b498ae7	19	00:002CADC0,00:002CAE10,00:002D56E0,00:002D5730,00:002D5780,01:002E0A28,01:002E0A78,01:002EFAF8,01:002EFB48,01:002F1C78,01:002F1CC8,02:002CA7D0,02:002CA820,02:002D61C0,02:002D6290,03:002BCA80,03:002BCAD0,04:002BFAF0,04:002BFB40,04:002C4030,04:002C4080,05:002F6ED8,05:002F6F28,05:00300B48,05:00300B98,06:002D7FC8,06:002D8018,07:002F4360,07:002F43B0,08:002D3F60,08:002D3FB0,08:002D4000,08:002D8030,08:002D8080,09:002E2680,09:002E26D0,09:002E2720,09:002ED9B0,09:002EDA00,10:002BCB10,10:002BCB60,11:002F0BA8,11:002F0BF8,11:002FB7F0,11:002FB840,12:002E1758,12:002E17A8,12:002E69B0,12:002E6A00,13:002B7980,13:002B79D0,13:002E68A8,13:002E68F8,14:002DAD60,14:002DADB0,14:002DAE00,14:002DD050,14:002DD0A0,15:002BC4B0,15:002BC500,15:002BC550,15:002C9090,15:002C90E0,16:002C5D00,16:002C5D50,16:002E65D0,16:002E6620,16:002E6670,17:002C9988,17:002C99D8,18:002CD628,18:002CD678,18:002E13B8,18:002E1408,18:002E1458,18:002FCBB0,18:002FCC00,18:002FCC50	
FUN_L00_002cae60	shared	176	4d82fbd2d86f26f4	19	00:002CAE60,01:002E0AC8,02:002CA870,03:002BCB20,04:002BFB90,04:002C40D0,05:002F6F78,06:002D8068,07:002F4400,08:002D80D0,09:002EDA50,10:002BCBB0,11:002F0C48,12:002E6A50,13:002E6948,14:002DD0F0,15:002C9130,16:002C5DA0,17:002C9A28,18:002CD6C8	
FUN_L00_002caf10	shared	44	cc6eb3c1da4c1fab	19	00:002CAF10,00:002D57D0,01:002E0B78,01:002EFB98,01:002F1DC8,02:002CA920,02:002D62E0,03:002BCBD0,04:002BFC40,04:002C4180,05:002F7028,05:00300BE8,06:002D8118,07:002F44B0,08:002D8180,09:002E2770,09:002EDB00,10:002BCC60,11:002F0CF8,11:002FB890,12:002E6B00,13:002B7AD0,13:002E69F8,14:002DD1A0,15:002BC5A0,15:002C91E0,16:002C5E50,16:002E66C0,17:002C9AD8,17:002F0040,18:002CD778,18:002E14A8,18:002FCCA0	
FUN_L00_002caf40	shared	44	ea07d0cee13a5395	19	00:002CAF40,01:002E0BA8,02:002CA950,03:002BCC00,04:002BFC70,05:002F7058,06:002D8148,07:002F44E0,08:002D81B0,09:002EDB30,10:002BCC90,11:002F0D28,12:002E6B30,13:002E6A28,14:002DD1D0,15:002C9210,16:002C5E80,17:002C9B08,18:002CD7A8	
FUN_L00_002caf70	shared	1188	f98a994b5866bd4a	19	00:002CAF70,01:002E1CC8,02:002CA980,03:002BCC30,04:002C0B88,05:002F7088,06:002D8D18,07:002F4510,08:002D90C8,09:002EE430,10:002BD860,11:002F1520,12:002E8F70,13:002E7440,14:002DD200,15:002C9248,16:002C6390,17:002CA318,18:002CD7D8	
FUN_L00_002cb418	shared	2212	1edbebb682aa19fd	19	00:002CB418,01:002E2170,02:002CAE28,03:002BD0D8,04:002C1030,05:002F7530,06:002D91C0,07:002F49B8,08:002D9570,09:002EE8D8,10:002BDD08,11:002F19C8,12:002E9418,13:002E78E8,14:002DD6A8,15:002C96F0,16:002C6838,17:002CA7C0,18:002CDC80	
FUN_L00_002cbcc0	shared	680	8ac25d5fbe69e513	19	00:002CBCC0,01:002E2A18,02:002CB6D0,03:002BD980,04:002C18D8,05:002F7DD8,06:002D9A68,07:002F5260,08:002D9E18,09:002EF180,10:002BE5B0,11:002F2270,12:002E9CC0,13:002E8190,14:002DDF50,15:002C9F98,16:002C70E0,17:002CB068,18:002CE528	
FUN_L00_002cbf68	shared	676	a2842bef87004e69	19	00:002CBF68,01:002E2CC0,02:002CB9A8,03:002BDC28,04:002C6468,05:002F8320,06:002D9EE0,07:002F57A8,08:002DCFC8,09:002F00C8,10:002BF180,11:002F33F0,12:002ED590,13:002ED6F8,14:002E07E0,15:002CBE60,16:002C7388,17:002CC810,18:002CEAA8	
FUN_L00_002cc210	shared	324	a4f9dbff0e644b04	19	00:002CC210,01:002E2F68,02:002CBC50,03:002BDED0,04:002C6710,05:002F85C8,06:002DA188,07:002F5A50,08:002DD270,09:002F0370,10:002BF428,11:002F3698,12:002ED838,13:002ED9A0,14:002E0A88,15:002CC108,16:002C7630,17:002CCAB8,18:002CED50	
FUN_L00_002cc360	shared	676	1ade2937c0f84e25	19	00:002CC360,01:002E4BB8,02:002CD8A0,03:002BE020,04:002C8AC0,05:002F8B40,06:002DA2D8,07:002F66D8,08:002E55E8,09:002F04C0,10:002BF578,11:002F37E8,12:002ED988,13:002EE100,14:002E0BD8,15:002CC258,16:002C7B20,17:002CCC08,18:002CEEA0	
FUN_L00_002cc608	shared	2264	c43448248b52072d	19	00:002CC608,01:002E4E60,02:002CDB48,03:002BE2C8,04:002C8D68,05:002F8DE8,06:002DA580,07:002F6980,08:002E5890,09:002F0768,10:002BF820,11:002F3A90,12:002EDC30,13:002EE3A8,14:002E0E80,15:002CC500,16:002C7DC8,17:002CCEB0,18:002CF148	
FUN_L00_002ccee0	shared	784	da3ceddd2f117b46	19	00:002CCEE0,01:002E5738,02:002CE420,03:002BFB08,04:002C9640,05:002F96C0,06:002DAE58,07:002F7258,08:002E70D0,09:002F1040,10:002C00F8,11:002F4368,12:002EE508,13:002EEC80,14:002E26C0,15:002CCDD8,16:002C86A0,17:002CD788,18:002CFA20	
FUN_L00_002cd1f0	shared	2764	85e0b991f049aff4	19	00:002CD1F0,01:002E5A48,02:002CE730,03:002BFE18,04:002C9950,05:002F99D0,06:002DB168,07:002F7568,08:002E73E0,09:002F1350,10:002C0408,11:002F4678,12:002EE818,13:002EEF90,14:002E29D0,15:002CD0E8,16:002C89B0,17:002CDA98,18:002CFD30	
FUN_L00_002cdcc0	shared	436	c29b0c0cf16cea81	19	00:002CDCC0,01:002E8C20,02:002CF200,03:002C08E8,04:002CC848,05:002FA4A0,06:002DBC38,07:002F80C8,08:002EA7E0,09:002F1E20,10:002C0ED8,11:002F5148,12:002EFBC0,13:002EFA60,14:002E34A0,15:002CDBB8,16:002CA0A8,17:002CE568,18:002D0800	
FUN_L00_002cde78	shared	176	52a266ff1d2b7d97	19	00:002CDE78,01:002E8DD8,02:002CF3B8,03:002C0AA0,04:002CCA00,05:002FA658,06:002DBDF0,07:002F8280,08:002EA998,09:002F1FD8,10:002C1090,11:002F5300,12:002EFD78,13:002EFC18,14:002E3658,15:002CDD70,16:002CA260,17:002CE720,18:002D09B8	
FUN_L00_002cdf28	shared	708	e35e76aceafc88c7	19	00:002CDF28,01:002E8E88,02:002CF468,03:002C0B50,04:002CCAB0,05:002FA708,06:002DBEA0,07:002F8330,08:002EAA48,09:002F2088,10:002C1140,11:002F53B0,12:002EFE28,13:002EFCC8,14:002E3708,15:002CDE20,16:002CA310,17:002CE7D0,18:002D0A68	
FUN_L00_002ce1f0	shared	360	2aff4b19342fcab2	19	00:002CE1F0,01:002E9150,02:002CF730,03:002C0E18,04:002CCD78,05:002FA9D0,06:002DC168,07:002F85F8,08:002EAD10,09:002F2350,10:002C1408,11:002F5678,12:002F00F0,13:002EFF90,14:002E39D0,15:002CE0E8,16:002CA5D8,17:002CEA98,18:002D0D30	
FUN_L00_002ce358	shared	3776	5f1c2ab1da37ab9c	19	00:002CE358,01:002E92B8,02:002CF898,03:002C0F80,04:002CCEE0,05:002FAB38,06:002DC2D0,07:002F8760,08:002EAE78,09:002F24B8,10:002C1570,11:002F57E0,12:002F0258,13:002F00F8,14:002E3B38,15:002CE250,16:002CA740,17:002CEC00,18:002D0E98	
FUN_L00_002cf218	shared	2720	e8fcc8ea94e2a6c6	19	00:002CF218,01:002EA178,02:002D0758,03:002C1E40,04:002CE120,05:002FB9F8,06:002DD190,07:002F9620,08:002EBE18,09:002F3378,10:002C2430,11:002F66A0,12:002F11B8,13:002F0FB8,14:002E49F8,15:002D1440,16:002CB620,17:002CFAC0,18:002D1D58	
FUN_L00_002cfcb8	shared	2176	354a47b4e9147558	19	00:002CFCB8,01:002EAC18,02:002D11F8,03:002C28E0,04:002CEBC0,05:002FC498,06:002DDC30,07:002FA0C0,08:002EC8B8,09:002F3E18,10:002C2ED0,11:002F7140,12:002F1C58,13:002F1A58,14:002E5498,15:002D1EE0,16:002CC0C0,17:002D0560,18:002D27F8	
FUN_L00_002d0538	shared	1148	ae69e18b065171c1	19	00:002D0538,01:002EB498,02:002D1A78,03:002C3160,04:002CF440,05:002FCD18,06:002DE4B0,07:002FA940,08:002ED138,09:002F4698,10:002C3750,11:002F79C0,12:002F24D8,13:002F22D8,14:002E5D18,15:002D2760,16:002CC940,17:002D0DE0,18:002D3078	
FUN_L00_002d09b8	shared	2664	dd3dd3257ae2d514	19	00:002D09B8,01:002EB918,02:002D1EF8,03:002C35E0,04:002CF8C0,05:002FD198,06:002DE930,07:002FADC0,08:002ED5B8,09:002F4B18,10:002C3BD0,11:002F7E40,12:002F2958,13:002F2758,14:002E6198,15:002D2BE0,16:002CCDC0,17:002D1260,18:002D34F8	
FUN_L00_002d1428	shared	1412	6f8db8db9598926a	19	00:002D1428,01:002EC388,02:002D2968,03:002C4050,04:002D0330,05:002FDC08,06:002DF3A0,07:002FB830,08:002EE028,09:002F5588,10:002C4640,11:002F88B0,12:002F33C8,13:002F31C8,14:002E6C08,15:002D3650,16:002CD830,17:002D1CD0,18:002D3F68	
FUN_L00_002d19b0	shared	1228	924bf88e031d854e	2	00:002D19B0,01:002EC910	
FUN_L00_002d1e80	shared	176	cf5895f008a66468	2	00:002D1E80,01:002ECDE0	
FUN_L00_002d2158	shared	1300	2a151995861329c2	19	00:002D2158,01:002ED0C0,02:002D3118,03:002C5240,04:002D0AE0,05:002FE3B8,06:002DFB50,07:002FC020,08:002EF218,09:002F5D38,10:002C4DF8,11:002F9060,12:002F3B78,13:002F3B78,14:002E9358,15:002D3E08,16:002D1408,17:002D2480,18:002D4718	
FUN_L00_002d2670	shared	1052	474669652f9c84f8	19	00:002D2670,01:002ED5D8,02:002D3630,03:002C5758,04:002D0FF8,05:002FE8D0,06:002E0068,07:002FC538,08:002EF730,09:002F6250,10:002C5310,11:002F9578,12:002F4090,13:002F4090,14:002E9870,15:002D4320,16:002D1920,17:002D2998,18:002D4C30	
FUN_L00_002d2a90	shared	916	770125ff4f7834d5	19	00:002D2A90,01:002F1E28,02:002D6450,03:002CABA8,04:002D3628,05:00300C48,06:002E0488,07:002FC958,08:002EFE00,09:002F6918,10:002C5730,11:002FB8F0,12:002F44B0,13:002F44B0,14:002E9C90,15:002D49E8,16:002D1D40,17:002D3060,18:002D6DE0	
FUN_L00_002d2e28	shared	188	9f6c0d12613600d9	19	00:002D2E28,01:002F21C0,02:002D67E8,03:002CAF40,04:002D39C0,05:00300FE0,06:002E0820,07:002FCCF0,08:002F0198,09:002F6CB0,10:002C5AC8,11:002FBC88,12:002F4848,13:002F4848,14:002EA028,15:002D4D80,16:002D20D8,17:002D33F8,18:002D7178	
FUN_L00_002d2ee8	shared	2276	5e9261c50aadbd08	19	00:002D2EE8,01:002F2280,02:002D68A8,03:002CB000,04:002D3A80,05:003010A0,06:002E08E0,07:002FCDB0,08:002F0258,09:002F6D70,10:002C5B88,11:002FBD48,12:002F4908,13:002F4908,14:002EA0E8,15:002D4E40,16:002D2198,17:002D34B8,18:002D7238	
FUN_L00_002d37d0	shared	96	2bd09b632465eb29	19	00:002D37D0,01:002F30C0,02:002D76E8,03:002CBE40,04:002D48C0,05:00301EE0,06:002E1720,07:002FD8A0,08:002F1E10,09:002F7860,10:002C6678,11:002FCB88,12:002F5748,13:002F53F8,14:002EAF28,15:002D5930,16:002D2C88,17:002D3FA8,18:002D8DB0	
FUN_L00_002d3838	shared	472	9f86b1f2b884ea5e	19	00:002D3838,01:002F3570,02:002DAF60,03:002CE470,04:002D70B8,05:003059E0,06:002E3DD0,07:002FF378,08:002F4A58,09:002F78C8,10:002C66E0,11:002FF238,12:002F57B0,13:002F7AA8,14:002EBA38,15:002D5998,16:002D4C08,17:002D4010,18:002DE830	
FUN_L00_002d3a10	shared	3068	bc5f9ee36ecb13c4	19	00:002D3A10,01:002F3748,02:002DB138,03:002CE648,04:002D7290,05:00305BB8,06:002E3FA8,07:002FF550,08:002F4C30,09:002F7AA0,10:002C68B8,11:002FF410,12:002F5988,13:002F7C80,14:002EBC10,15:002D5B70,16:002D4DE0,17:002D41E8,18:002DEA08	
FUN_L00_002d4610	shared	2896	b7a9cdb54fa648fd	2	00:002D4610,18:002E02E8	
FUN_L00_002d5160	shared	868	0ffea45b9356d184	2	00:002D5160,18:002E0E38	
FUN_L00_002d54c8	shared	532	73ab25b5f7655bc2	2	00:002D54C8,18:002E11A0	
FUN_L00_002d5800	shared	44	6d2d9d05673c24b1	17	00:002D5800,01:002EFBC8,01:002F1DF8,02:002D6310,04:002C41B0,05:00300C18,06:002EA800,08:002D40D8,09:002E27A0,10:002CE838,11:002FB8C0,11:003162F0,12:002E1848,13:002B7B00,14:002DAED8,15:002BC5D0,16:002E66F0,17:002F0070,18:002D6250,18:002E14D8,18:002FCCD0	
FUN_L00_002d5830	shared	340	bedc8dc7ce08e809	3	00:002D5830,05:0030C928,18:002E1880	
FUN_L00_002d5988	shared	1116	bf1f202d2cddfde9	14	00:002D5988,01:002FBB20,03:002CF638,04:002D84B8,05:00308338,06:002E4BA8,07:00300C68,08:002F7A38,10:002C7FF0,12:002F6588,13:002F9168,14:002F1718,15:002D9B60,17:002D8008	
FUN_L00_002d5de8	shared	3588	ad9e3c88774aaabd	14	00:002D5DE8,01:002FBF80,03:002CFA98,04:002D8918,05:00308798,06:002E5008,07:003010C8,08:002F7E98,10:002C8450,12:002F69E8,13:002F95C8,14:002F1B78,15:002D9FC0,17:002D8468	
FUN_L00_002d6bf0	shared	224	0cbdcb2a32c8ac1e	19	00:002D6BF0,00:002E06A8,01:002FCD88,01:00308470,01:0030A9D8,02:002EB508,02:002EE5B0,03:002D08A0,03:002DD958,03:002DF240,04:002D9720,04:002E1C20,04:002E2708,04:002E4138,05:003095A0,05:0031A430,05:0031BC60,06:002E5E10,06:00305B78,06:00307298,07:00301ED0,07:0031BDC0,07:0031E8C8,08:002F8CA0,08:00303B40,08:00306EB0,09:00302AC0,09:00308B20,10:00298860,10:002C9258,10:002DE0B0,10:002E7240,11:0030BF00,11:00318850,12:002F77F0,12:00300580,12:00307EC8,13:002FA3D0,13:00304120,13:0030B348,14:002F2980,14:003003E8,14:00303700,14:00305A38,15:002DADC8,15:002E4F40,15:002E8630,15:002EA8D0,16:002DF9B8,16:002E1FF8,17:002D9270,17:002E47C8,17:002E84F8,18:002ED410,18:002EF8A8	
FUN_L00_002d6cd0	shared	600	d41fcb032c37b453	14	00:002D6CD0,01:002FCE68,03:002D0980,04:002D9800,05:00309680,06:002E5EF0,07:00301FB0,08:002F8D80,10:002C9338,12:002F78D0,13:002FA4B0,14:002F2A60,15:002DAEA8,17:002D9350	
FUN_L00_002d6f28	shared	1212	21976d5cfdf03891	3	00:002D6F28,01:002FDBC0,14:002F2F88	
FUN_L00_002d73e8	shared	2052	d42680060a7ec925	3	00:002D73E8,01:002FE080,14:002F3448	
FUN_L00_002d7bf0	shared	356	6c43440ac34cbe49	3	00:002D7BF0,01:002FE888,14:002F3C50	
FUN_L00_002d7d58	shared	312	27baffd847e667d9	3	00:002D7D58,01:002FE9F0,14:002F3DB8	
FUN_L00_002d7e90	shared	164	c5ec9b4d965d6e42	19	00:002D7E90,01:002FF768,02:002E0BE0,03:002D0EA8,04:002D9D28,05:00309BA8,06:002E6178,07:00302508,08:002F9718,09:002F8B78,10:002C9860,11:003002E0,12:002F7DF8,13:002FA9D8,14:002F3EF8,15:002DB3D0,16:002D6648,17:002D9878,18:002E1CA8	
FUN_L00_002d7f38	shared	76	83623dfb0e158b26	19	00:002D7F38,01:002FF810,02:002E0C88,03:002D0F50,04:002D9DD0,05:00309C50,06:002E6220,07:003025B0,08:002F97C0,09:002F8C20,10:002C9908,11:00300388,12:002F7EA0,13:002FAA80,14:002F3FA0,15:002DB478,16:002D66F0,17:002D9920,18:002E1D50	
FUN_L00_002d7f88	shared	416	563bb7e58afa2187	19	00:002D7F88,01:00300080,02:002E2700,03:002D0FA0,04:002D9E20,05:00309CA0,06:002E6540,07:00302600,08:002F9810,09:002F8F40,10:002CA080,11:003003D8,12:002F7EF0,13:002FAAD0,14:002F3FF0,15:002DB4C8,16:002D6840,17:002D9970,18:002E1DA0	
FUN_L00_002d8128	shared	16	9824eab767011ef4	19	00:002D8128,01:00300518,02:002E2B98,03:002D1438,04:002DA2B8,05:0030A138,06:002E69D8,07:00302A98,08:002F9CA8,09:002F93D8,10:002CA518,11:00300870,12:002F8388,13:002FAF68,14:002F4488,15:002DB960,16:002D6CD8,17:002D9E08,18:002E2238	
FUN_L00_002d8138	shared	116	c6b22781c26077ce	19	00:002D8138,01:00300528,02:002E2BA8,03:002D1448,04:002DA2C8,05:0030A148,06:002E69E8,07:00302AA8,08:002F9CB8,09:002F93E8,10:002CA528,11:00300880,12:002F8398,13:002FAF78,14:002F4498,15:002DB970,16:002D6CE8,17:002D9E18,18:002E2248	
FUN_L00_002d81b8	shared	608	fa16ad1efe14e732	19	00:002D81B8,01:003005A8,02:002E2C28,03:002D14C8,04:002DA348,05:0030A1C8,06:002E6A68,07:00302B28,08:002F9D38,09:002F9468,10:002CA5A8,11:00300900,12:002F8418,13:002FAFF8,14:002F4518,15:002DB9F0,16:002D6D68,17:002D9E98,18:002E2348	
FUN_L00_002d8418	shared	248	82b9518136f8873d	19	00:002D8418,01:00300808,02:002E2E88,03:002D1728,04:002DA5A8,05:0030A428,06:002E6CC8,07:00302D88,08:002F9F98,09:002F96C8,10:002CA808,11:00300B60,12:002F8678,13:002FB258,14:002F4778,15:002DBC50,16:002D6FC8,17:002DA0F8,18:002E25A8	
FUN_L00_002d8510	shared	832	cc84a2ec3c43aca9	19	00:002D8510,01:00300900,02:002E2F80,03:002D1820,04:002DA6A0,05:0030A520,06:002E6DC0,07:00302E80,08:002FA090,09:002F97C0,10:002CA900,11:00300C58,12:002F8770,13:002FB350,14:002F4870,15:002DBD48,16:002D70C0,17:002DA1F0,18:002E26A0	
FUN_L00_002d8850	shared	180	700e1bc9bd1d57b9	19	00:002D8850,01:00300C40,02:002E32C0,03:002D1B60,04:002DA9E0,05:0030A860,06:002E7100,07:003031C0,08:002FA3D0,09:002F9B00,10:002CAC40,11:00300F98,12:002F8AB0,13:002FB690,14:002F4BB0,15:002DC088,16:002D7400,17:002DA530,18:002E29E0	
FUN_L00_002d8908	shared	116	094208e80d230258	19	00:002D8908,01:00300CF8,02:002E3378,03:002D1C18,04:002DAA98,05:0030A918,06:002E71B8,07:00303278,08:002FA488,09:002F9BB8,10:002CACF8,11:00301050,12:002F8B68,13:002FB748,14:002F4C68,15:002DC140,16:002D74B8,17:002DA5E8,18:002E2A98	
FUN_L00_002d8980	shared	112	6563874a20771db4	19	00:002D8980,01:00300D70,02:002E33F0,03:002D1C90,04:002DAB10,05:0030A990,06:002E7230,07:003032F0,08:002FA500,09:002F9C30,10:002CAD70,11:003010C8,12:002F8BE0,13:002FB7C0,14:002F4CE0,15:002DC1B8,16:002D7530,17:002DA660,18:002E2B10	
FUN_L00_002d89f0	shared	3616	38fdc2bfd061f447	19	00:002D89F0,01:00300DE0,02:002E3460,03:002D1D00,04:002DAB80,05:0030AA00,06:002E72A0,07:00303360,08:002FA570,09:002F9CA0,10:002CADE0,11:00301138,12:002F8C50,13:002FB830,14:002F4D50,15:002DC228,16:002D75A0,17:002DA6D0,18:002E2B80	
FUN_L00_002d9810	shared	1464	7f36b9405e169bca	19	00:002D9810,01:00301C00,02:002E4280,03:002D2B20,04:002DB9A0,05:0030B820,06:002E80C0,07:00304180,08:002FB390,09:002FAAC0,10:002CBC00,11:00301F58,12:002F9A70,13:002FC650,14:002F5B70,15:002DD048,16:002D83C0,17:002DB4F0,18:002E39A0	
FUN_L00_002d9dc8	level	432	c35a767d59644a3e	1	00:002D9DC8	
FUN_L00_002d9f78	shared	88	e0c8c3dd3b80fda8	19	00:002D9F78,01:003027E8,02:002E4BE8,03:002D52B0,04:002DC308,05:0030FA50,06:002EABE0,07:00305AE0,08:002FBCF8,09:002FB428,10:002CEC18,11:00303210,12:002FA3D8,13:002FCFB8,14:002F64D8,15:002DEF20,16:002D8978,17:002DC7C0,18:002E4308	
FUN_L00_002d9fd0	shared	132	525c8af18af8845d	19	00:002D9FD0,01:00302840,02:002E4C40,03:002D5308,04:002DC360,05:0030FAA8,06:002EAC38,07:00305B38,08:002FBD50,09:002FB480,10:002CEC70,11:00303268,12:002FA430,13:002FD010,14:002F6530,15:002DEF78,16:002D89D0,17:002DC818,18:002E4360	
FUN_L00_002da058	shared	388	282a79a056158ae8	19	00:002DA058,01:003028C8,02:002E4CC8,03:002D5390,04:002DC3E8,05:0030FB30,06:002EACC0,07:00305BC0,08:002FBDD8,09:002FB508,10:002CECF8,11:003032F0,12:002FA4B8,13:002FD098,14:002F65B8,15:002DF000,16:002D8A58,17:002DC8A0,18:002E43E8	
FUN_L00_002da1e0	shared	56	cba0599112da1ad9	19	00:002DA1E0,00:002DA218,01:00302A50,01:00302A88,02:002E4E50,02:002E4E88,03:002D5518,03:002D5550,04:002DC570,04:002DC5A8,05:0030FCB8,05:0030FCF0,06:002EAE48,06:002EAE80,07:00305D48,07:00305D80,08:002FBF60,08:002FBF98,09:002FB690,09:002FB6C8,10:002CEE80,10:002CEEB8,11:00303478,11:003034B0,12:002FA640,12:002FA678,13:002FD220,13:002FD258,14:002F6740,14:002F6778,15:002DF188,15:002DF1C0,16:002D8BE0,16:002D8C18,17:002DCA28,17:002DCA60,18:002E4570,18:002E45A8	
FUN_L00_002da250	shared	272	1eb5fd1aa80d859e	19	00:002DA250,01:00302AC0,02:002E4EC0,03:002D5588,04:002DC5E0,05:0030FD28,06:002EAEB8,07:00305DB8,08:002FBFD0,09:002FB700,10:002CEEF0,11:003034E8,12:002FA6B0,13:002FD290,14:002F67B0,15:002DF1F8,16:002D8C50,17:002DCA98,18:002E45E0	
FUN_L00_002da360	shared	764	e2eda1ef24c54aff	19	00:002DA360,01:00302BD0,02:002E4FD0,03:002D5698,04:002DC6F0,05:0030FE38,06:002EAFC8,07:00305EC8,08:002FC0E0,09:002FB810,10:002CF000,11:003035F8,12:002FA7C0,13:002FD3A0,14:002F68C0,15:002DF308,16:002D8D60,17:002DCBA8,18:002E46F0	
FUN_L00_002da660	shared	304	febcc5227a7df7b9	19	00:002DA660,01:00302ED0,02:002E52D0,03:002D5998,04:002DC9F0,05:00310138,06:002EB2C8,07:003061C8,08:002FC3E0,09:002FBB10,10:002CF300,11:003038F8,12:002FAAC0,13:002FD6A0,14:002F6BC0,15:002DF608,16:002D9060,17:002DCEA8,18:002E49F0	
FUN_L00_002da790	shared	4280	6c3718fe93734eab	19	00:002DA790,01:00303000,02:002E5400,03:002D5AC8,04:002DCB20,05:00310268,06:002EB3F8,07:003062F8,08:002FC510,09:002FBC40,10:002CF430,11:00303A28,12:002FABF0,13:002FD7D0,14:002F6CF0,15:002DF738,16:002D9190,17:002DCFD8,18:002E4B20	
FUN_L00_002db890	shared	104	f948c7977e89dbac	19	00:002DB890,01:00304100,02:002E6500,03:002D6BC8,04:002DDC20,05:00311368,06:002EC4F8,07:003073F8,08:002FD610,09:002FCD40,10:002D0530,11:00304B28,12:002FBCF0,13:002FE8D0,14:002F7DF0,15:002E0838,16:002DA290,17:002DE0D8,18:002E5C20	
FUN_L00_002db8f8	shared	548	3d22cb91651dcdcf	19	00:002DB8F8,01:00304168,02:002E6568,03:002D6C30,04:002DDC88,05:003113D0,06:002EC560,07:00307460,08:002FD678,09:002FCDA8,10:002D0598,11:00304B90,12:002FBD58,13:002FE938,14:002F7E58,15:002E08A0,16:002DA2F8,17:002DE140,18:002E5C88	
FUN_L00_002dbb20	shared	268	2755477d0171529c	19	00:002DBB20,01:00304390,02:002E6790,03:002D6E58,04:002DDEB0,05:003115F8,06:002EC788,07:00307688,08:002FD8A0,09:002FCFD0,10:002D07C0,11:00304DB8,12:002FBF80,13:002FEB60,14:002F8080,15:002E0AC8,16:002DA520,17:002DE368,18:002E5EB0	
FUN_L00_002dbc30	shared	492	6eb489c7cb71e204	19	00:002DBC30,01:003044A0,02:002E68A0,03:002D6F68,04:002DDFC0,05:00311708,06:002EC898,07:00307798,08:002FD9B0,09:002FD0E0,10:002D08D0,11:00304EC8,12:002FC090,13:002FEC70,14:002F8190,15:002E0BD8,16:002DA630,17:002DE478,18:002E5FC0	
FUN_L00_002dbe20	shared	260	77eaab9b4fa163a5	19	00:002DBE20,01:00304690,02:002E6A90,03:002D7158,04:002DE1B0,05:003118F8,06:002ECA88,07:00307988,08:002FDBA0,09:002FD2D0,10:002D0AC0,11:003050B8,12:002FC280,13:002FEE60,14:002F8380,15:002E0DC8,16:002DA820,17:002DE668,18:002E61B0	
FUN_L00_002dbf28	shared	2576	a17f7e24b0180689	19	00:002DBF28,01:00304798,02:002E6B98,03:002D7260,04:002DE2B8,05:00311A00,06:002ECB90,07:00307A90,08:002FDCA8,09:002FD3D8,10:002D0BC8,11:003051C0,12:002FC388,13:002FEF68,14:002F8488,15:002E0ED0,16:002DA928,17:002DE770,18:002E62B8	
FUN_L00_002dc938	shared	184	d6cb0dd6ae72eb4d	19	00:002DC938,01:003051A8,02:002E75A8,03:002D7C70,04:002DECC8,05:00312410,06:002ED5A0,07:003084A0,08:002FE6B8,09:002FDDE8,10:002D15D8,11:00305BD0,12:002FCD98,13:002FF978,14:002F8E98,15:002E18E0,16:002DB338,17:002DF180,18:002E6CC8	
FUN_L00_002dc9f0	shared	3828	0d2e22381eec0073	19	00:002DC9F0,01:00305260,02:002E7660,03:002D7D28,04:002DED80,05:003124C8,06:002ED658,07:00308558,08:002FE770,09:002FDEA0,10:002D1690,11:00305C88,12:002FCE50,13:002FFA30,14:002F8F50,15:002E1998,16:002DB3F0,17:002DF238,18:002E6D80	
FUN_L00_002dd8e8	shared	948	78192417107c9f23	19	00:002DD8E8,01:00306158,02:002E8558,03:002D8C20,04:002DFC78,05:003133C0,06:002EE550,07:00309450,08:002FF668,09:002FED98,10:002D2588,11:00306B80,12:002FDD48,13:00300928,14:002F9E48,15:002E2890,16:002DC2E8,17:002E0130,18:002E7C78	
FUN_L00_002ddca0	shared	24	e270d52e74e91758	19	00:002DDCA0,01:00306510,02:002E8910,03:002D8FD8,04:002E0030,05:00313778,06:002EE908,07:00309808,07:00317C98,08:002FFA20,09:002FF150,10:002D2940,11:00306F38,12:002FE100,13:00300CE0,14:002FA200,15:002E2C48,16:002DC6A0,17:002E04E8,18:002E8030	
FUN_L00_002ddcb8	shared	680	7c3aa8e31a2f5577	19	00:002DDCB8,01:00306528,02:002E8928,03:002D8FF0,04:002E0048,05:00313790,06:002EE920,07:00309820,08:002FFA38,09:002FF168,10:002D2958,11:00306F50,12:002FE118,13:00300CF8,14:002FA218,15:002E2C60,16:002DC6B8,17:002E0500,18:002E8048	
FUN_L00_002ddf60	shared	4220	c6c5b3edf9fb616d	19	00:002DDF60,01:003067D0,02:002E8BD0,03:002D9298,04:002E02F0,05:00313A38,06:002EEBC8,07:00309AC8,08:002FFCE0,09:002FF410,10:002D2C00,11:003071F8,12:002FE3C0,13:00300FA0,14:002FA4C0,15:002E2F08,16:002DC960,17:002E07A8,18:002E82F0	
FUN_L00_002defe0	shared	104	703b1efd05d39327	19	00:002DEFE0,01:00307850,02:002E9C50,03:002DA318,04:002E1370,05:00314AB8,06:002EFC48,07:0030AB48,07:00318E30,08:00300D60,09:00300490,10:002D3C80,11:00308278,12:002FF440,13:00302020,14:002FB540,15:002E3F88,16:002DD9E0,17:002E1828,18:002E9370	
FUN_L00_002df048	shared	408	9adb1d75fb11d603	19	00:002DF048,01:003078B8,02:002E9CB8,03:002DA380,04:002E13D8,05:00314B20,06:002EFCB0,07:0030ABB0,08:00300DC8,09:003004F8,10:002D3CE8,11:003082E0,12:002FF4A8,13:00302088,14:002FB5A8,15:002E3FF0,16:002DDA48,17:002E1890,18:002E93D8	
FUN_L00_002df1e0	shared	500	8425f620f71ce58d	19	00:002DF1E0,01:00307A50,02:002E9E50,03:002DA518,04:002E1570,05:00314CB8,06:002EFE48,07:0030AD48,08:00300F60,09:00300690,10:002D3E80,11:00308478,12:002FF640,13:00302220,14:002FB740,15:002E4188,16:002DDBE0,17:002E1A28,18:002E9570	
FUN_L00_002df3d8	shared	208	7d6049409309ad41	4	00:002DF3D8,02:002EAAD8,05:003199C8,18:002EC9E0	
FUN_L00_002df4a8	shared	80	0ce261e327456abc	4	00:002DF4A8,02:002EABA8,05:00319A98,18:002ECAB0	
FUN_L00_002df4f8	shared	316	f20bd68dbfd22e90	4	00:002DF4F8,02:002EABF8,05:00319AE8,18:002ECB00	
FUN_0023a2c0	exe	84	5238e900a9dbddd6	19	00:002DF638,01:00309898,02:002EBBC0,03:002DE010,04:002E2DC0,05:0031AAE8,06:00306230,07:0031D1E8,08:00304F68,09:00303178,10:002DE768,11:0030C5B8,12:003019A8,13:00305548,14:00300AA0,15:002E55F8,16:002E0E80,17:002E5BF0,18:002EE838	ui/menus/fun_0023a2c0
FUN_0023a318	exe	156	5d3f9282f5029a66	19	00:002DF690,01:003098F0,02:002EBC18,03:002DE068,04:002E2E18,05:0031AB40,06:00306288,07:0031D240,08:00304FC0,09:003031D0,10:002DE7C0,11:0030C610,12:00301A00,13:003055A0,14:00300AF8,15:002E5650,16:002E0ED8,17:002E5C48,18:002EE890	gameplay/vendor/fun_0023a318
FUN_L00_002df730	shared	216	b7efda8c3b1592b3	19	00:002DF730,01:00309990,02:002EBCB8,03:002DE108,04:002E2EB8,05:0031ACF0,06:00306328,07:0031D790,08:00305060,09:00303270,10:002DF008,11:0030C6B0,12:00301AA0,13:00305640,14:00300B98,15:002E56F0,16:002E1088,17:002E5CE8,18:002EE930	
FUN_L00_002df808	shared	396	43c3e3eefce89af2	19	00:002DF808,01:00309A68,02:002EBD90,03:002DE1E0,04:002E32A0,05:0031ADC8,06:00306400,07:0031D868,08:00305868,09:00304AF0,10:002DF0E0,11:0030F418,12:00301B78,13:00305718,14:00300C70,15:002E57C8,16:002E1160,17:002E5DC0,18:002EEA08	
FUN_L00_002df9a0	shared	2064	4d63252ba7810ddb	19	00:002DF9A0,01:00309CD0,02:002ED8A8,03:002DE538,04:002E3430,05:0031AF58,06:00306590,07:0031DBC0,08:003059F8,09:003071B0,10:002E5EC0,11:003168C8,12:00301ED0,13:003068C8,14:00302958,15:002E74E0,16:002E12F0,17:002E77F0,18:002EEBA0	
FUN_L00_002e01b0	shared	300	0bd6a1d282e6b92a	19	00:002E01B0,01:0030A4E0,02:002EE0B8,03:002DED48,04:002E3C40,05:0031B768,06:00306DA0,07:0031E3D0,08:00306208,09:003079C0,10:002E66D0,11:003170D8,12:003026E0,13:003070D8,14:00303168,15:002E7CF0,16:002E1B00,17:002E8000,18:002EF3B0	
FUN_L00_002e02e0	shared	96	398d3f95a454b427	19	00:002E02E0,01:0030A610,02:002EE1E8,03:002DEE78,04:002E3D70,05:0031B898,06:00306ED0,07:0031E500,08:00306338,09:00307AF0,10:002E6800,11:00317208,12:00302810,13:00307208,14:00303298,15:002E7E20,16:002E1C30,17:002E8130,18:002EF4E0	
FUN_L00_002e0340	shared	88	254ca82d2caa0f9a	19	00:002E0340,01:0030A670,02:002EE248,03:002DEED8,04:002E3DD0,05:0031B8F8,06:00306F30,07:0031E560,08:00306398,09:00307B50,10:002E6860,11:00317268,12:00302870,13:00307268,14:003032F8,15:002E7E80,16:002E1C90,17:002E8190,18:002EF540	
FUN_L00_002e03a0	shared	776	66c0d0cee05fb1a9	19	00:002E03A0,01:0030A6D0,02:002EE2A8,03:002DEF38,04:002E3E30,05:0031B958,06:00306F90,07:0031E5C0,08:00306BA8,09:00308818,10:002E6F38,11:00318548,12:00307BC0,13:0030B040,14:003033F8,15:002E8328,16:002E1CF0,17:002E81F0,18:002EF5A0	
FUN_L00_002e0788	shared	512	febc2371f2577cac	19	00:002E0788,01:0030AAB8,02:002EE690,03:002DF320,04:002E4218,05:0031BD40,06:00307378,07:0031E9A8,08:00306F90,09:00308C00,10:002E7320,11:00318930,12:00307FA8,13:0030B428,14:003037E0,15:002E8710,16:002E20D8,17:002E85D8,18:002EF988	
FUN_L00_002e0988	level	508	23d9618cdfbb5848	1	00:002E0988	
FUN_L00_002e0b88	level	2800	e16bc942319f7a04	1	00:002E0B88	
FUN_L00_002e1678	level	1068	4ec806773dd29a8d	1	00:002E1678	
FUN_L00_002e1aa8	level	464	4f05b29b23d30bee	1	00:002E1AA8	
FUN_L00_002e1c78	level	376	f3581afa2ceb1a11	1	00:002E1C78	
FUN_L00_002e1df0	level	308	23259feb6d6b314a	1	00:002E1DF0	
FUN_L00_002e1f28	shared	276	c43d8c5642b9ca4b	3	00:002E1F28,14:00303B30,15:002E8A60	
FUN_L00_002e2040	shared	184	3f16e219e33cf969	3	00:002E2040,14:00303C48,15:002E8B78	
FUN_L00_002e20f8	shared	152	9c692c1ff0c495e3	3	00:002E20F8,14:00303D00,15:002E8C30	
FUN_L00_002e2190	shared	192	6d942ecd33561702	3	00:002E2190,14:00303D98,15:002E8CC8	
FUN_L00_002e2250	shared	2208	4dd85986611aafd3	3	00:002E2250,14:00303E58,15:002E8D88	
FUN_L00_002e2af0	shared	408	93a49a631a8edc06	3	00:002E2AF0,14:003046F8,15:002E9628	
FUN_L00_002e2c88	shared	1792	c4f64b3fb9950733	3	00:002E2C88,14:00304890,15:002E97C0	
FUN_L00_002e3388	shared	1140	94d8bd9ccac7bfd2	3	00:002E3388,14:00304F90,15:002E9EC0	
FUN_L00_002e3800	level	648	f0eeaf0f0d6dea6c	1	00:002E3800	
FUN_L00_002e3a88	shared	540	3529b4aba556165a	4	00:002E3A88,07:0031EDE0,10:002EADA8,18:002FA420	
FUN_L00_002e3ca8	shared	220	c9020666c55c29b9	4	00:002E3CA8,01:002FA720,02:002E0B00,08:002EBD38	
FUN_L00_002e3d88	shared	980	81250f768e768b91	19	00:002E3D88,01:0030CD18,02:002EF9F8,03:002E03E0,04:002E5440,05:0031D1F0,06:00309A30,07:0031F000,08:00309B18,09:00309830,10:002E9E18,11:0031B270,12:0030B7C8,13:0030C9E0,14:003083E8,15:002C6B30,16:002E72E0,17:002F2F18,18:002FA930	
FUN_L00_002e4168	shared	24	9f3e2df820e2f4e9	19	00:002E4168,01:0030F340,02:002F2068,03:002E2A50,04:002E7AB0,05:0031F7E8,06:0030C188,07:0031FAE8,08:0030BD08,09:0030BC98,10:002EC5A0,11:0031F518,12:0030C2E8,13:0030E668,14:0030AC68,15:002EE3A8,16:002EA388,17:002F6770,18:002FCD70	
FUN_L00_002e4180	shared	272	7f3c011e4f2a7331	19	00:002E4180,01:0030F358,02:002F2080,03:002E2A68,04:002E7AC8,05:0031F800,06:0030C1A0,07:0031FB00,08:0030BD20,09:0030BCB0,10:002EC5B8,11:0031F530,12:0030C300,13:0030E680,14:0030AC80,15:002EE3C0,16:002EA3A0,17:002F6788,18:002FCD88	
FUN_L00_002e4290	shared	44	d16e16c0dbf50cbc	19	00:002E4290,01:0030F468,02:002F2190,03:002E2B78,04:002E7BD8,05:0031F910,06:0030C2B0,07:0031FC10,08:0030BE30,09:0030BDC0,10:002EC6C8,11:0031F640,12:0030C410,13:0030E790,14:0030AD90,15:002EE4D0,16:002EA4B0,17:002F6898,18:002FCE98	
FUN_L00_002e42c0	shared	360	c5619436cadecd41	19	00:002E42C0,01:0030F498,02:002F21C0,03:002E2BA8,04:002E7C08,05:0031F940,06:0030C2E0,07:0031FC40,08:0030BE60,09:0030BDF0,10:002EC6F8,11:0031F670,12:0030C440,13:0030E7C0,14:0030ADC0,15:002EE500,16:002EA4E0,17:002F68C8,18:002FCEC8	
FUN_L00_002e4430	shared	324	2465511a6298302a	19	00:002E4430,01:0030F608,02:002F2330,03:002E2D18,04:002E7D78,05:0031FAB0,06:0030C450,07:0031FDB0,08:0030BFD0,09:0030BF60,10:002EC868,11:0031F7E0,12:0030C5B0,13:0030E930,14:0030AF30,15:002EE670,16:002EA650,17:002F6A38,18:002FD038	
FUN_L00_002e4580	shared	308	e4ba5f58ce9efd48	19	00:002E4580,01:0030F758,02:002F2480,03:002E2E68,04:002E7EC8,05:0031FC00,06:0030C5A0,07:0031FF00,08:0030C120,09:0030C0B0,10:002EC9B8,11:0031F930,12:0030C700,13:0030EA80,14:0030B080,15:002EE7C0,16:002EA7A0,17:002F6B88,18:002FD188	
FUN_L00_002e46b8	shared	484	3947ee4b3c9a41c7	19	00:002E46B8,01:0030F890,02:002F25B8,03:002E2FA0,04:002E8000,05:0031FD38,06:0030C6D8,07:00320038,08:0030C258,09:0030C1E8,10:002ECAF0,11:0031FA68,12:0030C838,13:0030EBB8,14:0030B1B8,15:002EE8F8,16:002EA8D8,17:002F6CC0,18:002FD2C0	
FUN_L00_002e48a0	shared	140	a092f176fae0fabe	19	00:002E48A0,01:0030FA78,02:002F27A0,03:002E3188,04:002E81E8,05:0031FF20,06:0030C8C0,07:00320220,08:0030C440,09:0030C3D0,10:002ECCD8,11:0031FC50,12:0030CA20,13:0030EDA0,14:0030B3A0,15:002EEAE0,16:002EAAC0,17:002F6EA8,18:002FD4A8	
FUN_L00_002e4930	shared	1720	4ac4d4355f730ba2	19	00:002E4930,01:0030FB08,02:002F2830,03:002E3218,04:002E8278,05:0031FFB0,06:0030C950,07:003202B0,08:0030C4D0,09:0030C460,10:002ECD68,11:0031FCE0,12:0030CAB0,13:0030EE30,14:0030B430,15:002EEB70,16:002EAB50,17:002F6F38,18:002FD538	
FUN_L00_002e4fe8	shared	1488	5d4b9acb4a1480d3	19	00:002E4FE8,01:003101C0,02:002F2EE8,03:002E38D0,04:002E8930,05:00320668,06:0030D008,07:00320968,08:0030CB88,09:0030CB18,10:002ED420,11:00320398,12:0030D168,13:0030F4E8,14:0030BAE8,15:002EF228,16:002EB208,17:002F75F0,18:002FDBF0	
FUN_L00_002e55b8	shared	188	5b6eade3e9a65a8a	19	00:002E55B8,01:00310790,02:002F34B8,03:002E3EA0,04:002E8F00,05:00320C38,06:0030D5D8,07:00320F38,08:0030D158,09:0030D0E8,10:002ED9F0,11:00320968,12:0030D738,13:0030FAB8,14:0030C0B8,15:002EF7F8,16:002EB7D8,17:002F7BC0,18:002FE1C0	
FUN_L00_002e5678	shared	184	0fd39844c11cf720	19	00:002E5678,01:00310850,02:002F3578,03:002E3F60,04:002E8FC0,05:00320CF8,06:0030D698,07:00320FF8,08:0030D218,09:0030D1A8,10:002EDAB0,11:00320A28,12:0030D7F8,13:0030FB78,14:0030C178,15:002EF8B8,16:002EB898,17:002F7C80,18:002FE280	
FUN_L00_002e5730	shared	252	02ad1588ade7dfad	19	00:002E5730,01:00310908,02:002F3630,03:002E4018,04:002E9078,05:00320DB0,06:0030D750,07:003210B0,08:0030D2D0,09:0030D260,10:002EDB68,11:00320AE0,12:0030D8B0,13:0030FC30,14:0030C230,15:002EF970,16:002EB950,17:002F7D38,18:002FE338	
FUN_L00_002e5830	shared	1532	60e80d8911f17d1b	19	00:002E5830,01:00310A08,02:002F3730,03:002E4118,04:002E9178,05:00320EB0,06:0030D850,07:003211B0,08:0030D3D0,09:0030D360,10:002EDC68,11:00320BE0,12:0030D9B0,13:0030FD30,14:0030C330,15:002EFA70,16:002EBA50,17:002F7E38,18:002FE438	
FUN_L00_002e5e38	shared	452	322fef6958ae1441	19	00:002E5E38,01:00311010,02:002F3D38,03:002E4720,04:002E9780,05:003214B8,06:0030DE58,07:003217B8,08:0030D9D8,09:0030D968,10:002EE270,11:003211E8,12:0030DFB8,13:00310338,14:0030C938,15:002F0078,16:002EC058,17:002F8440,18:002FEA40	
FUN_L00_002e6000	shared	1716	9386f21af416fe39	19	00:002E6000,01:003111D8,02:002F3F00,03:002E48E8,04:002E9948,05:00321680,06:0030E020,07:00321980,08:0030DBA0,09:0030DB30,10:002EE438,11:003213B0,12:0030E180,13:00310500,14:0030CB00,15:002F0240,16:002EC220,17:002F8608,18:002FEC08	
FUN_L00_002e66b8	shared	1344	c4bc875502baeba0	19	00:002E66B8,01:00311890,02:002F45B8,03:002E4FA0,04:002EA000,05:00321D38,06:0030E6D8,07:00322038,08:0030E258,09:0030E1E8,10:002EEAF0,11:00321A68,12:0030E838,13:00310BB8,14:0030D1B8,15:002F08F8,16:002EC8D8,17:002F8CC0,18:002FF2C0	
FUN_L00_002e6bf8	shared	360	b51b5e7dc44cede6	19	00:002E6BF8,01:00311DD0,02:002F4AF8,03:002E54E0,04:002EA540,05:00322278,06:0030EC18,07:00322578,08:0030E798,09:0030E728,10:002EF030,11:00321FA8,12:0030ED78,13:003110F8,14:0030D6F8,15:002F0E38,16:002ECE18,17:002F9200,18:002FF800	
FUN_L00_002e6d60	shared	980	3f83d111e5602790	19	00:002E6D60,01:00311F38,02:002F4C60,03:002E5648,04:002EA6A8,05:003223E0,06:0030ED80,07:003226E0,08:0030E900,09:0030E890,10:002EF198,11:00322110,12:0030EEE0,13:00311260,14:0030D860,15:002F0FA0,16:002ECF80,17:002F9368,18:002FF968	
FUN_L00_002e7138	shared	480	bc62eca58a1d2e94	19	00:002E7138,01:00312310,02:002F5038,03:002E5A20,04:002EAA80,05:003227B8,06:0030F158,07:00322AB8,08:0030ECD8,09:0030EC68,10:002EF570,11:003224E8,12:0030F2B8,13:00311638,14:0030DC38,15:002F1378,16:002ED358,17:002F9740,18:002FFD40	
FUN_L00_002e7318	shared	516	2ab5439cafd01ad9	19	00:002E7318,01:003124F0,02:002F5218,03:002E5C00,04:002EAC60,05:00322998,06:0030F338,07:00322C98,08:0030EEB8,09:0030EE48,10:002EF750,11:003226C8,12:0030F498,13:00311818,14:0030DE18,15:002F1558,16:002ED538,17:002F9920,18:002FFF20	
FUN_L00_002e7520	shared	16	2082eb5b53d263ef	19	00:002E7520,01:003126F8,02:002F5420,03:002E5E08,04:002EAE68,05:00322BA0,06:0030F540,07:00322EA0,08:0030F0C0,09:0030F050,10:002EF958,11:003228D0,12:0030F6A0,13:00311A20,14:0030E020,15:002F1760,16:002ED740,17:002F9B28,18:00300128	
FUN_L00_002e7530	shared	228	1d37685553dd10c7	19	00:002E7530,01:00312708,02:002F5430,03:002E5E18,04:002EAE78,05:00322BB0,06:0030F550,07:00322EB0,08:0030F0D0,09:0030F060,10:002EF968,11:003228E0,12:0030F6B0,13:00311A30,14:0030E030,15:002F1770,16:002ED750,17:002F9B38,18:00300138	
FUN_L00_002e7618	shared	940	1d927754a0be91d4	19	00:002E7618,01:003127F0,02:002F5518,03:002E5F00,04:002EAF60,05:00322C98,06:0030F638,07:00322F98,08:0030F1B8,09:0030F148,10:002EFA50,11:003229C8,12:0030F798,13:00311B18,14:0030E118,15:002F1858,16:002ED838,17:002F9C20,18:00300220	
FUN_L00_002e79c8	shared	100	dceb97e33abb3668	19	00:002E79C8,01:00312BA0,02:002F58C8,03:002E62B0,04:002EB310,05:00323048,06:0030F9E8,07:00323348,08:0030F568,09:0030F4F8,10:002EFE00,11:00322D78,12:0030FB48,13:00311EC8,14:0030E4C8,15:002F1C08,16:002EDBE8,17:002F9FD0,18:003005D0	
FUN_L00_002e7a30	shared	752	6ecfc0388ffb12a2	19	00:002E7A30,01:00312C08,02:002F5930,03:002E6318,04:002EB378,05:003230B0,06:0030FA50,07:003233B0,08:0030F5D0,09:0030F560,10:002EFE68,11:00322DE0,12:0030FBB0,13:00311F30,14:0030E530,15:002F1C70,16:002EDC50,17:002FA038,18:00300638	
FUN_L00_002e7d20	shared	1612	06b79997a648117f	19	00:002E7D20,01:00312EF8,02:002F5C20,03:002E6608,04:002EB668,05:003233A0,06:0030FD40,07:003236A0,08:0030F8C0,09:0030F850,10:002F0158,11:003230D0,12:0030FEA0,13:00312220,14:0030E820,15:002F1F60,16:002EDF40,17:002FA328,18:00300928	
FUN_L00_002e8378	shared	12	bcb588ddab5c17fb	19	00:002E8378,01:00313550,02:002F6278,03:002E6C60,04:002EBCC0,05:003239F8,06:00310398,07:00323CF8,08:0030FF18,09:0030FEA8,10:002F07B0,11:00323728,12:003104F8,13:00312878,14:0030EE78,15:002F25B8,16:002EE598,17:002FA980,18:00300F80	
FUN_L00_002e8388	shared	56	9ceac03585c91b9c	19	00:002E8388,01:00313560,02:002F6288,03:002E6C70,04:002EBCD0,05:00323A08,06:003103A8,07:00323D08,08:0030FF28,09:0030FEB8,10:002F07C0,11:00323738,12:00310508,13:00312888,14:0030EE88,15:002F25C8,16:002EE5A8,17:002FA990,18:00300F90	
FUN_L00_002e83c0	shared	144	40475cf4a00ab496	19	00:002E83C0,01:00313598,02:002F62C0,03:002E6CA8,04:002EBD08,05:00323A40,06:003103E0,07:00323D40,08:0030FF60,09:0030FEF0,10:002F07F8,11:00323770,12:00310540,13:003128C0,14:0030EEC0,15:002F2600,16:002EE5E0,17:002FA9C8,18:00300FC8	
FUN_L00_002e8450	shared	60	84b989ce74184a1d	19	00:002E8450,01:00313628,02:002F6350,03:002E6D38,04:002EBD98,05:00323AD0,06:00310470,07:00323DD0,08:0030FFF0,09:0030FF80,10:002F0888,11:00323800,12:003105D0,13:00312950,14:0030EF50,15:002F2690,16:002EE670,17:002FAA58,18:00301058	
FUN_L00_002e8490	shared	36	bae672ffb31af6c4	19	00:002E8490,00:002E8540,01:00313668,01:00313718,02:002F6390,02:002F6440,03:002E6D78,03:002E6E28,04:002EBDD8,04:002EBE88,05:00323B10,05:00323BC0,06:003104B0,06:00310560,07:00323EA0,08:003100C0,09:0030FFC0,09:00310070,10:002F08C8,10:002F0978,11:00323840,11:003238F0,12:00310610,12:003106C0,13:00312A20,14:0030EF90,14:0030F040,15:002F26D0,15:002F2780,16:002EE740,17:002FAA98,17:002FAB48,18:00301128	
FUN_L00_002e84b8	shared	52	225f254b42c498f2	19	00:002E84B8,01:00313690,02:002F63B8,03:002E6DA0,04:002EBE00,05:00323B38,06:003104D8,07:00323E18,08:00310038,09:0030FFE8,10:002F08F0,11:00323868,12:00310638,13:00312998,14:0030EFB8,15:002F26F8,16:002EE6B8,17:002FAAC0,18:003010A0	
FUN_L00_002e84f0	shared	68	0da035afda1fce28	19	00:002E84F0,01:003136C8,02:002F63F0,03:002E6DD8,04:002EBE38,05:00323B70,06:00310510,07:00323E50,08:00310070,09:00310020,10:002F0928,11:003238A0,12:00310670,13:003129D0,14:0030EFF0,15:002F2730,16:002EE6F0,17:002FAAF8,18:003010D8	
FUN_L00_002e8534	shared	12	a67809b03cdc5a4d	19	00:002E8534,01:0031370C,02:002F6434,03:002E6E1C,04:002EBE7C,05:00323BB4,06:00310554,07:00323E94,08:003100B4,09:00310064,10:002F096C,11:003238E4,12:003106B4,13:00312A14,14:0030F034,15:002F2774,16:002EE734,17:002FAB3C,18:0030111C	
FUN_L00_002e8568	shared	36	e7668ef59c888349	19	00:002E8568,01:00313740,02:002F6468,03:002E6E50,04:002EBEB0,05:00323BE8,06:00310588,07:00323EC8,08:003100E8,09:00310098,10:002F09A0,11:00323918,12:003106E8,13:00312A48,14:0030F068,15:002F27A8,16:002EE768,17:002FAB70,18:00301150	
FUN_L00_002e8590	shared	72	dc63639156dcc8fd	19	00:002E8590,00:002E85D8,01:00313768,01:003137B0,02:002F6490,02:002F64D8,03:002E6E78,03:002E6EC0,04:002EBED8,04:002EBF20,05:00323C10,05:00323C58,06:003105B0,06:003105F8,07:00323EF0,07:00323F38,08:00310110,08:00310158,09:003100C0,09:00310108,10:002F09C8,10:002F0A10,11:00323940,11:00323988,12:00310710,12:00310758,13:00312A70,14:0030F090,14:0030F0D8,15:002F27D0,15:002F2818,16:002EE790,17:002FAB98,17:002FABE0,18:00301178,18:003011C0	
FUN_L00_002e8620	shared	40	b743b9b853890505	19	00:002E8620,01:003137F8,02:002F6520,03:002E6F08,04:002EBF68,05:00323CA0,06:00310640,07:00323F80,08:003101A0,09:00310150,10:002F0A58,11:003239D0,12:003107A0,13:00312AB8,14:0030F120,15:002F2860,16:002EE7D8,17:002FAC28,18:00301208	
FUN_L00_002e8648	shared	40	31c52c3d769a57e9	19	00:002E8648,01:00313820,02:002F6548,03:002E6F30,04:002EBF90,05:00323CC8,06:00310668,07:00323FA8,08:003101C8,09:00310178,10:002F0A80,11:003239F8,12:003107C8,13:00312AE0,14:0030F148,15:002F2888,16:002EE800,17:002FAC50,18:00301230	
FUN_L00_002e8680	shared	48	fab7aa6f6f7a41c3	14	00:002E8680,01:00313858,02:002F6600,03:002E6FE8,04:002EBFC8,05:00323D00,06:00310720,09:003101B0,10:002F0AB8,11:00323A30,12:00310880,14:0030F180,15:002F2920,17:002FAC88	
FUN_L00_002e86b0	shared	532	5ec4b59b6142d6fe	19	00:002E86B0,01:00313888,02:002F6630,03:002E7018,04:002EBFF8,05:00323D30,06:00310750,07:00324060,08:00310280,09:003101E0,10:002F0AE8,11:00323A60,12:003108B0,13:00312B18,14:0030F1B0,15:002F2950,16:002EE838,17:002FACB8,18:003012E8	
FUN_L00_002e88c8	shared	76	c01ff2c8b5bcda39	19	00:002E88C8,01:00313AA0,02:002F6848,03:002E7230,04:002EC210,05:00323F48,06:00310968,07:00324278,08:00310498,09:003103F8,10:002F0D00,11:00323C78,12:00310AC8,13:00312D30,14:0030F3C8,15:002F2B68,16:002EEA50,17:002FAED0,18:00301500	
FUN_L00_002e8918	shared	84	99d3bb51e73db6c8	19	00:002E8918,01:00313AF0,02:002F6898,03:002E7280,04:002EC260,05:00323F98,06:003109B8,07:003242C8,08:003104E8,09:00310448,10:002F0D50,11:00323CC8,12:00310B18,13:00312D80,14:0030F418,15:002F2BB8,16:002EEAA0,17:002FAF20,18:00301550	
FUN_L00_002e8970	shared	60	d7cd2f0008ee8b91	19	00:002E8970,01:00313B48,02:002F68F0,03:002E72D8,04:002EC2B8,05:00323FF0,06:00310A10,07:00324320,08:00310540,09:003104A0,10:002F0DA8,11:00323D20,12:00310B70,13:00312DD8,14:0030F470,15:002F2C10,16:002EEAF8,17:002FAF78,18:003015A8	
FUN_L00_002e89b0	shared	516	64152ba015d472db	19	00:002E89B0,01:00313B88,02:002F6930,03:002E7318,04:002EC2F8,05:00324030,06:00310A50,07:00324360,08:00310580,09:003104E0,10:002F0DE8,11:00323D60,12:00310BB0,13:00312E18,14:0030F4B0,15:002F2C50,16:002EEB38,17:002FAFB8,18:003015E8	
FUN_L00_002e8bb8	shared	904	d1cbd21048a97a61	19	00:002E8BB8,01:00313D90,02:002F6B38,03:002E7520,04:002EC500,05:00324238,06:00310C58,07:00324568,08:00310788,09:003106E8,10:002F0FF0,11:00323F68,12:00310DB8,13:00313020,14:0030F6B8,15:002F2E58,16:002EED40,17:002FB1C0,18:003017F0	
FUN_L00_002e8f40	shared	204	511cf50977c48b83	19	00:002E8F40,01:00314118,02:002F6EC0,03:002E78A8,04:002EC888,05:003245C0,06:00310FE0,07:003248F0,08:00310B10,09:00310A70,10:002F1378,11:003242F0,12:00311140,13:003133A8,14:0030FA40,15:002F31E0,16:002EF0C8,17:002FB548,18:00301B78	
FUN_L00_002e9010	shared	1288	03154233672cec59	19	00:002E9010,01:003141E8,02:002F6F90,03:002E7978,04:002EC958,05:00324690,06:003110B0,07:003249C0,08:00310BE0,09:00310B40,10:002F1448,11:003243C0,12:00311210,13:00313478,14:0030FB10,15:002F32B0,16:002EF198,17:002FB618,18:00301C48	
FUN_L00_002e9518	shared	520	2d3f864e372f26bb	19	00:002E9518,01:003146F0,02:002F7498,03:002E7E80,04:002ECE60,05:00324B98,06:003115B8,07:00324EC8,08:003110E8,09:00311048,10:002F1950,11:003248C8,12:00311718,13:00313980,14:00310018,15:002F37B8,16:002EF6A0,17:002FBB20,18:00302150	
FUN_L00_002e9720	shared	892	0834778b4fad9cbe	19	00:002E9720,01:003148F8,02:002F76A0,03:002E8088,04:002ED068,05:00324DA0,06:003117C0,07:003250D0,08:003112F0,09:00311250,10:002F1B58,11:00324AD0,12:00311920,13:00313B88,14:00310220,15:002F39C0,16:002EF8A8,17:002FBD28,18:00302358	
FUN_L00_002e9aa0	shared	272	617d4417e3985256	19	00:002E9AA0,01:00314C78,02:002F7A20,03:002E8408,04:002ED3E8,05:00325120,06:00311B40,07:00325450,08:00311670,09:003115D0,10:002F1ED8,11:00324E50,12:00311CA0,13:00313F08,14:003105A0,15:002F3D40,16:002EFC28,17:002FC0A8,18:003026D8	
FUN_L00_002e9bb0	shared	108	f7d268328fdfb153	19	00:002E9BB0,01:00314D88,02:002F7B30,03:002E8518,04:002ED4F8,05:00325230,06:00311C50,07:00325560,08:00311780,09:003116E0,10:002F1FE8,11:00324F60,12:00311DB0,13:00314018,14:003106B0,15:002F3E50,16:002EFD38,17:002FC1B8,18:003027E8	
FUN_L00_002e9c28	shared	140	24e149a20b3806c6	19	00:002E9C28,01:00314E00,02:002F7BA8,03:002E8590,04:002ED570,05:003252A8,06:00311CC8,07:003255D8,08:003117F8,09:00311758,10:002F2060,11:00324FD8,12:00311E28,13:00314090,14:00310728,15:002F3EC8,16:002EFDB0,17:002FC230,18:00302860	
FUN_L00_002e9cc0	shared	268	276f5863c8f6197a	19	00:002E9CC0,01:003160B8,02:002F7C40,03:002E89E8,04:002ED9C8,05:00326560,06:00311D60,07:00325670,08:00312AB0,09:003117F0,10:002F20F8,11:00325070,12:00311EC0,13:00314128,14:003107C0,15:002F3F60,16:002F1068,17:002FD4E8,18:003028F8	
FUN_L00_002e9dd0	shared	288	5b239e13cb42c580	19	00:002E9DD0,01:003161C8,02:002F7D50,03:002E8AF8,04:002EDAD8,05:00326670,06:00311E70,07:00325780,08:00312BC0,09:00311900,10:002F2208,11:00325180,12:00311FD0,13:00314238,14:003108D0,15:002F4070,16:002F1178,17:002FD5F8,18:00302A08	
FUN_L00_002e9ef0	shared	72	f1f16cf10469887b	19	00:002E9EF0,01:003162E8,02:002F7E70,03:002E8C18,04:002EDBF8,05:00326790,06:00311F90,07:003258A0,08:00312CE0,09:00311A20,10:002F2328,11:003252A0,12:003120F0,13:00314358,14:003109F0,15:002F4190,16:002F1298,17:002FD718,18:00302B28	
FUN_L00_002e9f38	shared	1356	14893a7539467198	19	00:002E9F38,01:00316330,02:002F7EB8,03:002E8C60,04:002EDC40,05:003267D8,06:00311FD8,07:003258E8,08:00312D28,09:00311A68,10:002F2370,11:003252E8,12:00312138,13:003143A0,14:00310A38,15:002F41D8,16:002F12E0,17:002FD760,18:00302B70	
FUN_L00_002ea488	shared	788	593ee616be3ab876	19	00:002EA488,01:00316880,02:002F8408,03:002E91B0,04:002EE190,05:00326D28,06:00312528,07:00325E38,08:00313278,09:00311FB8,10:002F28C0,11:00325838,12:00312688,13:003148F0,14:00310F88,15:002F4728,16:002F1830,17:002FDCB0,18:003030C0	
FUN_L00_002ea7a0	shared	112	94fd0204bf1f6185	19	00:002EA7A0,01:00316B98,02:002F8720,03:002E94C8,04:002EE4A8,05:00327040,06:00312840,07:00326150,08:00313590,09:003122D0,10:002F2BD8,11:00325B50,12:003129A0,13:00314C08,14:003112A0,15:002F4A40,16:002F1B48,17:002FDFC8,18:003033D8	
FUN_L00_002ea810	shared	456	893488e087699050	19	00:002EA810,01:00316C08,02:002F8790,03:002E9538,04:002EE518,05:003270B0,06:003128B0,07:003261C0,08:00313600,09:00312340,10:002F2C48,11:00325BC0,12:00312A10,13:00314C78,14:00311310,15:002F4AB0,16:002F1BB8,17:002FE038,18:00303448	
FUN_L00_002ea9d8	shared	88	5cd9e0f4316de140	19	00:002EA9D8,00:002EAA30,01:00316DD0,01:00316E28,02:002F8958,02:002F89B0,03:002E9700,03:002E9758,04:002EE6E0,04:002EE738,05:00327278,05:003272D0,06:00312A78,06:00312AD0,07:00326388,07:003263E0,08:003137C8,08:00313820,09:00312508,09:00312560,10:002F2E10,10:002F2E68,11:00325D88,11:00325DE0,12:00312BD8,12:00312C30,13:00314E40,13:00314E98,14:003114D8,14:00311530,15:002F4C78,15:002F4CD0,16:002F1D80,16:002F1DD8,17:002FE200,17:002FE258,18:00303610,18:00303668	
FUN_L00_002eaaa0	shared	372	e946b0476da12fc3	19	00:002EAAA0,01:00316EF8,02:002F8AD0,03:002E97C8,04:002EE808,05:00327340,06:00312B70,07:00326450,08:003138F0,09:003125D0,10:002F2ED8,11:00325E50,12:00312CA0,13:00314F08,14:003115A0,15:002F4D40,16:002F1E48,17:002FE2F8,18:003036D8	
FUN_L00_002eac18	shared	316	048e7ff1d4939d08	19	00:002EAC18,01:00317070,02:002F8C48,03:002E9940,04:002EE980,05:003274B8,06:00312CE8,07:003265C8,08:00313A68,09:00312748,10:002F3050,11:00325FC8,12:00312E18,13:00315080,14:00311718,15:002F4EB8,16:002F1FC0,17:002FE470,18:00303850	
FUN_L00_002ead60	shared	192	afa6745c1b49a60b	19	00:002EAD60,01:003171B8,02:002F8D90,03:002E9A88,04:002EEAC8,05:00327600,06:00312E30,07:00326710,08:00313BC0,09:003128A0,10:002F3198,11:00326110,12:00312F70,13:003151C8,14:00311860,15:002F5000,16:002F2108,17:002FE5B8,18:00303998	
FUN_L00_002eae20	shared	1004	e77619649d196b63	19	00:002EAE20,01:00317278,02:002F8E50,03:002E9B48,04:002EEB88,05:003276C0,06:00312EF0,07:003267D0,08:00313C80,09:00312960,10:002F3258,11:003261D0,12:00313030,13:00315288,14:00311920,15:002F50C0,16:002F21C8,17:002FE678,18:00303A58	
FUN_L00_002eb218	shared	84	ad0abb3d0b714bba	19	00:002EB218,01:00317670,02:002F9248,03:002E9F40,04:002EEF80,05:00327AB8,06:003132E8,07:00326BC8,08:00314078,09:00312D58,10:002F3650,11:003265C8,12:00313428,13:00315680,14:00311D18,15:002F54B8,16:002F25C0,17:002FEA70,18:00303E50	
FUN_L00_002eb278	shared	168	de5363299f24b70e	19	00:002EB278,01:003176D0,02:002F92A8,03:002E9FA0,04:002EEFE0,05:00327B18,06:00313348,07:00326C28,08:003140D8,09:00312DB8,10:002F36B0,11:00326628,12:00313488,13:003156E0,14:00311D78,15:002F5518,16:002F2620,17:002FEAD0,18:00303EB0	
FUN_L00_002eb320	shared	144	07faf4034dc20a6d	19	00:002EB320,01:00317778,02:002F9350,03:002EA048,04:002EF088,05:00327BC0,06:003133F0,07:00326CD0,08:00314180,09:00312E60,10:002F3758,11:003266D0,12:00313530,13:00315788,14:00311E20,15:002F55C0,16:002F26C8,17:002FEB78,18:00303F58	
FUN_L00_002eb3b0	shared	204	2944d0ada449b7f4	19	00:002EB3B0,01:00317808,02:002F93E0,03:002EA0D8,04:002EF118,05:00327C50,06:00313480,07:00326D60,08:00314210,09:00312EF0,10:002F37E8,11:00326760,12:003135C0,13:00315818,14:00311EB0,15:002F5650,16:002F2758,17:002FEC08,18:00303FE8	
FUN_L00_002eb480	shared	452	88ce860e26a43ae2	19	00:002EB480,01:003178D8,02:002F94B0,03:002EA1A8,04:002EF1E8,05:00327D20,06:00313550,07:00326E30,08:003142E0,09:00312FC0,10:002F38B8,11:00326830,12:00313690,13:003158E8,14:00311F80,15:002F5720,16:002F2828,17:002FECD8,18:003040B8	
FUN_L00_002eb648	shared	740	fd85a09e6f0409d0	19	00:002EB648,01:00317AA0,02:002F9678,03:002EA370,04:002EF3B0,05:00327EE8,06:00313718,07:00326FF8,08:003144A8,09:00313188,10:002F3A80,11:003269F8,12:00313858,13:00315AB0,14:00312148,15:002F58E8,16:002F29F0,17:002FEEA0,18:00304280	
FUN_L00_002eb930	shared	228	2464b4b07faf9927	19	00:002EB930,01:00317D88,02:002F9960,03:002EA658,04:002EF698,05:003281D0,06:00313A00,07:003272E0,08:00314790,09:00313470,10:002F3D68,11:00326CE0,12:00313B40,13:00315D98,14:00312430,15:002F5BD0,16:002F2CD8,17:002FF188,18:00304568	
FUN_L00_002eba18	shared	220	253dddc5016ec2ff	19	00:002EBA18,01:00317E70,02:002F9A48,03:002EA740,04:002EF780,05:003282B8,06:00313AE8,07:003273C8,08:00314878,09:00313558,10:002F3E50,11:00326DC8,12:00313C28,13:00315E80,14:00312518,15:002F5CB8,16:002F2DC0,17:002FF270,18:00304650	
FUN_L00_002ebb00	shared	176	87a36cede9f39026	19	00:002EBB00,01:00317F58,02:002F9B30,03:002EA828,04:002EF868,05:003283A0,06:00313BD0,07:003274B0,08:00314960,09:00313640,10:002F3F38,11:00326EB0,12:00313D10,13:00315F68,14:00312600,15:002F5DA0,16:002F2EA8,17:002FF358,18:00304738	
FUN_L00_002ebbd8	shared	664	4c6940c6124c929f	19	00:002EBBD8,01:00318030,02:002F9C08,03:002EA900,04:002EF940,05:00328478,06:00313CA8,07:00327588,08:00314A38,09:00313718,10:002F4010,11:00326F88,12:00313DE8,13:00316040,14:003126D8,15:002F5E78,16:002F2F80,17:002FF430,18:00304810	
FUN_L00_002ebe70	shared	1588	ad79fc9c819a01e1	19	00:002EBE70,01:003182C8,02:002F9EA0,03:002EAB98,04:002EFBD8,05:00328710,06:00313F40,07:00327820,08:00314CD0,09:003139B0,10:002F42A8,11:00327220,12:00314080,13:003162D8,14:00312970,15:002F6110,16:002F3218,17:002FF6C8,18:00304AA8	
FUN_L00_002ec4a8	shared	460	8edf392b17311996	19	00:002EC4A8,01:00318900,02:002FA4D8,03:002EB1D0,04:002F0210,05:00328D48,06:00314578,07:00327E58,08:00315308,09:00313FE8,10:002F48E0,11:00327858,12:003146B8,13:00316910,14:00312FA8,15:002F6748,16:002F3850,17:002FFD00,18:003050E0	
FUN_L00_002ec6c0	shared	236	6b9d1f61d6049a0a	19	00:002EC6C0,01:00318B18,02:002FA9C0,03:002EB6B8,04:002F06F8,05:00329230,06:00314A60,07:00328340,08:00315520,09:003144D0,10:002F4DC8,11:00327D40,12:00314BA0,13:00316DF8,14:00313490,15:002F6C30,16:002F3D38,17:003001E8,18:003055C8	
FUN_L00_002ec7b0	shared	52	5ed826254e258222	19	00:002EC7B0,01:00318C08,02:002FAAB0,03:002EB7A8,04:002F07E8,05:00329320,06:00314B50,07:00328430,08:00315610,09:003145C0,10:002F4EB8,11:00327E30,12:00314C90,13:00316EE8,14:00313580,15:002F6D20,16:002F3E28,17:003002D8,18:003056B8	
FUN_L00_002ec7e8	shared	416	fc0f7b0db57d41d6	14	00:002EC7E8,01:00318C40,02:002FAAE8,03:002EBE48,04:002F0820,05:0032A790,06:00314B88,09:003145F8,10:002F4EF0,11:00327E68,12:00314CC8,14:00313608,15:002F6D58,17:00300310	
FUN_L00_002ec988	shared	2216	85e24a1494d75690	14	00:002EC988,01:00318DE0,02:002FAC88,03:002EBFE8,04:002F09C0,05:0032A930,06:00314D28,09:00314798,10:002F5090,11:00328008,12:00314E68,14:003137A8,15:002F6EF8,17:003004B0	
FUN_L00_002ed230	shared	256	f0ff92e641163f21	14	00:002ED230,01:00319688,02:002FB530,03:002EC890,04:002F1268,05:0032B1D8,06:003155D0,09:00315040,10:002F5938,11:003288B0,12:00315710,14:00314050,15:002F77A0,17:00300D58	
FUN_L00_002ed348	shared	332	3a70ba68f09847a0	11	00:002ED348,04:002F1380,06:003163E8,07:00329138,08:00316318,09:00315158,10:002F66C8,13:00317BD0,15:002F8C28,16:002F5298,18:003063F0	
FUN_L00_002ed498	shared	1044	1a0bc8bf3fdff848	11	00:002ED498,04:002F14D0,06:00316538,07:00329288,08:00316468,09:003152A8,10:002F6818,13:00317D20,15:002F8D78,16:002F53E8,18:00306540	
FUN_L00_002ed8b0	shared	132	918e4323d770d6a5	11	00:002ED8B0,04:002F18E8,06:00316950,07:003296A0,08:00316880,09:003156C0,10:002F6C30,13:00318138,15:002F9190,16:002F5800,18:00306958	
FUN_L00_002ed950	shared	388	0fa16f07814d2a39	13	00:002ED950,01:003197A0,02:002FC318,03:002ED678,05:0032B2F0,08:00316920,09:00315760,10:002F6CD0,11:003289C8,12:003164F8,13:003181D8,14:00316808,18:003069F8	
FUN_L00_002edad8	shared	592	d2a5856b4a0d57db	5	00:002EDAD8,01:00319CC8,02:002FC4A0,05:0032B818,18:00306B80	
FUN_0023a3b8	exe	168	16a52e6fad006306	19	00:002EDD28,01:0031A260,02:002FC988,03:002EDA98,04:002F1AC0,05:0032BDB0,06:003169F0,07:003299D8,08:00317368,09:00315DE8,10:002F6FB8,11:00328FA0,12:00316D68,13:00318700,14:00317250,15:002F9440,16:002F5ED8,17:00300F20,18:00307118	video/decoder/fun_0023a3b8
FUN_0023a460	exe	784	065445d33a69ddd6	19	00:002EDDD0,01:0031A308,02:002FCA30,03:002EDB40,04:002F1B68,05:0032BE58,06:00316A98,07:00329A80,08:00317410,09:00315E90,10:002F7060,11:00329048,12:00316E10,13:003187A8,14:003172F8,15:002F94E8,16:002F5F80,17:00300FC8,18:003071C0	assembly/textbin/video/decoder/read_mpeg
FUN_0023a770	exe	28	ef008066732038a8	19	00:002EE0E0,01:0031A618,02:002FCD40,03:002EDE50,04:002F1E78,05:0032C168,06:00316DA8,07:00329D90,08:00317720,09:003161A0,10:002F7370,11:00329358,12:00317120,13:00318AB8,14:00317608,15:002F97F8,16:002F6290,17:003012D8,18:003074D0	runtime/threads/switch_thread
FUN_0023a790	exe	44	c79113673ed46ba3	19	00:002EE100,00:002EE510,01:0031A638,01:0031AA48,02:002FCD60,02:002FD170,03:002EDE70,03:002EE280,04:002F1E98,04:002F22A8,05:0032C188,05:0032C598,06:00316DC8,06:003171D8,07:00329DB0,07:0032A1C0,08:00317740,08:00317B50,09:003161C0,09:003165D0,10:002F7390,10:002F77A0,11:00329378,11:00329788,12:00317140,12:00317550,13:00318AD8,13:00318EE8,14:00317628,14:00317A38,15:002F9818,15:002F9C28,16:002F62B0,16:002F66C0,17:003012F8,17:00301708,18:003074F0,18:00307900	audio/decoder/is_audio_ok
FUN_0023a7c0	exe	676	be04ebd34b7ba26b	19	00:002EE130,01:0031A668,02:002FCD90,03:002EDEA0,04:002F1EC8,05:0032C1B8,06:00316DF8,07:00329DE0,08:00317770,09:003161F0,10:002F73C0,11:003293A8,12:00317170,13:00318B08,14:00317658,15:002F9848,16:002F62E0,17:00301328,18:00307520	assembly/textbin/audio/decoder/initialize_audio_system
FUN_0023aa68	exe	268	6d9e6e92257a41d1	19	00:002EE3D8,01:0031A910,02:002FD038,03:002EE148,04:002F2170,05:0032C460,06:003170A0,07:0032A088,08:00317A18,09:00316498,10:002F7668,11:00329650,12:00317418,13:00318DB0,14:00317900,15:002F9AF0,16:002F6588,17:003015D0,18:003077C8	audio/decoder/terminate_audio_system
FUN_0023ab78	exe	36	f64271ebe3ee1234	19	00:002EE4E8,01:002F6128,01:0031AA20,02:002FD148,03:002EE258,04:002F2280,05:0032C570,06:003171B0,07:0032A198,08:00317B28,09:003165A8,10:002F7778,11:00329760,12:00317528,13:00318EC0,14:00317A10,15:002F9C00,16:002F6698,17:003016E0,18:003078D8	audio/decoder/log_audio_error
FUN_0023abd0	exe	188	99ef3e4c574fe024	19	00:002EE540,01:0031AA78,02:002FD1A0,03:002EE2B0,04:002F22D8,05:0032C5C8,06:00317208,07:0032A1F0,08:00317B80,09:00316600,10:002F77D0,11:003297B8,12:00317580,13:00318F18,14:00317A68,15:002F9C58,16:002F66F0,17:00301738,18:00307930	audio/decoder/audio_dec_create
FUN_0023ac90	exe	32	fb5fcc065212ff0b	19	00:002EE600,00:002F0540,01:0031AB38,01:0031CA78,02:002FD260,02:002FF1A0,03:002EE370,03:002F02B0,04:002F2398,04:002F42D8,05:0032C688,05:0032E5C8,06:003172C8,06:00319208,07:0032A2B0,07:0032C1F0,08:00317C40,08:00319B80,09:003166C0,09:00318600,10:002F7890,10:002F97D0,11:00329878,11:0032B7B8,12:00317640,12:00319580,13:00318FD8,13:0031AF18,14:00317B28,14:00319A68,15:002F9D18,15:002FBC58,16:002F67B0,16:002F86F0,17:003017F8,17:00303738,18:003079F0,18:00309930	audio/decoder/audio_dec_delete
FUN_0023acb8	exe	88	397947e0630858eb	19	00:002EE628,01:0031AB60,02:002FD288,03:002EE398,04:002F23C0,05:0032C6B0,06:003172F0,07:0032A2D8,08:00317C68,09:003166E8,10:002F78B8,11:003298A0,12:00317668,13:00319000,14:00317B50,15:002F9D40,16:002F67D8,17:00301820,18:00307A18	audio/decoder/audio_dec_start
FUN_0023ad10	exe	68	167deaa156005514	19	00:002EE680,01:0031ABB8,02:002FD2E0,03:002EE3F0,04:002F2418,05:0032C708,06:00317348,07:0032A330,08:00317CC0,09:00316740,10:002F7910,11:003298F8,12:003176C0,13:00319058,14:00317BA8,15:002F9D98,16:002F6830,17:00301878,18:00307A70	audio/decoder/audio_dec_reset
FUN_0023ad58	exe	208	c5f0cee8b4352dcb	19	00:002EE6C8,01:0031AC00,02:002FD328,03:002EE438,04:002F2460,05:0032C750,06:00317390,07:0032A378,08:00317D08,09:00316788,10:002F7958,11:00329940,12:00317708,13:003190A0,14:00317BF0,15:002F9DE0,16:002F6878,17:003018C0,18:00307AB8	audio/decoder/audio_dec_begin_put
FUN_0023ae28	exe	180	d45060b45e09a686	19	00:002EE798,01:0031ACD0,02:002FD3F8,03:002EE508,04:002F2530,05:0032C820,06:00317460,07:0032A448,08:00317DD8,09:00316858,10:002F7A28,11:00329A10,12:003177D8,13:00319170,14:00317CC0,15:002F9EB0,16:002F6948,17:00301990,18:00307B88	audio/decoder/audio_dec_end_put
FUN_0023aee0	exe	16	4c57525b762e7eef	19	00:002EE850,01:0031AD88,02:002FD4B0,03:002EE5C0,04:002F25E8,05:0032C8D8,06:00317518,07:0032A500,08:00317E90,09:00316910,10:002F7AE0,11:00329AC8,12:00317890,13:00319228,14:00317D78,15:002F9F68,16:002F6A00,17:00301A48,18:00307C40	runtime/state/is_state_field_large
FUN_0023aef0	exe	36	058f3f0aa5a8337d	19	00:002EE860,01:0031AD98,02:002FD4C0,03:002EE5D0,04:002F25F8,05:0032C8E8,06:00317528,07:0032A510,08:00317EA0,09:00316920,10:002F7AF0,11:00329AD8,12:003178A0,13:00319238,14:00317D88,15:002F9F78,16:002F6A10,17:00301A58,18:00307C50	audio/decoder/audio_dec_send
FUN_0023af18	exe	168	63f235731aa1ca94	19	00:002EE888,01:0031ADC0,02:002FD4E8,03:002EE5F8,04:002F2620,05:0032C910,06:00317550,07:0032A538,08:00317EC8,09:00316948,10:002F7B18,11:00329B00,12:003178C8,13:00319260,14:00317DB0,15:002F9FA0,16:002F6A38,17:00301A80,18:00307C78	audio/decoder/send_to_spu
FUN_0023afc0	exe	588	dd1a8b6dd8b836cb	19	00:002EE930,01:0031AE68,02:002FD590,03:002EE6A0,04:002F26C8,05:0032C9B8,06:003175F8,07:0032A5E0,08:00317F70,09:003169F0,10:002F7BC0,11:00329BA8,12:00317970,13:00319308,14:00317E58,15:002FA048,16:002F6AE0,17:00301B28,18:00307D20	audio/decoder/send_adpcm
FUN_0023b210	exe	452	48f84afef25e52f2	19	00:002EEB80,01:0031B0B8,02:002FD7E0,03:002EE8F0,04:002F2918,05:0032CC08,06:00317848,07:0032A830,08:003181C0,09:00316C40,10:002F7E10,11:00329DF8,12:00317BC0,13:00319558,14:003180A8,15:002FA298,16:002F6D30,17:00301D78,18:00307F70	video/decoder/build_image_transfer_tag
FUN_0023b3d8	exe	360	837f76f46e663e6b	19	00:002EED48,01:0031B280,02:002FD9A8,03:002EEAB8,04:002F2AE0,05:0032CDD0,06:00317A10,07:0032A9F8,08:00318388,09:00316E08,10:002F7FD8,11:00329FC0,12:00317D88,13:00319720,14:00318270,15:002FA460,16:002F6EF8,17:00301F40,18:00308138	assembly/textbin/vblank_handler
FUN_0023b540	exe	76	ce9bd461074f6031	19	00:002EEEB0,01:0031B3E8,02:002FDB10,03:002EEC20,04:002F2C48,05:0032CF38,06:00317B78,07:0032AB60,08:003184F0,09:00316F70,10:002F8140,11:0032A128,12:00317EF0,13:00319888,14:003183D8,15:002FA5C8,16:002F7060,17:003020A8,18:003082A0	video/decoder/callbacks/handle_end_image
FUN_0023b590	exe	76	2c4ff205c6c44a0e	19	00:002EEF00,01:0031B438,02:002FDB60,03:002EEC70,04:002F2C98,05:0032CF88,06:00317BC8,07:0032ABB0,08:00318540,09:00316FC0,10:002F8190,11:0032A178,12:00317F40,13:003198D8,14:00318428,15:002FA618,16:002F70B0,17:003020F8,18:003082F0	video/display/wait_for_display_vsync
FUN_0023b5e0	exe	16	d1c9e69b8db05bfa	19	00:002EEF50,01:0031B488,02:002FDBB0,03:002EECC0,04:002F2CE8,05:0032CFD8,06:00317C18,07:0032AC00,08:00318590,09:00317010,10:002F81E0,11:0032A1C8,12:00317F90,13:00319928,14:00318478,15:002FA668,16:002F7100,17:00302148,18:00308340	gameplay/state/clear_stage_state_flag
FUN_0023b5f0	exe	312	eb7e1793786a0ed0	19	00:002EEF60,01:0031B498,02:002FDBC0,03:002EECD0,04:002F2CF8,05:0032CFE8,06:00317C28,07:0032AC10,08:003185A0,09:00317020,10:002F81F0,11:0032A1D8,12:00317FA0,13:00319938,14:00318488,15:002FA678,16:002F7110,17:00302158,18:00308350	video/decoder/callbacks/video_callback
FUN_0023b728	exe	228	c7f09dc4269ced41	19	00:002EF098,01:0031B5D0,02:002FDCF8,03:002EEE08,04:002F2E30,05:0032D120,06:00317D60,07:0032AD48,08:003186D8,09:00317158,10:002F8328,11:0032A310,12:003180D8,13:00319A70,14:003185C0,15:002FA7B0,16:002F7248,17:00302290,18:00308488	audio/decoder/callbacks/pcm_callback
FUN_0023b810	exe	304	c6588234b2441c9b	19	00:002EF180,01:0031B6B8,02:002FDDE0,03:002EEEF0,04:002F2F18,05:0032D208,06:00317E48,07:0032AE30,08:003187C0,09:00317240,10:002F8410,11:0032A3F8,12:003181C0,13:00319B58,14:003186A8,15:002FA898,16:002F7330,17:00302378,18:00308570	video/decoder/buffers/copy_video_buffer_region
FUN_0023b940	exe	24	d9a6e708dda94244	19	00:002EF2B0,01:0031B7E8,02:002FDF10,03:002EF020,04:002F3048,05:0032D338,06:00317F78,07:0032AF60,08:003188F0,09:00317370,10:002F8540,11:0032A528,12:003182F0,13:00319C88,14:003187D8,15:002FA9C8,16:002F7460,17:003024A8,18:003086A0	runtime/buffers/read_buf_create
FUN_0023b960	exe	48	dcac3ab23bcdcabf	19	00:002EF2D0,01:0031B808,02:002FDF30,03:002EF040,04:002F3068,05:0032D358,06:00317F98,07:0032AF80,08:00318910,09:00317390,10:002F8560,11:0032A548,12:00318310,13:00319CA8,14:003187F8,15:002FA9E8,16:002F7480,17:003024C8,18:003086C0	runtime/buffers/read_buf_begin_put
FUN_L00_002ef300	shared	68	64d3abf06c936a5f	19	00:002EF300,01:0031B838,02:002FDF60,03:002EF070,04:002F3098,05:0032D388,06:00317FC8,07:0032AFB0,08:00318940,09:003173C0,10:002F8590,11:0032A578,12:00318340,13:00319CD8,14:00318828,15:002FAA18,16:002F74B0,17:003024F8,18:003086F0	
FUN_0023b9d8	exe	72	e24c772db61e4e0b	19	00:002EF348,01:0031B880,02:002FDFA8,03:002EF0B8,04:002F30E0,05:0032D3D0,06:00318010,07:0032AFF8,08:00318988,09:00317408,10:002F85D8,11:0032A5C0,12:00318388,13:00319D20,14:00318870,15:002FAA60,16:002F74F8,17:00302540,18:00308738	video/decoder/buffers/read_buf_begin_get
FUN_0023ba20	exe	36	647f0d88b0e232dc	19	00:002EF390,01:0031B8C8,02:002FDFF0,03:002EF100,04:002F3128,05:0032D418,06:00318058,07:0032B040,08:003189D0,09:00317450,10:002F8620,11:0032A608,12:003183D0,13:00319D68,14:003188B8,15:002FAAA8,16:002F7540,17:00302588,18:00308780	runtime/data/get_state_table_word
FUN_0023ba48	exe	16	4ece1e9d70030bfa	19	00:002EF3B8,01:0031B8F0,02:002FE018,03:002EF128,04:002F3150,05:0032D440,06:00318080,07:0032B068,08:003189F8,09:00317478,10:002F8648,11:0032A630,12:003183F8,13:00319D90,14:003188E0,15:002FAAD0,16:002F7568,17:003025B0,18:003087A8	runtime/state/set_state_fields
FUN_0023ba60	exe	152	07438e011cca4929	19	00:002EF3D0,01:0031B908,02:002FE030,03:002EF140,04:002F3168,05:0032D458,06:00318098,07:0032B080,08:00318A10,09:00317490,10:002F8660,11:0032A648,12:00318410,13:00319DA8,14:003188F8,15:002FAAE8,16:002F7580,17:003025C8,18:003087C0	video/decoder/fun_0023ba60
FUN_0023baf8	exe	68	62d9ad9e687fad93	19	00:002EF468,01:0031B9A0,02:002FE0C8,03:002EF1D8,04:002F3200,05:0032D4F0,06:00318130,07:0032B118,08:00318AA8,09:00317528,10:002F86F8,11:0032A6E0,12:003184A8,13:00319E40,14:00318990,15:002FAB80,16:002F7618,17:00302660,18:00308858	video/decoder/buffers/get_fifo_index
FUN_0023bb40	exe	108	ae22e33021e5a4b4	19	00:002EF4B0,00:002EF520,01:0031B9E8,01:0031BA58,02:002FE110,02:002FE180,03:002EF220,03:002EF290,04:002F3248,04:002F32B8,05:0032D538,05:0032D5A8,06:00318178,06:003181E8,07:0032B160,07:0032B1D0,08:00318AF0,08:00318B60,09:00317570,09:003175E0,10:002F8740,10:002F87B0,11:0032A728,11:0032A798,12:003184F0,12:00318560,13:00319E88,13:00319EF8,14:003189D8,14:00318A48,15:002FABC8,15:002FAC38,16:002F7660,16:002F76D0,17:003026A8,17:00302718,18:003088A0,18:00308910	video/decoder/dma/set_dma_channel_3_control_register
FUN_0023bc20	exe	36	4761cb33c6386635	19	00:002EF590,01:0031BAC8,02:002FE1F0,03:002EF300,04:002F3328,05:0032D618,06:00318258,07:0032B240,08:00318BD0,09:00317650,10:002F8820,11:0032A808,12:003185D0,13:00319F68,14:00318AB8,15:002FACA8,16:002F7740,17:00302788,18:00308980	runtime/state/pack_state_value
FUN_0023bc48	exe	120	b06f9b7d327c93a3	19	00:002EF5B8,01:0031BAF0,02:002FE218,03:002EF328,04:002F3350,05:0032D640,06:00318280,07:0032B268,08:00318BF8,09:00317678,10:002F8848,11:0032A830,12:003185F8,13:00319F90,14:00318AE0,15:002FACD0,16:002F7768,17:003027B0,18:003089A8	video/decoder/vi_buf_create
FUN_0023bcc0	exe	352	7f55106fa108cf75	19	00:002EF630,01:0031BB68,02:002FE290,03:002EF3A0,04:002F33C8,05:0032D6B8,06:003182F8,07:0032B2E0,08:00318C70,09:003176F0,10:002F88C0,11:0032A8A8,12:00318670,13:0031A008,14:00318B58,15:002FAD48,16:002F77E0,17:00302828,18:00308A20	video/decoder/vi_buf_reset
FUN_0023be20	exe	244	0537a07d06652d92	19	00:002EF790,01:0031BCC8,02:002FE3F0,03:002EF500,04:002F3528,05:0032D818,06:00318458,07:0032B440,08:00318DD0,09:00317850,10:002F8A20,11:0032AA08,12:003187D0,13:0031A168,14:00318CB8,15:002FAEA8,16:002F7940,17:00302988,18:00308B80	video/decoder/vi_buf_begin_put
FUN_0023bf18	exe	84	b128a6bbf5fb1c69	19	00:002EF888,01:0031BDC0,02:002FE4E8,03:002EF5F8,04:002F3620,05:0032D910,06:00318550,07:0032B538,08:00318EC8,09:00317948,10:002F8B18,11:0032AB00,12:003188C8,13:0031A260,14:00318DB0,15:002FAFA0,16:002F7A38,17:00302A80,18:00308C78	video/decoder/vi_buf_end_put
FUN_0023bf70	exe	508	205cb041a6e3a9d4	19	00:002EF8E0,01:0031BE18,02:002FE540,03:002EF650,04:002F3678,05:0032D968,06:003185A8,07:0032B590,08:00318F20,09:003179A0,10:002F8B70,11:0032AB58,12:00318920,13:0031A2B8,14:00318E08,15:002FAFF8,16:002F7A90,17:00302AD8,18:00308CD0	assembly/textbin/video/decoder/vi_buf_add_dma
FUN_0023c170	exe	272	c6bc96255d503cb7	19	00:002EFAE0,01:0031C018,02:002FE740,03:002EF850,04:002F3878,05:0032DB68,06:003187A8,07:0032B790,08:00319120,09:00317BA0,10:002F8D70,11:0032AD58,12:00318B20,13:0031A4B8,14:00319008,15:002FB1F8,16:002F7C90,17:00302CD8,18:00308ED0	video/decoder/vi_buf_stop_dma
FUN_0023c280	exe	824	81614e430dc9ac11	19	00:002EFBF0,01:0031C128,02:002FE850,03:002EF960,04:002F3988,05:0032DC78,06:003188B8,07:0032B8A0,08:00319230,09:00317CB0,10:002F8E80,11:0032AE68,12:00318C30,13:0031A5C8,14:00319118,15:002FB308,16:002F7DA0,17:00302DE8,18:00308FE0	assembly/textbin/video/decoder/vi_buf_restart_dma
FUN_0023c5b8	exe	88	1f33a12c5dc73bad	19	00:002EFF28,01:0031C460,02:002FEB88,03:002EFC98,04:002F3CC0,05:0032DFB0,06:00318BF0,07:0032BBD8,08:00319568,09:00317FE8,10:002F91B8,11:0032B1A0,12:00318F68,13:0031A900,14:00319450,15:002FB640,16:002F80D8,17:00303120,18:00309318	video/decoder/vi_buf_delete
FUN_0023c610	exe	76	3880a1780e5522ad	19	00:002EFF80,01:0031C4B8,02:002FEBE0,03:002EFCF0,04:002F3D18,05:0032E008,06:00318C48,07:0032BC30,08:003195C0,09:00318040,10:002F9210,11:0032B1F8,12:00318FC0,13:0031A958,14:003194A8,15:002FB698,16:002F8130,17:00303178,18:00309370	video/decoder/vi_buf_count
FUN_0023c660	exe	84	8757a7a2538178cc	19	00:002EFFD0,01:0031C508,02:002FEC30,03:002EFD40,04:002F3D68,05:0032E058,06:00318C98,07:0032BC80,08:00319610,09:00318090,10:002F9260,11:0032B248,12:00319010,13:0031A9A8,14:003194F8,15:002FB6E8,16:002F8180,17:003031C8,18:003093C0	video/decoder/vi_buf_flush
FUN_0023c6b8	exe	340	f34dcfc6ada22fd8	19	00:002F0028,01:0031C560,02:002FEC88,03:002EFD98,04:002F3DC0,05:0032E0B0,06:00318CF0,07:0032BCD8,08:00319668,09:003180E8,10:002F92B8,11:0032B2A0,12:00319068,13:0031AA00,14:00319550,15:002FB740,16:002F81D8,17:00303220,18:00309418	video/decoder/vi_buf_modify_pts
FUN_0023c810	exe	272	dc59195f937b8fab	19	00:002F0180,01:0031C6B8,02:002FEDE0,03:002EFEF0,04:002F3F18,05:0032E208,06:00318E48,07:0032BE30,08:003197C0,09:00318240,10:002F9410,11:0032B3F8,12:003191C0,13:0031AB58,14:003196A8,15:002FB898,16:002F8330,17:00303378,18:00309570	video/decoder/vi_buf_put_ts
FUN_0023c920	exe	420	9575ac3ef9613ea6	19	00:002F0290,01:0031C7C8,02:002FEEF0,03:002F0000,04:002F4028,05:0032E318,06:00318F58,07:0032BF40,08:003198D0,09:00318350,10:002F9520,11:0032B508,12:003192D0,13:0031AC68,14:003197B8,15:002FB9A8,16:002F8440,17:00303488,18:00309680	video/decoder/vi_buf_get_ts
FUN_0023cac8	exe	256	330e96b5b7c8d796	19	00:002F0438,01:0031C970,02:002FF098,03:002F01A8,04:002F41D0,05:0032E4C0,06:00319100,07:0032C0E8,08:00319A78,09:003184F8,10:002F96C8,11:0032B6B0,12:00319478,13:0031AE10,14:00319960,15:002FBB50,16:002F85E8,17:00303630,18:00309828	video/decoder/video_dec_create
FUN_0023cbf0	exe	28	ae758120b90653b7	19	00:002F0560,00:002F0580,00:002F0650,01:0031CA98,01:0031CAB8,01:0031CB88,02:002FF1C0,02:002FF1E0,02:002FF2B0,03:002F02D0,03:002F02F0,03:002F03C0,04:002F42F8,04:002F4318,04:002F43E8,05:0032E5E8,05:0032E608,05:0032E6D8,06:00319228,06:00319248,06:00319318,07:0032C210,07:0032C230,07:0032C300,08:00319BA0,08:00319BC0,08:00319C90,09:00318620,09:00318640,09:00318710,10:002F97F0,10:002F9810,10:002F98E0,11:0032B7D8,11:0032B7F8,11:0032B8C8,12:003195A0,12:003195C0,12:00319690,13:0031AF38,13:0031AF58,13:0031B028,14:00319A88,14:00319AA8,14:00319B78,15:002FBC78,15:002FBC98,15:002FBD68,16:002F8710,16:002F8730,16:002F8800,17:00303758,17:00303778,17:00303848,18:00309950,18:00309970,18:00309A40	video/decoder/video_dec_begin_put
FUN_0023cc30	exe	8	309e6f3f66f9ddab	19	00:002F05A0,01:0031CAD8,02:002FF200,03:002F0310,04:002F4338,05:0032E628,06:00319268,07:0032C250,08:00319BE0,09:00318660,10:002F9830,11:0032B818,12:003195E0,13:0031AF78,14:00319AC8,15:002FBCB8,16:002F8750,17:00303798,18:00309990	video/decoder/video_dec_reset
FUN_0023cc38	exe	52	6f8a055599d25a72	19	00:002F05A8,01:0031CAE0,02:002FF208,03:002F0318,04:002F4340,05:0032E630,06:00319270,07:0032C258,08:00319BE8,09:00318668,10:002F9838,11:0032B820,12:003195E8,13:0031AF80,14:00319AD0,15:002FBCC0,16:002F8758,17:003037A0,18:00309998	video/decoder/video_dec_delete
FUN_0023cc70	exe	12	2101c9c847db1308	19	00:002F05E0,01:0031CB18,02:002FF240,03:002F0350,04:002F4378,05:0032E668,06:003192A8,07:0032C290,08:00319C20,09:003186A0,10:002F9870,11:0032B858,12:00319620,13:0031AFB8,14:00319B08,15:002FBCF8,16:002F8790,17:003037D8,18:003099D0	runtime/state/set_state_field
FUN_0023cc80	exe	8	bc3f406df1b64926	19	00:002F05F0,01:0031CB28,02:002FF250,03:002F0360,04:002F4388,05:0032E678,06:003192B8,07:0032C2A0,08:00319C30,09:003186B0,10:002F9880,11:0032B868,12:00319630,13:0031AFC8,14:00319B18,15:002FBD08,16:002F87A0,17:003037E8,18:003099E0	video/decoder/video_dec_get_state
FUN_0023cc88	exe	12	6a085e5aeb75c89e	19	00:002F05F8,01:0031CB30,02:002FF258,03:002F0368,04:002F4390,05:0032E680,06:003192C0,07:0032C2A8,08:00319C38,09:003186B8,10:002F9888,11:0032B870,12:00319638,13:0031AFD0,14:00319B20,15:002FBD10,16:002F87A8,17:003037F0,18:003099E8	runtime/state/replace_state_field
FUN_0023cc98	exe	72	060bb3b574d09089	19	00:002F0608,01:0031CB40,02:002FF268,03:002F0378,04:002F43A0,05:0032E690,06:003192D0,07:0032C2B8,08:00319C48,09:003186C8,10:002F9898,11:0032B880,12:00319648,13:0031AFE0,14:00319B30,15:002FBD20,16:002F87B8,17:00303800,18:003099F8	video/decoder/video_dec_put_ts
FUN_0023cd08	exe	216	23bee82bfb2bc4fd	19	00:002F0678,01:0031CBB0,02:002FF2D8,03:002F03E8,04:002F4410,05:0032E700,06:00319340,07:0032C328,08:00319CB8,09:00318738,10:002F9908,11:0032B8F0,12:003196B8,13:0031B050,14:00319BA0,15:002FBD90,16:002F8828,17:00303870,18:00309A68	video/decoder/video_dec_flush
FUN_0023cde0	exe	72	ad68b41de8d5b6f8	19	00:002F0750,01:0031CC88,02:002FF3B0,03:002F04C0,04:002F44E8,05:0032E7D8,06:00319418,07:0032C400,08:00319D90,09:00318810,10:002F99E0,11:0032B9C8,12:00319790,13:0031B128,14:00319C78,15:002FBE68,16:002F8900,17:00303948,18:00309B40	video/decoder/video_dec_is_flushed
FUN_0023ce28	exe	156	32a89bef0b5aca6a	19	00:002F0798,01:0031CCD0,02:002FF3F8,03:002F0508,04:002F4530,05:0032E820,06:00319460,07:0032C448,08:00319DD8,09:00318858,10:002F9A28,11:0032BA10,12:003197D8,13:0031B170,14:00319CC0,15:002FBEB0,16:002F8948,17:00303990,18:00309B88	video/decoder/run_video_decoder
FUN_0023cec8	exe	436	f93f1ffe5c4ec908	19	00:002F0838,01:0031CD70,02:002FF498,03:002F05A8,04:002F45D0,05:0032E8C0,06:00319500,07:0032C4E8,08:00319E78,09:003188F8,10:002F9AC8,11:0032BAB0,12:00319878,13:0031B210,14:00319D60,15:002FBF50,16:002F89E8,17:00303A30,18:00309C28	video/decoder/decode_bitstream_0
FUN_0023d080	exe	40	3c9af1e37ee4cbfc	19	00:002F09F0,01:0031CF28,02:002FF650,03:002F0760,04:002F4788,05:0032EA78,06:003196B8,07:0032C6A0,08:0031A030,09:00318AB0,10:002F9C80,11:0032BC68,12:00319A30,13:0031B3C8,14:00319F18,15:002FC108,16:002F8BA0,17:00303BE8,18:00309DE0	video/decoder/callbacks/handle_mpeg_error
FUN_0023d0a8	exe	56	14baa07695f6647b	19	00:002F0A18,01:0031CF50,02:002FF678,03:002F0788,04:002F47B0,05:0032EAA0,06:003196E0,07:0032C6C8,08:0031A058,09:00318AD8,10:002F9CA8,11:0032BC90,12:00319A58,13:0031B3F0,14:00319F40,15:002FC130,16:002F8BC8,17:00303C10,18:00309E08	video/decoder/callbacks/handle_mpeg_no_data
FUN_0023d0e0	exe	48	f496b831534d6192	19	00:002F0A50,00:002F0A80,01:0031CF88,01:0031CFB8,02:002FF6B0,02:002FF6E0,03:002F07C0,03:002F07F0,04:002F47E8,04:002F4818,05:0032EAD8,05:0032EB08,06:00319718,06:00319748,07:0032C700,07:0032C730,08:0031A090,08:0031A0C0,09:00318B10,09:00318B40,10:002F9CE0,10:002F9D10,11:0032BCC8,11:0032BCF8,12:00319A90,12:00319AC0,13:0031B428,13:0031B458,14:00319F78,14:00319FA8,15:002FC168,15:002FC198,16:002F8C00,16:002F8C30,17:00303C48,17:00303C78,18:00309E40,18:00309E70	video/decoder/mpeg_stop_dma
FUN_0023d140	exe	80	ee9c1f7b7246bd13	19	00:002F0AB0,01:0031CFE8,02:002FF710,03:002F0820,04:002F4848,05:0032EB38,06:00319778,07:0032C760,08:0031A0F0,09:00318B70,10:002F9D40,11:0032BD28,12:00319AF0,13:0031B488,14:00319FD8,15:002FC1C8,16:002F8C60,17:00303CA8,18:00309EA0	video/decoder/callbacks/get_mpeg_timestamp
FUN_0023d190	exe	72	f81b05cd9578a5da	19	00:002F0B00,01:0031D038,02:002FF760,03:002F0870,04:002F4898,05:0032EB88,06:003197C8,07:0032C7B0,08:0031A140,09:00318BC0,10:002F9D90,11:0032BD78,12:00319B40,13:0031B4D8,14:0031A028,15:002FC218,16:002F8CB0,17:00303CF8,18:00309EF0	video/decoder/vo_buf_create
FUN_0023d1e8	exe	16	23fb552e5065cf1b	19	00:002F0B58,01:0031D090,02:002FF7B8,03:002F08C8,04:002F48F0,05:0032EBE0,06:00319820,07:0032C808,08:0031A198,09:00318C18,10:002F9DE8,11:0032BDD0,12:00319B98,13:0031B530,14:0031A080,15:002FC270,16:002F8D08,17:00303D50,18:00309F48	video/decoder/vo_buf_reset
FUN_0023d1f8	exe	20	040a588ec48fb86c	19	00:002F0B68,01:0031D0A0,02:002FF7C8,03:002F08D8,04:002F4900,05:0032EBF0,06:00319830,07:0032C818,08:0031A1A8,09:00318C28,10:002F9DF8,11:0032BDE0,12:00319BA8,13:0031B540,14:0031A090,15:002FC280,16:002F8D18,17:00303D60,18:00309F58	runtime/state/compare_state_fields
FUN_0023d210	exe	120	face3b733b2379af	19	00:002F0B80,01:0031D0B8,02:002FF7E0,03:002F08F0,04:002F4918,05:0032EC08,06:00319848,07:0032C830,08:0031A1C0,09:00318C40,10:002F9E10,11:0032BDF8,12:00319BC0,13:0031B558,14:0031A0A8,15:002FC298,16:002F8D30,17:00303D78,18:00309F70	video/decoder/vo_buf_inc_count
FUN_0023d288	exe	64	b7cc08a7616e4909	19	00:002F0BF8,01:0031D130,02:002FF858,03:002F0968,04:002F4990,05:0032EC80,06:003198C0,07:0032C8A8,08:0031A238,09:00318CB8,10:002F9E88,11:0032BE70,12:00319C38,13:0031B5D0,14:0031A120,15:002FC310,16:002F8DA8,17:00303DF0,18:00309FE8	video/decoder/vo_buf_get_data
FUN_0023d2c8	exe	12	b0ec236db1c4d971	19	00:002F0C38,01:0031D170,02:002FF898,03:002F09A8,04:002F49D0,05:0032ECC0,06:00319900,07:0032C8E8,08:0031A278,09:00318CF8,10:002F9EC8,11:0032BEB0,12:00319C78,13:0031B610,14:0031A160,15:002FC350,16:002F8DE8,17:00303E30,18:0030A028	runtime/state/is_state_field_zero
FUN_0023d2d8	exe	100	eb3e66139a353e5f	19	00:002F0C48,01:0031D180,02:002FF8A8,03:002F09B8,04:002F49E0,05:0032ECD0,06:00319910,07:0032C8F8,08:0031A288,09:00318D08,10:002F9ED8,11:0032BEC0,12:00319C88,13:0031B620,14:0031A170,15:002FC360,16:002F8DF8,17:00303E40,18:0030A038	video/decoder/vo_buf_get_tag
FUN_0023d340	exe	28	f71e7f75a92a5e6f	19	00:002F0CB0,01:0031D1E8,02:002FF910,03:002F0A20,04:002F4A48,05:0032ED38,06:00319978,07:0032C960,08:0031A2F0,09:00318D70,10:002F9F40,11:0032BF28,12:00319CF0,13:0031B688,14:0031A1D8,15:002FC3C8,16:002F8E60,17:00303EA8,18:0030A0A0	runtime/state/decrement_state_field
FUN_L01_0021fa98	shared	784	95a431f60c600c79	4	01:0021FA98,09:0021D250,12:00220A58,14:00211128	
FUN_L01_00226f10	shared	140	c9f88b5c8fb43f3c	7	01:00226F10,02:00216068,03:001FE998,05:00233CE8,08:00217B80,11:00236968,16:00203868	
FUN_L01_00227e48	shared	68	2226722489b1803c	10	01:00227E48,02:00216FA0,03:001FF8D0,05:00234C20,06:0021DFE8,08:00218AB8,11:002378A0,15:001FF6C0,16:002047A0,18:0020ED30	
FUN_L01_00228000	shared	932	fecc0a334580ec26	9	01:00228000,02:00217158,03:001FFA88,05:00234DD8,08:00218C70,11:00237A58,12:002290E8,14:002197E8,16:00204958	
FUN_L01_00228870	shared	484	a1d45442891ca785	6	01:00228870,02:002179C8,05:00235648,11:002382C8,12:00229958,15:00200228	
FUN_L01_00228e38	shared	364	11d27e6be2cdb0ac	8	01:00228E38,02:00217F90,03:002008C8,08:00219AB0,11:00238890,12:00229F20,14:0021A628,16:00205798	
FUN_L01_0022cd48	shared	836	d6be5ab7b6867264	2	01:0022CD48,03:002047D8	
FUN_L01_0022d090	shared	1956	9737c027bd6f7182	11	01:0022D090,02:0021BA80,03:00204B20,05:0023A4F8,08:0021DD20,11:0023CA98,12:0022E0C8,14:0021DFC8,15:002048C8,16:00209B30,18:00213F58	
FUN_L01_0022d838	shared	1384	641538963a694256	11	01:0022D838,02:0021C228,03:002052C8,05:0023ACA0,08:0021E4C8,11:0023D240,12:0022E870,14:0021E770,15:00205070,16:0020A2D8,18:00214700	
FUN_L01_00231348	shared	260	2e522288f1f155ec	11	01:00231348,02:0021FD38,03:00209140,05:0023E830,06:00227BF0,08:002225C8,11:00240D50,12:00232380,14:00222870,16:0020E458,17:0020D960	
FUN_L01_00231450	shared	196	831e63e0894c06b3	9	01:00231450,02:0021FE40,03:00209248,05:0023E938,08:002226D0,11:00240E58,12:00232488,14:00222978,16:0020E560	
FUN_L01_00231580	shared	1072	145d4492399f4e44	5	01:00231580,03:00209378,05:0023EA68,11:00240F88,12:002325B8	
FUN_L01_00231ae0	shared	568	cef9d10c1ef73ec2	6	01:00231AE0,03:002098D8,05:0023EFC8,08:00222D80,11:002414E8,16:0020EC10	
FUN_L01_00232290	shared	196	8cd65ae47f542742	5	01:00232290,03:0020A088,05:0023F778,11:00241C98,15:00209C40	
FUN_L01_00232978	shared	840	419d3be1561ab3a9	9	01:00232978,02:00221258,03:0020A770,05:0023FE60,08:00223C60,11:00242380,12:00233A38,14:00223DE8,16:0020FB68	
FUN_L01_00232dc0	shared	1992	8d5668621b4432fe	7	01:00232DC0,03:0020ABB8,08:002240A8,11:002427C8,14:00224230,15:0020A7A0,18:0021A488	
FUN_L01_00233940	shared	968	eb313293294fdb9c	5	01:00233940,03:0020B738,11:00243348,12:002349E8,15:0020B320	
FUN_L01_00233de0	level	1268	2760ac77eb557e07	1	01:00233DE0	
FUN_L01_00234358	shared	660	5440ea4d7ec13b91	10	01:00234358,02:00222C68,03:0020C168,05:00241A70,06:0022AC50,08:002256E8,11:00243D78,15:0020BD50,16:002117A0,18:0021BAC8	
FUN_L01_00234b40	level	1680	ca192afb423a2068	1	01:00234B40	
FUN_L01_002370b8	level	21404	71a2446e4eff1b7a	1	01:002370B8	
FUN_L01_0023c710	shared	1292	e0202b4e2b855081	9	01:0023C710,02:0022A988,03:002158A8,05:0024C148,08:0022FD98,11:0024CDB0,12:0023F330,14:0022F1B8,16:0021D5F8	
FUN_L01_0023cf98	level	13832	616cd9fb774d1c24	1	01:0023CF98	
FUN_L01_002405a0	shared	84	8a0c96cd2c4142de	9	01:002405A0,02:0022EA90,03:0021A190,05:00251288,08:00234C18,11:00251558,12:00243D00,14:002336D8,16:002229F0	
FUN_L01_00240ed8	level	2700	31ace66905325d3f	1	01:00240ED8	
FUN_L01_00242198	shared	648	620be7532428a770	10	01:00242198,02:002301F0,03:0021BED0,05:00253318,06:0023ACA8,08:00236940,11:00253280,15:0021C8A8,16:00224A80,18:0022E160	
FUN_L01_00242930	level	19120	1dadaf4588236c3a	1	01:00242930	
FUN_L01_002488e8	shared	24	afded7fbf2a3fc3e	11	01:002488E8,02:00236748,03:00222A20,05:0025C5C8,08:0023E4C0,11:00259C80,12:0024CAC0,14:0023C550,15:00223E48,16:0022ECD8,18:00236830	
FUN_L01_00248900	shared	24	3478148d7311fe96	11	01:00248900,02:00236760,03:00222A38,05:0025C5E0,08:0023E4D8,11:00259C98,12:0024CAD8,14:0023C568,15:00223E60,16:0022ECF0,18:00236848	
FUN_L01_00252570	shared	124	a94d5f3166517490	18	01:00252570,02:00240048,03:0022C6A8,04:00230F48,05:00267520,06:0024D218,07:00265B58,08:00248148,09:0025D648,10:00230FD0,11:00263908,12:00256748,13:002497D8,14:00245940,15:0022DAD0,16:00239C30,17:00238C50,18:00240840	
FUN_L01_00261c10	shared	360	70fa7640f78f91b4	6	01:00261C10,05:00276BC0,07:00275380,11:00272FA8,12:00265DE8,13:00258E78	
FUN_L01_00261d78	shared	128	0ff73fc707f320ce	6	01:00261D78,05:00276D28,07:002754E8,11:00273110,12:00265F50,13:00258FE0	
FUN_L01_00261df8	shared	576	3755aabec30d198e	6	01:00261DF8,05:00276DA8,07:00275568,11:00273190,12:00265FD0,13:00259060	
FUN_L01_00262038	shared	848	1f983a866dc5aee9	6	01:00262038,05:00276FE8,07:002757A8,11:002733D0,12:00266210,13:002592A0	
FUN_L01_00262388	shared	656	e0da79868e4efa69	6	01:00262388,05:00277338,07:00275AF8,11:00273720,12:00266560,13:002595F0	
FUN_L01_00262618	level	312	2f3ee783448b796d	1	01:00262618	
FUN_L01_00263a28	shared	652	60f81dfd0b0d752f	3	01:00263A28,02:002512B8,04:00241980	
FUN_L01_0026d930	shared	120	2f39b630fe180e7e	15	01:0026D930,02:0025B1C0,03:002476C0,04:0024B888,05:00282DB8,06:00267810,08:00263050,09:002785A0,10:0024B5C8,11:0027E980,12:00271890,13:002648A0,14:00261050,15:00248318,16:00254228	
FUN_L01_0026e008	shared	132	645386d5c9964725	9	01:0026E008,06:00267EE8,09:00278C78,11:0027F058,12:00271FF8,13:00264F78,14:00261728,15:002489F0,16:00254900	
FUN_L01_0026e090	shared	80	c8ea5c6212e69962	8	01:0026E090,03:00247DA0,07:00281BE0,09:00278D00,12:00272080,13:00265000,15:00248A78,16:00254988	
FUN_L01_0026e0e0	shared	88	7257f9feba8cbc89	12	01:0026E0E0,05:00283498,06:00267F70,07:00281C30,08:00263730,11:0027F0E0,12:002720D0,13:00265050,15:00248AC8,16:002549D8,17:00253970,18:0025B4A0	
FUN_L01_0026eff8	level	36	708a6467308c7197	1	01:0026EFF8	
FUN_L01_00275690	shared	64	f0d74c04bfa91d1a	9	01:00275690,03:0024EEC0,04:002534A8,05:0028A858,07:00288E20,11:00285D90,12:00279238,13:0026C818,14:00268B50	
FUN_L01_00276a48	shared	500	b6fd7700e17f2d47	6	01:00276A48,05:0028BC10,06:00270900,07:0028A1D8,10:00254880,11:00287148	
FUN_L01_00276c40	shared	112	0737503fcab30c92	6	01:00276C40,05:0028BE08,06:00270AF8,07:0028A3D0,10:00254A78,11:00287340	
FUN_L01_00276fe8	shared	632	f28567baeba72b48	6	01:00276FE8,05:0028C5F8,06:002712E8,07:0028A910,10:00255268,11:00287B30	
FUN_L01_00277fb8	shared	88	3369c279b59e3499	8	01:00277FB8,03:00251598,03:002D3140,03:002DCB70,07:002CD258,07:002CDAD0,07:00311B70,09:00303348,10:00256338,10:00295BC8,12:002E38F0,13:0026ED40,14:0026AFA0	
FUN_L01_002783a8	shared	164	c690b2d43abb3976	10	01:002783A8,02:00264D28,03:00251988,05:0028D960,06:00272670,08:0026D768,11:00288E98,12:0027BEA8,14:0026B390,16:0025E948	
FUN_L01_002787a0	shared	112	ac7e7b0d25a3bf75	17	01:002787A0,02:002652A8,03:00251DA8,04:00256460,05:0028DD80,06:00272A68,07:0028C398,08:0026DB60,09:00282B10,10:00256E20,11:00288FC0,12:0027C2C8,13:0026F828,14:0026B788,15:00253268,16:0025EEF0,17:0025D9D0	
FUN_L01_00278e20	shared	148	027581a1b74a126f	10	01:00278E20,02:002658F8,03:002523F8,04:00256AB0,08:0026E1B0,09:00283160,10:00257470,11:00289610,12:0027C918,17:0025E020	
FUN_L01_0027a248	shared	84	71dd9fec6104fce5	17	01:0027A248,02:00266D20,03:00253820,04:00257ED8,05:0028F5C8,06:00274450,07:0028DDB0,08:0026F5D8,10:00258898,11:0028AA38,12:0027DD40,13:00271070,14:0026CFD0,15:00254C50,16:00260AA8,17:0025F448,18:00267AE8	
FUN_L01_0027e900	level	520	c6d3c08a24efa984	1	01:0027E900	
FUN_L01_0027f660	shared	292	d008ddf820742593	4	01:0027F660,03:00258A30,04:0025D0E8,14:002723E0	
FUN_L01_00280970	shared	344	03c339e83c9b51ae	6	01:00280970,06:0027A850,08:00275BD8,09:0028A428,15:0025B050,17:002653F8	
FUN_L01_00285768	shared	316	4ac0db3df71b417c	7	01:00285768,02:00271D80,03:0025E9E0,04:00263098,06:0027F648,10:002634E8,14:00278390	
FUN_L01_00287158	shared	304	a8353c51860ddef8	6	01:00287158,05:0029C180,10:00264ED8,11:002972C8,12:0028A7D0,13:0027DA80	
FUN_L01_00287b00	level	216	887476ae8ea424ef	1	01:00287B00	
FUN_L01_00287c80	level	268	9072665d6b3af118	1	01:00287C80	
FUN_L01_0028a7a8	shared	352	b7298081ac7c5867	12	01:0028A7A8,02:002768C8,03:002637F0,04:00267EB0,05:0029F5F0,06:00284190,08:0027F950,11:0029A738,12:0028DE98,13:00281100,14:0027D310,17:0026F1A8	
FUN_L01_0028b410	shared	248	112c364b4068e62f	5	01:0028B410,03:00264458,04:00268B18,12:0028EB00,14:0027DF78	
FUN_L01_0028b510	shared	200	c956cd676da31a35	11	01:0028B510,03:00264558,04:00268C18,05:002A0260,07:0029E610,08:002806A8,09:00294A10,12:0028EC00,13:00281D70,14:0027E078,16:00271250	
FUN_L01_0028b5e0	shared	408	4a1d0214d1cd08e6	4	01:0028B5E0,09:00294CB0,13:00282010,15:00265B38	
FUN_L01_0028b7b0	shared	120	4cac53a8b3412837	4	01:0028B7B0,03:00264660,04:00268D20,14:0027E180	
FUN_L01_0028b828	shared	80	f34517dea8ff76b8	4	01:0028B828,03:002646D8,04:00268D98,14:0027E1F8	
FUN_L01_0028b878	shared	76	a54d7b5b068d775b	4	01:0028B878,03:00264728,04:00268DE8,14:0027E248	
FUN_L01_0028b8c8	shared	440	e53a6e0a41a59a0a	4	01:0028B8C8,03:00264778,04:00268E38,14:0027E298	
FUN_L01_0028ba80	shared	268	6abd0dd5f8700d2d	4	01:0028BA80,03:00264930,04:00268FF0,14:0027E450	
FUN_L01_0028bb90	shared	672	8ad73ca1821eca84	4	01:0028BB90,03:00264A40,04:00269100,14:0027E560	
FUN_L01_0029b0a0	shared	288	f290c2f029abff73	5	01:0029B0A0,03:00273F50,04:00278610,05:002AF5E8,08:0028FA30	
FUN_L01_002a1a90	shared	116	d34db425602abb57	13	01:002A1A90,02:0028D740,03:0027A918,05:002B6720,07:002B4C78,08:00296358,09:002AA920,10:0027EAD0,12:002A4858,14:00294348,15:0027BF18,16:00286EA8,18:0028DB78	
FUN_L01_002a2480	shared	52	6053569458f0151c	2	01:002A2480,14:00294D38	
FUN_L01_002aea70	shared	640	e4cca85de9d7c94a	2	01:002AEA70,13:002A5390	
FUN_L01_002b7a48	shared	544	52bb0c9450590373	6	01:002B7A48,05:002CC428,07:002CA980,11:002C6BD0,12:002BA560,13:002AE368	
FUN_L01_002b7c68	shared	192	2bb15803a8d8750c	6	01:002B7C68,05:002CC648,07:002CABA0,11:002C6DF0,12:002BA780,13:002AE588	
FUN_L01_002b7ef0	shared	60	cb35278d16c6afd2	6	01:002B7EF0,05:002CC8D0,07:002CAE28,11:002C7078,12:002BAA08,13:002AE810	
FUN_L01_002b7f30	shared	172	2e162b0cd37a8654	6	01:002B7F30,05:002CC910,07:002CAE68,11:002C70B8,12:002BAA48,13:002AE850	
FUN_L01_002b7fe0	shared	236	62eaa74bdf5617db	6	01:002B7FE0,05:002CC9C0,07:002CAF18,11:002C7168,12:002BAAF8,13:002AE900	
FUN_L01_002b80d0	shared	436	31ce6739e28a15ab	6	01:002B80D0,05:002CCAB0,07:002CB008,11:002C7258,12:002BABE8,13:002AE9F0	
FUN_L01_002b8288	shared	28	db102ac3f3a26cf4	3	01:002B8288,07:002CB1C0,13:002AEBA8	
FUN_L01_002b8c08	shared	164	9d587ff7ee625713	6	01:002B8C08,05:002CD5D0,07:002CBB40,11:002C7D78,12:002BB708,13:002AF528	
FUN_L01_002b8cb0	shared	740	0d82adca3253dbbc	6	01:002B8CB0,05:002CD678,07:002CBBE8,11:002C7E20,12:002BB7B0,13:002AF5D0	
FUN_L01_002b8f98	shared	556	df538c3d39f8767b	6	01:002B8F98,05:002CD960,07:002CBED0,11:002C8108,12:002BBA98,13:002AF8B8	
FUN_L01_002b91c8	shared	1272	a7290e787098dad6	6	01:002B91C8,05:002CDB90,07:002CC100,11:002C8338,12:002BBCC8,13:002AFAE8	
FUN_L01_002b96e0	level	836	29f111ae614f0372	1	01:002B96E0	
FUN_L01_002b9eb0	shared	1956	9e80b779ea1acd75	4	01:002B9EB0,03:00291DD0,10:002DE860,13:002B0478	
FUN_L01_002bd100	level	888	14a8231119368afc	1	01:002BD100	
FUN_L01_002c72c8	shared	616	417e9910238d3cd9	6	01:002C72C8,06:002BE868,08:002BA668,09:002D0B20,15:002AA950,17:002AF3A0	
FUN_L01_002c7530	shared	552	6e704c05fc10579e	6	01:002C7530,06:002BEAD0,08:002BA8D0,09:002D0D88,15:002AABB8,17:002AF608	
FUN_L01_002e0bd8	shared	140	32a59e14ffca34cc	3	01:002E0BD8,04:002BFCA0,08:002D81E0	
FUN_L01_002e0c68	shared	3672	51c257c0932e4c67	3	01:002E0C68,04:002BFD30,08:002D8270	
FUN_L01_002e1ac0	shared	520	be09845cff3c784c	2	01:002E1AC0,13:002E7238	
FUN_L01_002e30b8	shared	88	dd4e23c4c79c44e3	10	01:002E30B8,01:0030D208,02:002CBDA0,02:002F0250,03:002E0C38,04:002C6FC0,04:002E5C98,05:0031DAD0,06:0030A150,08:00309EF0,11:0031BAC8,12:003099B8,14:00308F50	
FUN_L01_002e3110	shared	236	c8948ad80a3b2978	3	01:002E3110,02:002CBDF8,04:002C7018	
FUN_L01_002e3208	shared	160	8ef6e38e48dd49f7	3	01:002E3208,02:002CBEF0,04:002C7110	
FUN_L01_002e32a8	shared	764	e80b7878fb5dd588	3	01:002E32A8,02:002CBF90,04:002C71B0	
FUN_L01_002e35a8	shared	644	8a843269e959e0bc	3	01:002E35A8,02:002CC290,04:002C74B0	
FUN_L01_002e3830	shared	1772	79ad84608eccd15b	3	01:002E3830,02:002CC518,04:002C7738	
FUN_L01_002e3f20	shared	3224	014768e4ffdb31f2	3	01:002E3F20,02:002CCC08,04:002C7E28	
FUN_L01_002e6518	level	632	7665c3003906f8d4	1	01:002E6518	
FUN_L01_002e6790	level	1120	3411456c8baa651a	1	01:002E6790	
FUN_L01_002e6bf0	level	8240	fc9298c49ddb66ff	1	01:002E6BF0	
FUN_L01_002eda00	shared	672	843623e0956a49c7	5	01:002EDA00,08:002EFB60,09:002F6678,15:002D4748,17:002D2DC0	
FUN_L01_002edca0	shared	4040	21efb618516dfc6d	3	01:002EDCA0,05:002FECF0,11:002F9998	
FUN_L01_002eec68	shared	1768	f1b1ce6a2ff93ca1	3	01:002EEC68,05:002FFCB8,11:002FA960	
FUN_L01_002ef350	shared	296	10eb31784d066d5a	3	01:002EF350,05:003003A0,11:002FB048	
FUN_L01_002ef478	shared	228	7663f6a9f20d57b0	3	01:002EF478,05:003004C8,11:002FB170	
FUN_L01_002ef560	shared	524	15267ad2154600a3	3	01:002EF560,05:003005B0,11:002FB258	
FUN_L01_002ef770	shared	788	0096e54e6f93972e	3	01:002EF770,05:003007C0,11:002FB468	
FUN_L01_002efa88	shared	112	e3563f896906ddad	3	01:002EFA88,05:00300AD8,11:002FB780	
FUN_L01_002efbf8	shared	104	ac5c63da27f20241	2	01:002EFBF8,13:002B4EC0	
FUN_L01_002efc60	level	8216	5b7c8b881c1965ca	1	01:002EFC60	
FUN_L01_002f1d18	shared	176	8285a70d54094b77	2	01:002F1D18,13:002B7A20	
FUN_L01_002f2b68	shared	848	b9dace33568cf659	10	01:002F2B68,02:002D7190,03:002CB8E8,04:002D4368,05:00301988,06:002E11C8,08:002F18B8,11:002FC630,12:002F51F0,14:002EA9D0	
FUN_L01_002f2eb8	shared	520	ba6ebe78baa907c2	18	01:002F2EB8,02:002D74E0,03:002CBC38,04:002D46B8,05:00301CD8,06:002E1518,07:002FD698,08:002F1C08,09:002F7658,10:002C6470,11:002FC980,12:002F5540,13:002F51F0,14:002EAD20,15:002D5728,16:002D2A80,17:002D3DA0,18:002D8BA8	
FUN_L01_002f3120	level	1092	05b49b98684d3f18	1	01:002F3120	
FUN_L01_002f4348	level	220	8696547262a413b0	1	01:002F4348	
FUN_L01_002f4428	level	740	459fa02c92259448	1	01:002F4428	
FUN_L01_002f4710	level	588	c4a639ee78f441c1	1	01:002F4710	
FUN_L01_002f4960	level	1756	09568d1510fb8b84	1	01:002F4960	
FUN_L01_002f5040	shared	296	abd47186d4990931	4	01:002F5040,03:00293B50,03:0029C8A8,04:002CB790,14:002E8078	
FUN_L01_002f5168	shared	3984	95169fab1191af08	4	01:002F5168,03:00293C78,04:002CB8B8,14:002E81A0	
FUN_L01_002f60f8	level	44	3567252f16eb8d07	1	01:002F60F8,01:002F6150,01:002FEB28	
FUN_L01_002f6180	level	424	23f315322ffd10ab	1	01:002F6180	
FUN_L01_002f6328	shared	1400	c1b1bf26bb70222a	4	01:002F6328,05:003067B8,08:002F74C0,15:002D95E8	
FUN_L01_002f68a0	level	400	4e4b772f904b2b92	1	01:002F68A0	
FUN_L01_002f6a30	shared	3316	97731ba651dc0664	2	01:002F6A30,14:002EF840	
FUN_L01_002f7728	level	2716	9bc6dff309ae21c1	1	01:002F7728	
FUN_L01_002f81c8	level	156	dc7762898c3953af	1	01:002F81C8	
FUN_L01_002f8268	level	708	2d06288196619de0	1	01:002F8268	
FUN_L01_002f8530	shared	484	b48b45c0d2055300	6	01:002F8530,02:002DD4D8,07:00300150,10:002EAFC8,15:002BE0B0,18:002DFBC0	
FUN_L01_002f8718	shared	1344	780fa6a24e624a93	6	01:002F8718,02:002DD6C0,07:00300338,10:002EB1B0,15:002BE298,18:002DFDA8	
FUN_L01_002f8c58	level	936	573b24d208c181f5	1	01:002F8C58	
FUN_L01_002f9000	level	128	aa320c30b9ddd4cc	1	01:002F9000	
FUN_L01_002f9080	level	1344	1fdcd6e75af4e1ad	1	01:002F9080	
FUN_L01_002f95c0	level	588	e9be59e2ca0210f7	1	01:002F95C0	
FUN_L01_002f9810	level	992	2ccf11a3ad18362a	1	01:002F9810	
FUN_L01_002f9bf0	level	400	3cf9250fac174e7b	1	01:002F9BF0	
FUN_L01_002f9d80	level	740	4ddfdf0404a022d8	1	01:002F9D80	
FUN_L01_002fa068	level	324	f05a8899f4e5a339	1	01:002FA068	
FUN_L01_002fa1b0	level	784	9c011ee041dcadc5	1	01:002FA1B0	
FUN_L01_002fa4c0	level	608	835a0c4b1efe11e1	1	01:002FA4C0	
FUN_L01_002fa800	level	1152	ebca7d7eefc90b11	1	01:002FA800	
FUN_L01_002fac80	level	228	fb7d855a077a6c6a	1	01:002FAC80	
FUN_L01_002fad68	level	1868	ced6a15bd04a236d	1	01:002FAD68	
FUN_L01_002fb4b8	shared	248	5fe9114737aae65a	7	01:002FB4B8,02:002DFBD8,03:002CF248,03:002DC380,05:003179A8,07:002F60C8,07:00300878,10:002C7C00,13:002EDAF0,13:002F8D78	
FUN_L01_002fb5b0	shared	760	8c88f37b63d44b96	6	01:002FB5B0,02:002DFCD0,03:002CF340,07:00300970,10:002C7CF8,13:002F8E70	
FUN_L01_002fb8a8	level	628	89371bb7caa50d6a	1	01:002FB8A8	
FUN_L01_002fd0c0	shared	36	b9a1fff37b1feafc	6	01:002FD0C0,05:0030D678,07:0030CD20,11:0030E708,12:002BF748,13:0030A460	
FUN_L01_002fd0e8	level	2232	923020c3e5009725	1	01:002FD0E8	
FUN_L01_002fd9a0	level	540	b6edadcdc54b809f	1	01:002FD9A0	
FUN_L01_002feb58	level	524	e50349f44f302acf	1	01:002FEB58	
FUN_L01_002fed68	level	700	e471e168fd5c0774	1	01:002FED68	
FUN_L01_002ff028	shared	236	563fb3460d6c44df	2	01:002FF028,08:002F8FD8	
FUN_L01_002ff118	shared	1616	dd242ccd095a99a8	2	01:002FF118,08:002F90C8	
FUN_L01_002ff860	level	556	b0b4f221275fe3f6	1	01:002FF860	
FUN_L01_002ffa90	level	148	aaeaa4cf02cb5af6	1	01:002FFA90	
FUN_L01_002ffb28	level	424	aa49afde77d52e33	1	01:002FFB28	
FUN_L01_002ffcd0	level	240	ad2dd89c528b2f97	1	01:002FFCD0	
FUN_L01_002ffdc0	level	704	4759d53be08463ad	1	01:002FFDC0	
FUN_L01_00300220	shared	760	63283793c8132ddc	18	01:00300220,02:002E28A0,03:002D1140,04:002D9FC0,05:00309E40,06:002E66E0,07:003027A0,08:002F99B0,09:002F90E0,10:002CA220,11:00300578,12:002F8090,13:002FAC70,14:002F4190,15:002DB668,16:002D69E0,17:002D9B10,18:002E1F40	
FUN_L01_003021b8	level	368	8f6215327b413114	1	01:003021B8	
FUN_L01_00302328	level	272	ee58512aa93c3f77	1	01:00302328	
FUN_L01_00302438	shared	524	d75aeed411897b7b	16	01:00302438,02:002E4838,03:002D3ED8,04:002DBF58,05:0030D8B8,06:002EA830,07:00304C40,08:002FB948,09:002FB078,10:002CE868,11:00302E60,12:002FA028,13:002FCC08,14:002F6128,15:002DE080,18:002E3F58	
FUN_L01_00302648	shared	416	ee055b8868dc0fdc	16	01:00302648,02:002E4A48,03:002D40E8,04:002DC168,05:0030DAC8,06:002EAA40,07:00304E50,08:002FBB58,09:002FB288,10:002CEA78,11:00303070,12:002FA238,13:002FCE18,14:002F6338,15:002DE290,18:002E4168	
FUN_L01_00307c48	level	88	06047f66797bfb80	1	01:00307C48	
FUN_L01_00307ca0	shared	1760	ad1df72c80309e05	18	01:00307CA0,02:002EAD38,03:002DD188,04:002E1F38,05:00319C60,06:003053A8,07:0031B5F0,08:00303370,09:003022F0,10:002DD8E0,11:0030B730,12:002FFDB0,13:00303950,14:002FFC18,15:002E4770,16:002DF1E8,17:002E3FF8,18:002ECC40	
FUN_L01_00308380	shared	236	c132df7c9720143c	18	01:00308380,02:002EB418,03:002DD868,04:002E2618,05:0031A340,06:00305A88,07:0031BCD0,08:00303A50,09:003029D0,10:002DDFC0,11:0030BE10,12:00300490,13:00304030,14:003002F8,15:002E4E50,16:002DF8C8,17:002E46D8,18:002ED320	
FUN_L01_00308550	shared	652	7db40b046c9c757f	18	01:00308550,02:002EB5E8,03:002DDA38,04:002E27E8,05:0031A510,06:00305C58,07:0031BEA0,08:00303C20,09:00302BA0,10:002DE190,11:0030BFE0,12:00300660,13:00304200,14:003004C8,15:002E5020,16:002DFA98,17:002E48A8,18:002ED4F0	
FUN_L01_003087e0	shared	528	07f7b4e5c7b739f8	18	01:003087E0,02:002EB878,03:002DDCC8,04:002E2A78,05:0031A7A0,06:00305EE8,07:0031C130,08:00303EB0,09:00302E30,10:002DE420,11:0030C270,12:003008F0,13:00304490,14:00300758,15:002E52B0,16:002DFD28,17:002E4B38,18:002ED780	
FUN_L01_003089f0	shared	300	7b3e81557071b017	18	01:003089F0,02:002EBA88,03:002DDED8,04:002E2C88,05:0031A9B0,06:003060F8,07:0031C340,08:003040C0,09:00303040,10:002DE630,11:0030C480,12:00300B00,13:003046A0,14:00300968,15:002E54C0,16:002DFF38,17:002E4D48,18:002ED990	
FUN_L01_00308b28	shared	172	1fa5556dc7931a8c	8	01:00308B28,07:0031C478,08:003041F8,12:00300C38,13:003047D8,16:002E0070,17:002E4E80,18:002EDAC8	
FUN_L01_00308bd8	shared	1780	7767131d5a3b3111	8	01:00308BD8,07:0031C528,08:003042A8,12:00300CE8,13:00304888,16:002E0120,17:002E4F30,18:002EDB78	
FUN_L01_003092d0	shared	352	9c4e30953b6a7235	9	01:003092D0,07:0031CC20,08:003049A0,11:002F2B70,12:003013E0,13:00304F80,16:002E0818,17:002E5628,18:002EE270	
FUN_L01_00309430	shared	192	75a7dbf656a34daa	8	01:00309430,07:0031CD80,08:00304B00,12:00301540,13:003050E0,16:002E0978,17:002E5788,18:002EE3D0	
FUN_L01_003094f0	shared	756	b06e7d42355db73b	8	01:003094F0,07:0031CE40,08:00304BC0,12:00301600,13:003051A0,16:002E0A38,17:002E5848,18:002EE490	
FUN_L01_003097e8	shared	80	c0b5afb3b973d393	8	01:003097E8,07:0031D138,08:00304EB8,12:003018F8,13:00305498,16:002E0D30,17:002E5B40,18:002EE788	
FUN_L01_00309838	shared	96	51aa3b9bfae91d1f	8	01:00309838,07:0031D188,08:00304F08,12:00301948,13:003054E8,16:002E0D80,17:002E5B90,18:002EE7D8	
FUN_L01_00309bf8	level	156	60744deb9bce36c0	1	01:00309BF8	
FUN_L01_00309c98	level	52	2717d150a82e2fa1	1	01:00309C98	
FUN_L01_0030acb8	level	2396	040efa6edade07cf	1	01:0030ACB8	
FUN_L01_0030b618	shared	1024	a21bcf8a4ed259b7	2	01:0030B618,06:00308868	
FUN_L01_0030ba18	level	1112	85d24e3ce4a57104	1	01:0030BA18	
FUN_L01_0030be70	level	312	6d43e01733f5c631	1	01:0030BE70	
FUN_L01_0030bfa8	shared	488	33807933918b6748	3	01:0030BFA8,14:002DEC40,15:002CA810	
FUN_L01_0030c190	level	1796	1dfab9305a2f66dd	1	01:0030C190	
FUN_L01_0030c898	shared	272	7903a24072a33a0f	10	01:0030C898,02:002EFDD0,03:002E07B8,04:002E5818,05:0031D650,06:003093E0,08:00308810,11:0031B648,12:00309538,14:00308AD0	
FUN_L01_0030c9a8	shared	880	871d9a6487ada458	10	01:0030C9A8,02:002EFEE0,03:002E08C8,04:002E5928,05:0031D760,06:003094F0,08:00308920,11:0031B758,12:00309648,14:00308BE0	
FUN_L01_0030d0f0	level	268	1232cbf38fce3039	1	01:0030D0F0	
FUN_L01_0030d260	shared	168	049dcdf2f96028bb	10	01:0030D260,02:002F02A8,03:002E0C90,04:002E5CF0,05:0031DB28,06:0030A1A8,08:00309F48,11:0031BB20,12:00309A10,14:00308FA8	
FUN_L01_0030d308	shared	744	45023cf1aef7be8d	10	01:0030D308,02:002F0350,03:002E0D38,04:002E5D98,05:0031DBD0,06:0030A250,08:00309FF0,11:0031BBC8,12:00309AB8,14:00309050	
FUN_L01_0030d5f0	shared	656	1321684da65f5ffa	10	01:0030D5F0,02:002F0638,03:002E1020,04:002E6080,05:0031DEB8,06:0030A538,08:0030A2D8,11:0031BEB0,12:00309DA0,14:00309338	
FUN_L01_0030d880	shared	1308	72d04e04f70eb8e7	10	01:0030D880,02:002F08C8,03:002E12B0,04:002E6310,05:0031E148,06:0030A7C8,08:0030A568,11:0031C140,12:0030A030,14:003095C8	
FUN_L01_0030dda0	shared	196	ccee911d03add5d8	10	01:0030DDA0,02:002F0DE8,03:002E17D0,04:002E6830,05:0031E668,06:0030ACE8,08:0030AA88,11:0031C660,12:0030A550,14:00309AE8	
FUN_L01_0030de68	shared	104	2b91dbcee5174ffa	10	01:0030DE68,02:002F0EB0,03:002E1898,04:002E68F8,05:0031E730,06:0030ADB0,08:0030AB50,11:0031C728,12:0030A618,14:00309BB0	
FUN_L01_0030ded0	shared	112	9cffafc141441559	10	01:0030DED0,02:002F0F18,03:002E1900,04:002E6960,05:0031E798,06:0030AE18,08:0030ABB8,11:0031C790,12:0030A680,14:00309C18	
FUN_L01_0030df40	shared	4052	ebf6296002e965b1	10	01:0030DF40,02:002F0F88,03:002E1970,04:002E69D0,05:0031E808,06:0030AE88,08:0030AC28,11:0031C800,12:0030A6F0,14:00309C88	
FUN_L01_0030ef18	level	456	7ec8ce029f85be17	1	01:0030EF18	
FUN_L01_0030f0e0	level	292	2199e78d6ffca7ad	1	01:0030F0E0	
FUN_L01_0030f208	level	304	7921045f5cd6432a	1	01:0030F208	
FUN_L01_00314e98	shared	1212	04583cff1929bc9b	5	01:00314E98,05:00325340,08:00311890,16:002EFE48,17:002FC2C8	
FUN_L01_00315358	shared	2688	644744c7ac2a688c	5	01:00315358,05:00325800,08:00311D50,16:002F0308,17:002FC788	
FUN_L01_00315de0	shared	588	2ea39e8a1ac66dc6	5	01:00315DE0,05:00326288,08:003127D8,16:002F0D90,17:002FD210	
FUN_L01_00316030	shared	132	8cfb960721639354	5	01:00316030,05:003264D8,08:00312A28,16:002F0FE0,17:002FD460	
FUN_L01_00316e88	shared	100	8864c3cb95a97bbd	3	01:00316E88,04:002EE798,08:00313880	
FUN_L01_00319928	shared	928	41e0d1d80be5cbc4	9	01:00319928,05:0032B478,08:00316AA8,09:003158E8,11:00328B50,12:00316680,13:00318360,14:00316990,16:002F58A0	
FUN_L01_00319f18	shared	348	a68026a80c722493	13	01:00319F18,02:002FC6F0,03:002ED800,05:0032BA68,07:00329740,08:00316E48,09:00315C88,10:002F6E58,12:00316A20,14:00316D30,15:002F9230,16:002F5C40,18:00306DD0	
FUN_L01_0031a078	shared	176	649f8e18f1071c2c	7	01:0031A078,05:0032BBC8,11:00328EF0,12:00316B80,15:002F9390,17:00300E70,18:00306F30	
FUN_L01_0031a128	shared	308	c62feb0aa93c3e02	11	01:0031A128,02:002FC850,03:002ED960,04:002F1988,05:0032BC78,07:003298A0,08:00317230,12:00316C30,14:00317118,16:002F5DA0,18:00306FE0	
FUN_L02_001fc008	shared	104	ad95809cb22ba3ee	16	02:001FC008,03:001E4A88,04:001DDA88,05:00219D88,06:00202D08,07:00212F08,09:0020A488,10:001DE788,11:0021C988,12:0020DB88,13:001F6B08,14:001FE308,15:001E4808,16:001E9988,17:001E8188,18:001F3E08	
FUN_L02_0020bc88	shared	260	e8898172ad047482	8	02:0020BC88,04:001ED6B8,06:00212938,08:0020D760,11:0022C5B8,12:0021D810,13:00206738,18:00203A38	
FUN_L02_0021b698	level	1000	634c5207c3931920	1	02:0021B698	
FUN_L02_0021ff70	level	836	5b27ebb4aacad4f7	1	02:0021FF70	
FUN_L02_002203e8	level	544	118ca195cd8c3561	1	02:002203E8	
FUN_L02_00220b80	shared	180	4346f7297b0542b8	2	02:00220B80,14:00223710	
FUN_L02_002216a0	level	2072	13fa8aaa1a754a0d	1	02:002216A0	
FUN_L02_00222270	level	912	d1e6120024503cef	1	02:00222270	
FUN_L02_002226d8	shared	1292	f6d9a5292887e2e4	5	02:002226D8,03:0020BBD8,11:002437E8,12:00234E88,15:0020B7C0	
FUN_L02_00223450	shared	1832	97f3e1845395876f	8	02:00223450,03:0020C950,05:00242258,08:00225ED0,11:00244560,15:0020C538,16:00211F88,18:0021C2B0	
FUN_L02_00225c20	level	19120	2a9f4c061e47d832	1	02:00225C20	
FUN_L02_0022b728	level	13156	931d28ed4f70cf0f	1	02:0022B728	
FUN_L02_0022ee00	shared	3008	f62af1d8ea593a90	8	02:0022EE00,06:002398B8,08:00235550,11:00251E90,12:00244638,14:00233A48,15:0021B4B8,18:0022CD70	
FUN_L02_00230988	level	18616	f5e24743e3aff460	1	02:00230988	
FUN_L02_00237478	level	96	38c93c4244e13911	1	02:00237478	
FUN_L02_0023ccc8	level	224	c356aa22191f2c5a	1	02:0023CCC8	
FUN_L02_0023cda8	level	980	a2564746ba8c5ead	1	02:0023CDA8	
FUN_L02_002400c8	level	104	64ae7b9d2290fb1b	1	02:002400C8	
FUN_L02_0024f748	shared	824	9b1400b68c6f5354	7	02:0024F748,03:0023BED0,05:002775C8,07:00275D88,08:002577E8,09:0026CCE8,14:00255788	
FUN_L02_0024fa80	shared	544	e32b9cbc49e46d9c	7	02:0024FA80,03:0023C208,05:00277900,07:002760C0,08:00257B20,09:0026D020,14:00255AC0	
FUN_L02_0024fca0	shared	836	f44f6f7fe7899760	7	02:0024FCA0,03:0023C428,05:00277B20,07:002762E0,08:00257D40,09:0026D240,14:00255CE0	
FUN_L02_0025c758	shared	36	1340f8b37ffc5274	5	02:0025C758,03:00248B78,05:002843A8,12:00272FE0,15:002499D8	
FUN_L02_00264e40	shared	44	769fa99afd0e1629	2	02:00264E40,16:0025EA88	
FUN_L02_00264e70	shared	860	e64004ac83b88766	2	02:00264E70,16:0025EAB8	
FUN_L02_002651d0	shared	216	d75eb1a785da39f1	2	02:002651D0,16:0025EE18	
FUN_L02_002a4058	shared	116	34336696c5a4686e	7	02:002A4058,03:00291198,05:002CE098,07:002CC608,08:002ACC70,09:002C11A0,14:002AABF8	
FUN_L02_002a40d0	shared	28	f9fd50615e1438be	5	02:002A40D0,05:002CE110,07:002CC680,08:002ACCE8,18:002E9E50	
FUN_L02_002a40f0	shared	1516	fdfb527133b19a0a	7	02:002A40F0,03:00291218,05:002CE130,07:002CC6A0,08:002ACD08,09:002C1220,14:002AAC78	
FUN_L02_002a46e0	shared	268	4abd5d3ed11dd403	7	02:002A46E0,03:00291808,05:002CE720,07:002CCC90,08:002AD2F8,09:002C1810,14:002AB268	
FUN_L02_002a47f8	level	28	7658dc8383607025	1	02:002A47F8,02:002A4880	
FUN_L02_002a4818	level	104	d2833a5ee946afb2	1	02:002A4818	
FUN_L02_002cb978	shared	44	74968c3c9884c3b5	3	02:002CB978,08:002DA3C0,18:002CE7D0	
FUN_L02_002d3a50	level	580	399dbdba817f06d7	1	02:002D3A50	
FUN_L02_002d3c98	level	308	e2a5cc365254b783	1	02:002D3C98	
FUN_L02_002d3dd0	level	128	8c306cbfd8676c5b	1	02:002D3DD0	
FUN_L02_002d3e50	level	6148	8b09a3d6c06d1c68	1	02:002D3E50	
FUN_L02_002d5658	level	208	2d5ee235727aff9d	1	02:002D5658	
FUN_L02_002d5728	level	208	b5afc2dc85501387	1	02:002D5728	
FUN_L02_002d57f8	level	620	f0479dab23743d25	1	02:002D57F8	
FUN_L02_002d5a68	level	540	72daf576e11d5c62	1	02:002D5A68	
FUN_L02_002d5c88	level	1168	8ce5020b61d05657	1	02:002D5C88	
FUN_L02_002d6118	level	168	0ba2e6f46a98bfcd	1	02:002D6118	
FUN_L02_002d6210	level	124	12288ad01f1852c2	1	02:002D6210	
FUN_L02_002d6340	level	128	bccd404fab0e3477	1	02:002D6340	
FUN_L02_002d63c0	level	144	5adb7a1780b0f35c	1	02:002D63C0	
FUN_L02_002d7748	level	3696	7fcf8c54fa9b0c1c	1	02:002D7748	
FUN_L02_002d85b8	level	852	d4b9e272462fe2d7	1	02:002D85B8	
FUN_L02_002d8910	shared	444	96b03061d0fb3821	7	02:002D8910,04:002D4920,06:002E1780,08:002F1E70,11:002FCBE8,13:002F5458,18:002D8E10	
FUN_L02_002d8ad0	shared	2080	972bfd56dbc0032a	7	02:002D8AD0,04:002D4AE0,06:002E1940,08:002F2030,11:002FCDA8,13:002F5618,18:002D8FD0	
FUN_L02_002d92f0	shared	244	86110afec1a28a12	7	02:002D92F0,04:002D5300,06:002E2160,08:002F2850,11:002FD5C8,13:002F5E38,18:002D97F0	
FUN_L02_002d93e8	shared	4072	0c1cf033bf047019	7	02:002D93E8,04:002D53F8,06:002E2258,08:002F2948,11:002FD6C0,13:002F5F30,18:002D98E8	
FUN_L02_002da3d8	shared	744	3fbd161dbbfafbd8	7	02:002DA3D8,04:002D63E8,06:002E3248,08:002F3938,11:002FE6B0,13:002F6F20,18:002DA8D8	
FUN_L02_002da6c0	shared	632	1d1e69402e8f766e	7	02:002DA6C0,04:002D66D0,06:002E3530,08:002F3C20,11:002FE998,13:002F7208,18:002DABC0	
FUN_L02_002da938	shared	1360	a04c173ed5ce3f93	7	02:002DA938,04:002D6948,06:002E37A8,08:002F3E98,11:002FEC10,13:002F7480,18:002DAE38	
FUN_L02_002dae88	shared	208	0918d9c20860643e	7	02:002DAE88,04:002D6E98,06:002E3CF8,08:002F43E8,11:002FF160,13:002F79D0,18:002DB388	
FUN_L02_002dbd38	level	1424	df56345a1b4c4f56	1	02:002DBD38	
FUN_L02_002dc2c8	level	996	45fd1f88c341d733	1	02:002DC2C8	
FUN_L02_002dc6b0	shared	864	ebaf391b3d6042ef	2	02:002DC6B0,12:002E8C10	
FUN_L02_002dca10	level	296	a04f2dd4f144b4fb	1	02:002DCA10	
FUN_L02_002dcb38	level	1188	67f7b47b99ada9da	1	02:002DCB38	
FUN_L02_002dcfe0	level	708	a4d82304eae356ca	1	02:002DCFE0	
FUN_L02_002dd2a8	level	200	c157218717565897	1	02:002DD2A8	
FUN_L02_002dd370	level	348	83ae01b7149038cc	1	02:002DD370	
FUN_L02_002ddc00	level	136	6c605984a693de05	1	02:002DDC00,02:002DF8C0	
FUN_L02_002ddc88	level	4852	f2df4af37d7f4ff8	1	02:002DDC88	
FUN_L02_002def80	level	304	10cc06abf1b373f4	1	02:002DEF80	
FUN_L02_002df0b0	level	248	474c2eb39f9398b8	1	02:002DF0B0	
FUN_L02_002df1a8	level	560	0bb89c0e608534d2	1	02:002DF1A8	
FUN_L02_002df3d8	level	852	99eb0bd9571ba341	1	02:002DF3D8	
FUN_L02_002df730	level	400	baaaf6d5ba6e2335	1	02:002DF730	
FUN_L02_002df948	level	652	120bed0f4ccd8fe5	1	02:002DF948	
FUN_L02_002dffc8	level	368	36bd00105ee6ed3a	1	02:002DFFC8	
FUN_L02_002e0138	level	328	892f3c771367bd1a	1	02:002E0138	
FUN_L02_002e0280	level	452	cbde8f0308eeaf30	1	02:002E0280	
FUN_L02_002e0450	shared	720	5667516244157f9d	16	02:002E0450,03:002D0BD8,04:002D9A58,05:003098D8,06:002E6270,07:00302238,09:002F8C70,10:002C9590,11:00300010,12:002F7B28,13:002FA708,14:002F2CB8,15:002DB100,16:002D6378,17:002D95A8,18:002E19D8	
FUN_L02_002e0720	level	992	38f143f10d71c5ae	1	02:002E0720	
FUN_L02_002e0cd8	shared	232	b76958612b06a2e3	7	02:002E0CD8,02:002E1868,04:002E2F90,05:00317FB8,08:00302C00,11:002D0EC0,11:002F0D58,14:002FB938,14:002FEEF8,16:002E6720	
FUN_L02_002e0dc0	level	2728	f686806d66873534	1	02:002E0DC0	
FUN_L02_002e1950	level	1636	92e88d44f974f3e4	1	02:002E1950	
FUN_L02_002e1fb8	level	612	b33c0010e2970d95	1	02:002E1FB8	
FUN_L02_002e2228	level	1240	ab07d433b13a3170	1	02:002E2228	
FUN_L02_002ea048	level	336	82d7eb234d5cdcc9	1	02:002EA048	
FUN_L02_002ea198	level	116	78805d562824a732	1	02:002EA198	
FUN_L02_002ea210	shared	1468	a08a29d0dea211a4	2	02:002EA210,06:002F4638	
FUN_L02_002ea7d0	shared	224	518e004b3b7c66bb	5	02:002EA7D0,06:002F4BF8,06:002F7548,10:002D9810,15:002EBA70,17:002E3950,17:002F1488	
FUN_L02_002ea8b0	shared	548	8367ddbbae840719	4	02:002EA8B0,06:002F4CD8,15:002EBB50,17:002F1568	
FUN_L02_002ebf20	level	776	2c7ca15ec5076ca1	1	02:002EBF20	
FUN_L02_002ec228	level	220	785eb803b1ef5010	1	02:002EC228	
FUN_L02_002ec308	shared	228	0801e4d7727488b6	3	02:002EC308,02:002ECC68,09:00305C10,09:00306570,10:002EB958	
FUN_L02_002ec3f0	shared	200	8f6707570ce7edca	2	02:002EC3F0,09:00305CF8	
FUN_L02_002ec4b8	shared	1400	4bfe02a03f87c7f7	2	02:002EC4B8,09:00305DC0	
FUN_L02_002eca30	shared	564	0c97fbecd0090ed5	2	02:002ECA30,09:00306338	
FUN_L02_002ecd50	shared	200	70a27c8de2b96d85	3	02:002ECD50,09:00306658,10:002EBA40	
FUN_L02_002ece18	shared	1544	d76ea09dfa6036b4	3	02:002ECE18,09:00306720,10:002EBB08	
FUN_L02_002ed420	shared	564	e9e0aa834af1cb83	3	02:002ED420,09:00306D28,10:002EC110	
FUN_L02_002ed658	shared	592	eb582b7b787b150d	3	02:002ED658,09:00306F60,10:002EC348	
FUN_L02_002ee890	level	1932	e0d0545bbdb799bc	1	02:002EE890	
FUN_L02_002ef020	level	2516	728c46f26fc71b09	1	02:002EF020	
FUN_L02_002f1f60	shared	248	771c9a48558d8a37	7	02:002F1F60,03:002E2948,04:002E79A8,08:0030BC00,09:0030A678,11:0031D7D8,12:0030B6C8	
FUN_L02_002f6570	shared	36	074cbe30482e8d10	7	02:002F6570,03:002E6F58,06:00310690,07:00323FD0,08:003101F0,12:003107F0,18:00301258	
FUN_L02_002f6598	shared	100	21a440cf507e65ad	8	02:002F6598,03:002E6F80,06:003106B8,07:00323FF8,08:00310218,12:00310818,15:002F28B8,18:00301280	
FUN_L02_002f8a18	level	132	6881a4d4d18715d8	1	02:002F8A18	
FUN_L02_002f8aa0	shared	48	db52fda2f68f3f4d	3	02:002F8AA0,06:00312B40,17:002FE2C8	
FUN_L02_002fa6d8	shared	52	be02942fa0ca4f1f	16	02:002FA6D8,03:002EB3D0,04:002F0410,05:00328F48,06:00314778,07:00328058,09:003141E8,10:002F4AE0,11:00327A58,12:003148B8,13:00316B10,14:003131A8,15:002F6948,16:002F3A50,17:002FFF00,18:003052E0	
FUN_L02_002fa710	shared	96	3e2aba92c51a5902	16	02:002FA710,03:002EB408,04:002F0448,05:00328F80,06:003147B0,07:00328090,09:00314220,10:002F4B18,11:00327A90,12:003148F0,13:00316B48,14:003131E0,15:002F6980,16:002F3A88,17:002FFF38,18:00305318	
FUN_L02_002fa770	shared	84	bdd49d450f918f29	16	02:002FA770,03:002EB468,04:002F04A8,05:00328FE0,06:00314810,07:003280F0,09:00314280,10:002F4B78,11:00327AF0,12:00314950,13:00316BA8,14:00313240,15:002F69E0,16:002F3AE8,17:002FFF98,18:00305378	
FUN_L02_002fa7c8	shared	496	446dd6fd8237f3ae	16	02:002FA7C8,03:002EB4C0,04:002F0500,05:00329038,06:00314868,07:00328148,09:003142D8,10:002F4BD0,11:00327B48,12:003149A8,13:00316C00,14:00313298,15:002F6A38,16:002F3B40,17:002FFFF0,18:003053D0	
FUN_L02_002fb648	shared	316	f376339bbf1a3fb5	7	02:002FB648,03:002EC9A8,06:003156E8,07:00328468,08:00315648,12:00315828,18:003056F0	
FUN_L02_002fb788	shared	576	4217860c167ffebe	7	02:002FB788,03:002ECAE8,06:00315828,07:003285A8,08:00315788,12:00315968,18:00305830	
FUN_L02_002fb9c8	shared	2244	25e49b43a0205910	7	02:002FB9C8,03:002ECD28,06:00315A68,07:003287E8,08:003159C8,12:00315BA8,18:00305A70	
FUN_L02_002fc298	shared	100	dfa478a18332b549	7	02:002FC298,03:002ED5F8,06:00316368,07:003290B8,08:00316298,12:00316478,18:00306370	
FUN_L03_002002f8	shared	492	adfd2a304260880d	6	03:002002F8,06:0021EF38,08:002194E0,14:0021A058,16:002051C8,18:0020F898	
FUN_L03_00205830	level	512	7728564aaa44b936	1	03:00205830	
FUN_L03_0020ef60	level	26256	7d743382ed66b1f1	1	03:0020EF60	
FUN_L03_00216648	level	15172	1ed76b09f5da0867	1	03:00216648	
FUN_L03_0021c668	level	20140	6b2187aa765de252	1	03:0021C668	
FUN_L03_0022c728	level	400	f8c916241e95187d	1	03:0022C728	
FUN_L03_0024e6f8	shared	308	bdd9421e480afd77	2	03:0024E6F8,04:00252CE0	
FUN_L03_0024fba8	level	316	3e70b3952d667ac6	1	03:0024FBA8	
FUN_L03_00250a78	shared	100	8be1a1023fbc210b	5	03:00250A78,04:00255150,06:00271AC0,10:00255A40,15:00251C90	
FUN_L03_00250ae8	shared	716	b817c9506af3f4e0	4	03:00250AE8,10:00255AB0,15:00251D00,18:00264C10	
FUN_L03_00260130	shared	224	b5dfecef019bb71a	3	03:00260130,07:0029A018,15:00261560	
FUN_0022dba0	exe	148	30af2d470043fb4c	4	03:0027A618,06:0029AEC0,14:00294028,18:0028D878	audio/voices/allocate_voice_for_group_entry
FUN_L03_00291918	shared	84	940433d2e2e2378c	6	03:00291918,05:002CE830,07:002CCDA0,08:002AD408,09:002C1920,14:002AB378	
FUN_L03_00292578	level	788	ee6fa795ad31b0ba	1	03:00292578	
FUN_L03_00292890	level	1152	32609b901ea7cd5e	1	03:00292890	
FUN_L03_00292d10	level	392	fd361250655eca3c	1	03:00292D10	
FUN_L03_00292e98	level	3256	4ec9e754896b75a0	1	03:00292E98	
FUN_L03_00294c08	level	1412	bb9f84fa644a3cad	1	03:00294C08	
FUN_L03_002953f8	level	264	45f538872447cfa8	1	03:002953F8	
FUN_L03_0029c9d0	level	212	4b020c599f56352f	1	03:0029C9D0	
FUN_L03_0029caa8	level	1348	37057496eec8d72e	1	03:0029CAA8	
FUN_L03_0029cff0	level	452	b501b9697ef77263	1	03:0029CFF0	
FUN_L03_0029d1b8	level	296	b618ff6ea53971e8	1	03:0029D1B8	
FUN_L03_0029d2e0	level	2244	d6b8eda82c189cb0	1	03:0029D2E0	
FUN_L03_0029dba8	level	1996	0293d5452321bdda	1	03:0029DBA8	
FUN_L03_002bad40	level	264	59e0571f19c67168	1	03:002BAD40	
FUN_L03_002bae48	shared	336	7e4ca8806fe544fd	2	03:002BAE48,16:002C3BE8	
FUN_L03_002beba0	shared	188	720767939f603af4	3	03:002BEBA0,08:002E6168,14:002E1758	
FUN_L03_002bec60	shared	772	e49bcde46646abf7	3	03:002BEC60,08:002E6228,14:002E1818	
FUN_L03_002bef68	shared	2976	574280ed3e858039	3	03:002BEF68,08:002E6530,14:002E1B20	
FUN_L03_002c45d8	shared	320	573140750908cbc4	3	03:002C45D8,08:002EE5B0,14:002E7198	
FUN_L03_002c4718	shared	2304	d20f67a971868ade	3	03:002C4718,08:002EE6F0,14:002E72D8	
FUN_L03_002c5b78	level	64	53d8a634c2d1a018	1	03:002C5B78,03:002C6D58	
FUN_L03_002c5bb8	level	3688	0fb7d612e75398cf	1	03:002C5BB8	
FUN_L03_002c6a20	level	532	969f1a9e746e4700	1	03:002C6A20	
FUN_L03_002c6c60	shared	44	1f0a1934e76d9b8d	4	03:002C6C60,11:0030F270,15:002D9570,17:002D7778	
FUN_L03_002c6c90	shared	12	55eea9f847c5a70a	4	03:002C6C90,06:002FC630,06:00303150,06:00304088,14:002FE228,14:002FFC08,16:002DE3A8	
FUN_L03_002c6ca0	level	184	63e9e7f2ced37ec6	1	03:002C6CA0	
FUN_L03_002c6d98	level	128	92afcf46ebd9ae7b	1	03:002C6D98	
FUN_L03_002c6e18	level	440	fa235d7e4a05cfe1	1	03:002C6E18	
FUN_L03_002c6fd0	level	9684	5e48a1bcfe7a3a9c	1	03:002C6FD0	
FUN_L03_002c95a8	level	1784	fe268b3be32b508a	1	03:002C95A8	
FUN_L03_002c9ca0	level	536	291ec5ea80d37458	1	03:002C9CA0	
FUN_L03_002c9eb8	level	2380	1313821d20ee4503	1	03:002C9EB8	
FUN_L03_002ca808	level	924	ec3e389981b1c687	1	03:002CA808	
FUN_L03_002cbea8	level	2432	6a3d4341b7499b7e	1	03:002CBEA8	
FUN_L03_002cc828	level	92	c7e0781424411c27	1	03:002CC828	
FUN_L03_002cc888	level	372	942f3a40a4ef1a0a	1	03:002CC888	
FUN_L03_002cca00	shared	6196	63435dbebcc2a9aa	2	03:002CCA00,07:002FD908	
FUN_L03_002ce238	shared	564	c3b5f90d3651aebb	2	03:002CE238,07:002FF140	
FUN_L03_002d30d8	level	40	809b024d93711d0a	1	03:002D30D8	
FUN_L03_002d3100	level	60	b6743ba525e9dc5f	1	03:002D3100	
FUN_L03_002d3198	level	1916	480000b3368a8123	1	03:002D3198	
FUN_L03_002d3918	level	804	20b6e39485f2f38a	1	03:002D3918	
FUN_L03_002d3c40	level	152	bb1ffbfafdda81cb	1	03:002D3C40,03:002DD0F0	
FUN_L03_002d3cd8	shared	384	7a3227834d9eb866	2	03:002D3CD8,07:0031F780	
FUN_L03_002d3e58	level	128	d1494a340fca1d26	1	03:002D3E58	
FUN_L03_002d4288	level	316	6f01efb41697ff2b	1	03:002D4288	
FUN_L03_002d43c8	level	1012	18bd85f319734ee1	1	03:002D43C8	
FUN_L03_002d47c0	shared	2628	946f583bb75e4d72	3	03:002D47C0,07:00304FF0,15:002DE430	
FUN_L03_002d5208	shared	168	c279dd46b9a5e960	3	03:002D5208,07:00305A38,15:002DEE78	
FUN_L03_002da710	level	352	4bfddf9f65fc881c	1	03:002DA710	
FUN_L03_002da870	level	1968	98c9165828a0c881	1	03:002DA870	
FUN_L03_002db020	level	376	a3e8c3645f2bce88	1	03:002DB020	
FUN_L03_002db198	level	228	d3dde53bcc220f7e	1	03:002DB198	
FUN_L03_002db280	level	512	138c85ab014806fd	1	03:002DB280	
FUN_L03_002db480	shared	216	91bf4a6d148b7974	3	03:002DB480,06:00300F98,12:002EB498	
FUN_L03_002db558	level	2104	6fd577c2b776be41	1	03:002DB558	
FUN_L03_002dbd90	level	1408	17fb4c1ea6a1efc6	1	03:002DBD90	
FUN_L03_002dc310	shared	112	526d75bfaf0ad726	2	03:002DC310,10:002D7FE8	
FUN_L03_002dc478	shared	1304	5725e6a7ba50eea0	4	03:002DC478,05:00317AA0,07:002F61C0,13:002EDBE8	
FUN_L03_002dc9b0	shared	124	5f65d52c1ff9dbb9	2	03:002DC9B0,14:00303370	
FUN_L03_002dca30	level	252	2a68187eaff5e1dc	1	03:002DCA30	
FUN_L03_002dcb30	level	24	a051e5e4319a35f6	1	03:002DCB30	
FUN_L03_002dcb48	level	36	54c2d23aa044d340	1	03:002DCB48	
FUN_L03_002dcbc8	level	248	a430fab3d88f73ac	1	03:002DCBC8	
FUN_L03_002dccc0	level	1068	351656beab0fe77f	1	03:002DCCC0	
FUN_L03_002de370	shared	224	d1b25866c82ef83c	4	03:002DE370,03:002DE458,07:0031D9F8,07:0031DAE0,12:00301D08,12:00301DF0,15:002E5E70,15:002E5F58	
FUN_L03_002df520	level	3248	fc5d06a80f5d538f	1	03:002DF520	
FUN_L03_002e01d0	level	524	ed09337e757b8b29	1	03:002E01D0	
FUN_L03_002e8628	shared	260	ab1bb9b83dfc7f9a	2	03:002E8628,04:002ED608	
FUN_L03_002e8730	shared	316	256bd6941c553c4b	2	03:002E8730,04:002ED710	
FUN_L03_002e8870	shared	204	fb77a2f56932e82a	2	03:002E8870,04:002ED850	
FUN_L03_002e8980	shared	100	e9013f9684d8e027	2	03:002E8980,04:002ED960	
FUN_L03_002eb7e0	level	404	2e11b12bf60d38c6	1	03:002EB7E0	
FUN_L03_002eb978	level	372	55828837ae56d0ec	1	03:002EB978	
FUN_L03_002ebb00	level	340	3cf61ca1ef806dc6	1	03:002EBB00	
FUN_L03_002ebc58	level	276	04978fe4e636bd42	1	03:002EBC58	
FUN_L03_002ebd70	level	64	303938d4d1e51131	1	03:002EBD70	
FUN_L03_002ebdb0	level	52	f2b415c35fbc51f7	1	03:002EBDB0	
FUN_L03_002ebde8	level	92	cdbd4a090eb47ad1	1	03:002EBDE8	
FUN_L04_001f3038	level	164	f4010029a950d3b6	1	04:001F3038	
FUN_L04_001f30e0	level	2456	b85780ab5142c1f3	1	04:001F30E0	
FUN_L04_001f3a80	level	324	ceb7d40a9366b6f1	1	04:001F3A80	
FUN_L04_002418b0	shared	92	9fde2b1b083478d1	2	04:002418B0,17:002495B8	
FUN_L04_00241910	shared	108	a54ce8863fbee383	3	04:00241910,15:0023E4C8,17:00249618	
FUN_L04_0024c4f0	level	160	cb6bb727ce2d92e9	1	04:0024C4F0	
FUN_L04_0024c660	level	368	6078890bc88f5247	1	04:0024C660	
FUN_L04_0024c7d8	level	276	30e71ac3477cba04	1	04:0024C7D8	
FUN_L04_002922d0	level	156	d19a339462d646ce	1	04:002922D0	
FUN_L04_00292370	level	68	d5364acbce475d70	1	04:00292370	
FUN_L04_002923b8	level	716	5ce9ce6632be1075	1	04:002923B8	
FUN_L04_002927d0	level	88	17e76997909b3968	1	04:002927D0	
FUN_L04_00292828	level	1168	ef1320cd9866672c	1	04:00292828	
FUN_L04_00292d48	level	824	e6c6e27008f3bb23	1	04:00292D48	
FUN_L04_00295778	level	1644	f5c841e30d1ee688	1	04:00295778	
FUN_L04_00295de8	level	500	d0b33a2d954b8d0a	1	04:00295DE8	
FUN_L04_0029eb20	level	468	979ccef0c16adfcd	1	04:0029EB20	
FUN_L04_0029ecf8	level	1476	daba2ce8d106a1b2	1	04:0029ECF8	
FUN_L04_002a5a08	level	208	c6ea57b192bde243	1	04:002A5A08	
FUN_L04_002aee30	shared	552	dd3d776c3229f44f	2	04:002AEE30,12:002D4150	
FUN_L04_002af058	shared	1044	672bc460155ac398	2	04:002AF058,12:002D4378	
FUN_L04_002ba3e0	level	100	c73a23232412d78a	1	04:002BA3E0	
FUN_L04_002ba448	level	28	2cb62d5b3cbfd79a	1	04:002BA448	
FUN_L04_002ba470	level	176	53e03ca50090b11c	1	04:002BA470	
FUN_L04_002ba520	level	6960	1c5b0f59ac602b8b	1	04:002BA520	
FUN_L04_002c1b80	level	492	0461645715f26613	1	04:002C1B80	
FUN_L04_002c1d70	level	292	bc7b579d6683a7d2	1	04:002C1D70	
FUN_L04_002c1e98	level	288	3af7c9d7b50d7b4f	1	04:002C1E98	
FUN_L04_002c1fb8	level	692	20856f13d0634d91	1	04:002C1FB8	
FUN_L04_002c2270	level	7616	f4cc937dc4908f9b	1	04:002C2270	
FUN_L04_002c41e0	level	980	a96766871072af6b	1	04:002C41E0	
FUN_L04_002c45b8	shared	276	52ed190364dc86a9	2	04:002C45B8,08:002DA7C0	
FUN_L04_002c46d0	shared	308	366cf00f93ee5e12	2	04:002C46D0,08:002DA8D8	
FUN_L04_002c4808	level	72	bfdfb64acc7ce972	1	04:002C4808	
FUN_L04_002c4850	level	7192	fad50db40a470f5c	1	04:002C4850	
FUN_L04_002c6858	level	856	54d5971fe3d0ce99	1	04:002C6858	
FUN_L04_002c6bb8	level	1032	046ac774943ce0b0	1	04:002C6BB8	
FUN_L04_002ca420	level	4972	dfe3f42edc8dc053	1	04:002CA420	
FUN_L04_002cdda0	level	700	3ce5c9432ead95da	1	04:002CDDA0	
FUN_L04_002ce060	level	28	52e8f2e00e2c4f40	1	04:002CE060	
FUN_L04_002ce080	shared	148	06ee9709a89b0b0b	2	04:002CE080,04:002D34D8,12:002F1118	
FUN_L04_002d1418	level	496	da412579ea3afd9c	1	04:002D1418	
FUN_L04_002d1608	level	172	6c75fb5f37f977aa	1	04:002D1608	
FUN_L04_002d16b8	level	7712	eee7daa1192976c5	1	04:002D16B8	
FUN_L04_002d3580	level	164	421217aa6ba9d65b	1	04:002D3580	
FUN_L04_002d6f68	level	324	7194fe5c2aaad385	1	04:002D6F68	
FUN_L04_002d7e90	level	1572	639b655e4581e4d2	1	04:002D7E90	
FUN_L04_002e1768	level	72	b751cd753603c4f0	1	04:002E1768	
FUN_L04_002e17b0	level	20	f0a621f7dff6f410	1	04:002E17B0,04:002E17C4	
FUN_L04_002e17d8	level	564	05af0295020feba4	1	04:002E17D8	
FUN_L04_002e1a10	level	528	9499898a1aaffbaf	1	04:002E1A10	
FUN_L04_002e1d00	level	568	d6d072b60c4300cc	1	04:002E1D00	
FUN_L04_002e3078	level	552	dc1d7ae6831a8398	1	04:002E3078	
FUN_L04_002e4418	level	3016	0cf053188e82579b	1	04:002E4418	
FUN_L04_002e5178	level	548	3e3766ba40fccfda	1	04:002E5178	
FUN_L04_002e53a0	level	156	d4105b734bc4f682	1	04:002E53A0	
FUN_L05_00237488	shared	248	0e27d0fcddfce5c6	2	05:00237488,16:00206F80	
FUN_L05_00239fc0	level	1336	79a50b7f4c127eae	1	05:00239FC0	
FUN_L05_0023b378	shared	196	f114f06a4dc54a5d	2	05:0023B378,16:0020AFA0	
FUN_L05_0023dc88	shared	2280	a64178188bb33dac	2	05:0023DC88,16:0020D8B0	
FUN_L05_002402a8	level	2160	dcead4313f5fe387	1	05:002402A8	
FUN_L05_00240ed0	level	1080	21f65671a7bfff68	1	05:00240ED0	
FUN_L05_002413e0	level	1548	2df48ee213f6f788	1	05:002413E0	
FUN_L05_00244a70	level	29516	09f283d30ccf33a7	1	05:00244A70	
FUN_L05_0024bdc0	shared	900	2796ca7c05648bcd	2	05:0024BDC0,16:0021D270	
FUN_L05_0024cee8	level	17308	bb5695f15f2160ce	1	05:0024CEE8	
FUN_L05_002515d0	shared	952	a65c71c8f420d72f	2	05:002515D0,16:00222D38	
FUN_L05_00251be8	shared	3836	8511b7d0128dd1d5	2	05:00251BE8,16:00223350	
FUN_L05_00253850	shared	756	cc9e307b19926270	2	05:00253850,16:00224FB8	
FUN_L05_00253b48	shared	1296	07eb24d658a896cd	2	05:00253B48,16:002252B0	
FUN_L05_00254058	shared	768	25d29156fb787deb	2	05:00254058,16:002257C0	
FUN_L05_00254358	shared	688	a17586c93540995a	2	05:00254358,16:00225AC0	
FUN_L05_00254608	shared	2596	b57b5811b35c4c17	2	05:00254608,16:00225D70	
FUN_L05_002551b8	shared	24	d579ccf015ac4325	2	05:002551B8,16:00226920	
FUN_L05_002551d0	shared	36	9147d961ed1e4fd6	2	05:002551D0,16:00226938	
FUN_L05_002551f4	shared	16	758b9476247c2d62	2	05:002551F4,16:0022695C	
FUN_L05_00255208	shared	1664	70f6529cf0a5cd53	2	05:00255208,16:00226970	
FUN_L05_00255960	level	22324	beb61ffd4de371ab	1	05:00255960	
FUN_L05_0025b538	shared	64	a92d8e9bbdd0a630	2	05:0025B538,16:0022DC48	
FUN_L05_00262ae8	shared	108	c835c0f601562e61	2	05:00262AE8,16:002351F8	
FUN_L05_00262b58	shared	1012	db3a2dd328d3c266	2	05:00262B58,16:00235268	
FUN_L05_00262f50	shared	1632	65b7a39bdce46b74	2	05:00262F50,16:00235660	
FUN_L05_00264298	shared	80	b1e6233cf42ddbc7	2	05:00264298,16:002369A8	
FUN_L05_002661a0	shared	68	4a4f9dce6f00592e	2	05:002661A0,16:002388B0	
FUN_L05_002661e8	shared	80	eddb08cee8e0a2c5	2	05:002661E8,16:002388F8	
FUN_L05_00266320	shared	1004	2c71805cde097693	2	05:00266320,16:00238A30	
FUN_L05_00266710	shared	848	eb997b5fd87be1bf	2	05:00266710,16:00238E20	
FUN_L05_002899f8	shared	144	f15488bf7115066f	2	05:002899F8,08:00269C70	
FUN_L05_0028be78	shared	408	31f6c5660d608afd	5	05:0028BE78,06:00270B68,07:0028A440,10:00254AE8,11:002873B0	
FUN_L05_0029bbe0	level	292	cecce3d95a97ec3f	1	05:0029BBE0	
FUN_L05_0029be70	level	324	93dbf8e0a88d3764	1	05:0029BE70	
FUN_L05_002d1688	level	1960	f7e4a15669873748	1	05:002D1688	
FUN_L05_002d1e30	level	420	ea580001ac005326	1	05:002D1E30	
FUN_L05_002d1fd8	level	508	74d8ebe2f2de7428	1	05:002D1FD8	
FUN_L05_002d4168	shared	264	c9ee140b6ab37f06	2	05:002D4168,16:002A3E30	
FUN_L05_002d6f48	level	212	e0b2b5d391f0886c	1	05:002D6F48	
FUN_L05_002d7020	level	288	ac5696a722ecb612	1	05:002D7020	
FUN_L05_002d7140	level	1872	87b26f06d6276db5	1	05:002D7140	
FUN_L05_002d7890	level	140	2da58b80440ccf52	1	05:002D7890	
FUN_L05_002d7920	level	960	4150ff1c82ec8a76	1	05:002D7920	
FUN_L05_002dac80	level	728	b988285e2d62c86b	1	05:002DAC80	
FUN_L05_002daf58	level	188	c8493374b71c1217	1	05:002DAF58	
FUN_L05_002db018	level	540	112c458b48923794	1	05:002DB018	
FUN_L05_002db238	level	764	3b9ffea9d2a84449	1	05:002DB238	
FUN_L05_002f4f60	shared	560	c01365d1c9753392	9	05:002F4F60,07:002F23E8,09:002EA098,10:002BAB98,12:002E4A38,13:002E4930,14:002DB0D8,15:002C7118,17:002C7A10	
FUN_L05_002f5190	shared	112	3af62ddaf4a2c3eb	9	05:002F5190,07:002F2618,09:002EA2C8,10:002BADC8,12:002E4C68,13:002E4B60,14:002DB308,15:002C7348,17:002C7C40	
FUN_L05_002f5200	shared	496	b2c6733974fed7e3	9	05:002F5200,07:002F2688,09:002EA338,10:002BAE38,12:002E4CD8,13:002E4BD0,14:002DB378,15:002C73B8,17:002C7CB0	
FUN_L05_002f8080	shared	308	dd2b8e92aaa4ce1a	5	05:002F8080,07:002F5508,11:002F30B0,12:002EC478,18:002CE800	
FUN_L05_002f81b8	shared	360	b2cb1d8de49f8bb7	5	05:002F81B8,07:002F5640,11:002F31E8,12:002EC5B0,18:002CE938	
FUN_L05_002f8718	level	140	0b7066d3d7b25cb5	1	05:002F8718	
FUN_L05_002f87a8	shared	920	e7576b19b03b069e	2	05:002F87A8,16:002C7788	
FUN_L05_00301f48	level	5188	490bd56069fbdf6a	1	05:00301F48	
FUN_L05_00303390	level	1908	7e0ac2f60d7c7b64	1	05:00303390	
FUN_L05_00303b08	level	840	9f52e41af1848a0b	1	05:00303B08	
FUN_L05_00303e50	level	304	6fe31328c73475ea	1	05:00303E50	
FUN_L05_00303f80	level	216	e92f202717fa531a	1	05:00303F80	
FUN_L05_00304058	level	712	80739d03381e260f	1	05:00304058	
FUN_L05_00304320	level	3672	8fe142890f614d5e	1	05:00304320	
FUN_L05_00305178	level	1824	8c661dd3b3b0f938	1	05:00305178	
FUN_L05_00305898	level	328	f2ab9ce809390d46	1	05:00305898	
FUN_L05_00306d30	level	224	84605374cba28f78	1	05:00306D30	
FUN_L05_00306e10	level	512	7148723313c50382	1	05:00306E10	
FUN_L05_00307010	shared	836	025e2ba5344539d4	2	05:00307010,16:002CFC00	
FUN_L05_00307358	level	276	a5aff5ba9e9362f1	1	05:00307358	
FUN_L05_00307470	level	16	7edc7f305b659cf7	1	05:00307470	
FUN_L05_00307480	level	236	ccd3c303dbca351b	1	05:00307480	
FUN_L05_00307570	level	924	0f9874e5e09daf56	1	05:00307570	
FUN_L05_00307910	level	2596	1522e2b4ce6f5852	1	05:00307910	
FUN_L05_0030bdd8	level	448	9b2cb0e99e6bbaf0	1	05:0030BDD8	
FUN_L05_0030bf98	level	272	db3ed2523633ec0a	1	05:0030BF98	
FUN_L05_0030c0a8	shared	372	aafcf96e58bff5e8	2	05:0030C0A8,07:00304738	
FUN_L05_0030c220	shared	908	e215b9e8eb92d590	2	05:0030C220,07:003048B0	
FUN_L05_0030c5b0	shared	888	0a789d79b124f5b2	5	05:0030C5B0,11:00302AE0,15:002DDD00,17:002DC078,18:002E1508	
FUN_L05_0030ca80	level	2876	aefe02827a0eaf32	1	05:0030CA80	
FUN_L05_0030d5c0	level	184	f85273c7394c3af8	1	05:0030D5C0	
FUN_L05_0030d6a0	level	532	579e93af47a62daf	1	05:0030D6A0	
FUN_L05_0030dc68	level	552	cb07a3aa2a75d1dc	1	05:0030DC68	
FUN_L05_0030de90	level	868	3d4efcfd60b9bd23	1	05:0030DE90	
FUN_L05_0030e1f8	level	784	eb3bebc056c86cd5	1	05:0030E1F8	
FUN_L05_0030e508	level	748	055e90b82a68d70e	1	05:0030E508	
FUN_L05_0030e7f8	level	2588	653b297bb2322484	1	05:0030E7F8	
FUN_L05_0030f218	level	492	8101bde48e71a266	1	05:0030F218	
FUN_L05_0030f408	level	444	209a115b4ac96220	1	05:0030F408	
FUN_L05_0030f5c8	level	1156	5c0734977028b1c9	1	05:0030F5C8	
FUN_L05_00314eb0	level	576	3dcd0e7eba75f10a	1	05:00314EB0	
FUN_L05_003150f0	level	1500	40fa2141469a6759	1	05:003150F0	
FUN_L05_003156d0	level	2060	31a611bfd587f85a	1	05:003156D0	
FUN_L05_00315ee0	level	144	fc3be27cdb5d1776	1	05:00315EE0	
FUN_L05_00315f70	level	256	621914754b24bc29	1	05:00315F70	
FUN_L05_00316070	level	156	b3826d1c27d1029d	1	05:00316070	
FUN_L05_00316110	level	328	625df7c404f62378	1	05:00316110	
FUN_L05_00316258	level	1092	da20188bcd4f9137	1	05:00316258	
FUN_L05_003166a0	level	368	f58e203194f27de6	1	05:003166A0	
FUN_L05_00316810	level	384	74fcee83e5d2ce6c	1	05:00316810	
FUN_L05_00316990	level	292	7dd584016d77086e	1	05:00316990	
FUN_L05_00316ab8	level	2268	b0d780e24925ed11	1	05:00316AB8	
FUN_L05_00317398	shared	216	8cea8781744b47fd	2	05:00317398,11:002D0638	
FUN_L05_00317470	level	1336	a4fbb9434eec74cb	1	05:00317470	
FUN_L05_003180a0	level	1444	1df096ad5e9fd385	1	05:003180A0	
FUN_L05_00318648	shared	172	805b27617ed4b16a	2	05:00318648,08:002DB990	
FUN_L05_003186f8	shared	880	eafbd394cc198ba7	2	05:003186F8,08:002DBA40	
FUN_L05_00318a68	level	300	a9163871f631ac75	1	05:00318A68	
FUN_L05_00318b98	level	220	bfdec88443f1a428	1	05:00318B98	
FUN_L05_00318c78	level	1420	9e8722a53049fc00	1	05:00318C78	
FUN_L05_00319208	level	416	3661fe1a88572c23	1	05:00319208	
FUN_L05_003193a8	level	356	365e045ddb97cf0f	1	05:003193A8	
FUN_L05_00319510	shared	132	71a4c493ac9f72f7	3	05:00319510,14:002F1268,16:002E4B58	
FUN_L05_00319598	shared	96	8cdfb0836cfc8575	2	05:00319598,16:002E4BE0	
FUN_L05_003195f8	shared	152	a3bfc0e4f258cfa0	3	05:003195F8,14:002F1360,16:002E4C40	
FUN_L05_00319690	shared	176	2b40b5d100981902	2	05:00319690,16:002E4CD8	
FUN_L05_00319740	shared	420	4a5b4aa3fe7b1700	4	05:00319740,08:002DC4A0,14:002F1490,16:002E4D88	
FUN_L05_003198e8	shared	220	0a4ace1bab228134	3	05:003198E8,14:002F1638,16:002E4F30	
FUN_L05_00319c28	level	56	5290c7a665c6aefd	1	05:00319C28	
FUN_L05_0031abe0	shared	264	7ddabceb11e9c5d1	2	05:0031ABE0,16:002E0F78	
FUN_L05_0031bf40	level	2460	15ea76decb22b8cd	1	05:0031BF40	
FUN_L05_0031c8e0	shared	1656	6488a8440b33f4b7	2	05:0031C8E0,14:00307AD8	
FUN_L05_0031cf58	shared	508	001384e520d07b3c	2	05:0031CF58,14:00308150	
FUN_L05_0031d160	shared	140	b280334ce89f9354	2	05:0031D160,14:00308358	
FUN_L05_0031d5c8	level	136	d781ed494d640bd6	1	05:0031D5C8	
FUN_L05_00329358	shared	360	51b67a63eb8bf03f	2	05:00329358,16:002F3E60	
FUN_L05_003294c0	shared	120	5d3b13e8fab14c1e	2	05:003294C0,16:002F3FC8	
FUN_L05_00329538	shared	8	b2cb4f23aa0faf58	2	05:00329538,16:002F4040	
FUN_L05_00329540	shared	412	0d4374b4bbe8d82b	2	05:00329540,16:002F4048	
FUN_L05_003296e0	shared	500	f62ff5d6607b6b4e	2	05:003296E0,16:002F41E8	
FUN_L05_003298d8	shared	1036	ce7f24194ca432af	2	05:003298D8,16:002F43E0	
FUN_L05_00329ce8	shared	2544	cb258e854b2aafee	2	05:00329CE8,16:002F47F0	
FUN_L05_0032a6e0	shared	116	25be6d4575951940	2	05:0032A6E0,16:002F51E8	
FUN_L06_00216b88	level	940	811e9e5bbef2f390	1	06:00216B88	
FUN_L06_00217300	level	8	43e0ff5fb948697e	1	06:00217300	
FUN_L06_0021d0a0	shared	156	09f293a1fa297084	3	06:0021D0A0,15:001FE778,18:0020DDE8	
FUN_L06_0021e1a0	shared	2252	5d955b146e37a3f0	2	06:0021E1A0,17:00203290	
FUN_L06_00222fb8	level	612	95ff7e8262f40bc8	1	06:00222FB8	
FUN_L06_00227cf8	shared	280	df579b7345a9813c	2	06:00227CF8,17:0020DA68	
FUN_L06_00227e78	level	952	34bd76ec27c256a7	1	06:00227E78	
FUN_L06_00228360	level	616	e9cab1b56b94bfd0	1	06:00228360	
FUN_L06_00228b40	level	112	3d0cb976b2378048	1	06:00228B40	
FUN_L06_002291d0	shared	896	a096777f66211fad	2	06:002291D0,17:0020F128	
FUN_L06_00229650	level	1992	514b954d82dd59d9	1	06:00229650	
FUN_L06_0022a1d0	shared	956	0e9912784acc2b77	2	06:0022A1D0,14:00224DB0	
FUN_L06_0022b438	level	1964	4123d60873c5bd8b	1	06:0022B438	
FUN_L06_0022e020	level	26100	9da91f10d347fd70	1	06:0022E020	
FUN_L06_002348d0	shared	1340	a7805579977c8d08	2	06:002348D0,17:0021D760	
FUN_L06_002356a0	level	16004	df143791b15db909	1	06:002356A0	
FUN_L06_00239528	shared	120	b6ecb1504b63628d	2	06:00239528,17:00223380	
FUN_L06_0023b440	level	26244	9090b612cbb9e816	1	06:0023B440	
FUN_L06_00249720	shared	932	380b57c4b194717e	4	06:00249720,07:00262060,13:00245CE0,18:0023CD48	
FUN_L06_002b4770	level	672	d7ca53cd819e84e0	1	06:002B4770	
FUN_L06_002d8178	shared	920	1dd2ed455077152d	2	06:002D8178,10:002BCCC0	
FUN_L06_002d8510	shared	144	b8a793e59e1f29cf	2	06:002D8510,10:002BD058	
FUN_L06_002d85a0	shared	404	ce9fbbbfda49f09d	2	06:002D85A0,10:002BD0E8	
FUN_L06_002d8738	shared	1116	f14e6b11af1256cd	2	06:002D8738,10:002BD280	
FUN_L06_002d8b98	shared	132	3e502f41f74f7ba4	2	06:002D8B98,10:002BD6E0	
FUN_L06_002d8c20	shared	248	cfbfefcd10769b5d	2	06:002D8C20,10:002BD768	
FUN_L06_002d9d10	level	248	220ee150f49b0c39	1	06:002D9D10	
FUN_L06_002d9e08	level	108	c6a05e88b32b1509	1	06:002D9E08	
FUN_L06_002d9e78	level	100	5b02c7901e58d7e8	1	06:002D9E78	
FUN_L06_002e6148	shared	48	8f6f8165f16314da	2	06:002E6148,07:00302208	
FUN_L06_002e8678	shared	3704	25521d580b80d45b	2	06:002E8678,10:002CC8B8	
FUN_L06_002e94f0	shared	1192	0e4ec5ee7a927721	2	06:002E94F0,10:002CD730	
FUN_L06_002e9998	shared	268	194943ff349a8a19	2	06:002E9998,10:002CDBD8	
FUN_L06_002e9aa8	shared	184	d613c607c779f353	2	06:002E9AA8,10:002CDCE8	
FUN_L06_002e9b60	shared	428	ee75bd5b98c9f399	2	06:002E9B60,10:002CDDA0	
FUN_L06_002e9d10	level	280	f82bcd8124cafb7a	1	06:002E9D10	
FUN_L06_002e9e30	level	108	dbcc4cba6de10b03	1	06:002E9E30	
FUN_L06_002e9ea0	level	140	6a21f8dc9aa77f2d	1	06:002E9EA0	
FUN_L06_002e9f30	shared	616	7d920f9c0286a0c9	2	06:002E9F30,10:002CDF68	
FUN_L06_002ea198	shared	768	58b283b7ab9a0b59	2	06:002EA198,10:002CE1D0	
FUN_L06_002ea498	shared	324	deb27c4c6e57d593	2	06:002EA498,10:002CE4D0	
FUN_L06_002ea5e0	shared	196	362e2253c28be2ae	2	06:002EA5E0,10:002CE618	
FUN_L06_002ea6a8	shared	144	9c7bf20bb6d11068	2	06:002EA6A8,06:002EA738,10:002CE6E0,10:002CE770	
FUN_L06_002ea7c8	shared	56	095dc30c9ad7339a	2	06:002EA7C8,10:002CE800	
FUN_L06_002f0040	shared	8456	9bd838d156b6a4dc	2	06:002F0040,10:002D4078	
FUN_L06_002f2148	shared	264	866e04740ebc5dab	2	06:002F2148,10:002D6180	
FUN_L06_002f2250	shared	1724	500b8bf23b404130	2	06:002F2250,10:002D6288	
FUN_L06_002f2910	shared	788	b8e39d9608881dc5	2	06:002F2910,10:002D6948	
FUN_L06_002f2c28	shared	1732	05e4756af2c9a9ea	2	06:002F2C28,10:002D6C60	
FUN_L06_002f32f0	shared	244	1dd230b2c4cc7820	2	06:002F32F0,10:002D7328	
FUN_L06_002f33e8	shared	236	059d8c5be90b0deb	2	06:002F33E8,10:002D7420	
FUN_L06_002f34d8	shared	360	d817131f4c675fe0	2	06:002F34D8,10:002D7510	
FUN_L06_002f3640	shared	396	f55765cbe9da341e	2	06:002F3640,10:002D7678	
FUN_L06_002f37d0	shared	248	50a5506e5345faf8	2	06:002F37D0,10:002D7808	
FUN_L06_002f38c8	shared	524	a74c1e6e58777e5b	2	06:002F38C8,10:002D7900	
FUN_L06_002f3ad8	level	664	944f439a039e7ff6	1	06:002F3AD8	
FUN_L06_002f3d70	level	956	f3cdcab9c29c66ff	1	06:002F3D70	
FUN_L06_002f4130	level	608	d1332d7335c7f079	1	06:002F4130	
FUN_L06_002f4390	level	524	86feb4f4caa1d6f3	1	06:002F4390	
FUN_L06_002f45a0	level	80	1714e9b952f130bb	1	06:002F45A0	
FUN_L06_002f45f0	level	72	b8799ad304db5887	1	06:002F45F0	
FUN_L06_002f4f00	shared	1120	da8f9fe19babc94a	3	06:002F4F00,17:002E2C58,18:002EC3E8	
FUN_L06_002f5360	level	136	bbb062b1dbec0365	1	06:002F5360	
FUN_L06_002f53e8	level	180	519abfeb1ef59f52	1	06:002F53E8	
FUN_L06_002f54a0	level	252	cd616758fd8be5c4	1	06:002F54A0	
FUN_L06_002f55a0	level	2008	6ff875d4f59fb304	1	06:002F55A0	
FUN_L06_002f5d78	level	1784	a074be3a58d43ebe	1	06:002F5D78	
FUN_L06_002f6470	level	2396	abddf36d0f7891d6	1	06:002F6470	
FUN_L06_002f6dd0	level	560	97188c12521442be	1	06:002F6DD0	
FUN_L06_002f7000	level	648	19e7049388b2f463	1	06:002F7000	
FUN_L06_002f7288	shared	700	2e7ac667e3def65c	3	06:002F7288,10:002D9550,17:002E3690	
FUN_L06_002f7628	shared	772	1abe9390e7417d16	3	06:002F7628,10:002D98F0,17:002E3A30	
FUN_L06_002f7930	shared	392	3bcb01fbf4d4c5f6	4	06:002F7930,08:00302A78,13:003036F0,18:002EC858	
FUN_L06_002f7ab8	shared	432	8bbeb652c718c77a	3	06:002F7AB8,10:002D9BF8,17:002E3D38	
FUN_L06_002f7c68	shared	268	3f539eb2f355aff7	3	06:002F7C68,10:002D9DA8,17:002E3EE8	
FUN_L06_002f7d78	level	5228	489ba0797d42885b	1	06:002F7D78	
FUN_L06_002f91e8	level	1200	77f7f2b237c41dca	1	06:002F91E8	
FUN_L06_002f9698	level	96	9182e3e33c35db0b	1	06:002F9698	
FUN_L06_002f96f8	level	588	87bac51efbf4a265	1	06:002F96F8	
FUN_L06_002f9948	level	100	68d359cb7b271b2f	1	06:002F9948	
FUN_L06_002f99b0	level	120	e09f8d96dc615633	1	06:002F99B0	
FUN_L06_002f9a28	level	3992	0dc8d9436921b241	1	06:002F9A28	
FUN_L06_002fa9c0	level	1744	28f9c46e149bf04f	1	06:002FA9C0	
FUN_L06_002fb090	level	180	33a5cbc27465a248	1	06:002FB090	
FUN_L06_002fb148	level	348	a4f355144dc5780b	1	06:002FB148,06:002FB508,06:002FB8C8	
FUN_L06_002fb2a8	level	520	904229eb66767839	1	06:002FB2A8	
FUN_L06_002fb4b0	level	84	0dd94a85001e978d	1	06:002FB4B0,06:002FB870,06:002FBC30	
FUN_L06_002fb668	level	520	d5b30e75d7f0f022	1	06:002FB668,06:002FBA28	
FUN_L06_002fbc88	level	804	07117ddcb4b03e75	1	06:002FBC88	
FUN_L06_002fbfb0	level	1664	ab7035197f92ce3f	1	06:002FBFB0	
FUN_L06_002fc640	level	2632	5dcfa934a5f9a15d	1	06:002FC640	
FUN_L06_002fd088	level	280	96c969c9ff33c300	1	06:002FD088	
FUN_L06_002fd1a0	level	700	98c8ef02b1a5395c	1	06:002FD1A0	
FUN_L06_002fd460	level	740	8637d80ef9c09fe9	1	06:002FD460	
FUN_L06_002fd748	level	740	b91d4b57b5f5c4f7	1	06:002FD748	
FUN_L06_002fda30	level	416	8064e8bc6291931a	1	06:002FDA30	
FUN_L06_002fdbd0	shared	3952	0e1752b8a05b6cc4	2	06:002FDBD0,10:002DABE8	
FUN_L06_002feb40	shared	1472	c6f4d67655545297	2	06:002FEB40,10:002DBB58	
FUN_L06_002ff100	shared	452	c35833387e2afc9d	2	06:002FF100,10:002DC118	
FUN_L06_002ff2c8	shared	952	8fbea7ef00661426	2	06:002FF2C8,10:002DC2E0	
FUN_L06_002ff680	shared	760	be2846e7e25c4415	3	06:002FF680,10:002DC698,13:003098D0	
FUN_L06_002ff978	shared	704	e67e4fbc145c9a14	3	06:002FF978,10:002DC990,13:00309BC8	
FUN_L06_002ffc38	level	116	a70aac96d9fa6929	1	06:002FFC38	
FUN_L06_002ffcb0	level	1476	ac2ce9b5ad6e03b6	1	06:002FFCB0	
FUN_L06_00300278	level	376	7a494b7bb9e61868	1	06:00300278	
FUN_L06_003003f0	level	408	849be0967514599c	1	06:003003F0,06:00300588	
FUN_L06_00300720	level	568	19c194ab1c54684f	1	06:00300720,06:00300958	
FUN_L06_00300b90	shared	204	b435a8e96f6adffb	3	06:00300B90,10:002DD010,13:00303878	
FUN_L06_00300c60	shared	396	f5e4d0371edb8ae2	2	06:00300C60,10:002DD0E0	
FUN_L06_00300df0	level	380	467e4c2d0c124799	1	06:00300DF0	
FUN_L06_00300f70	level	40	bb346881075a30af	1	06:00300F70	
FUN_L06_00301070	level	2844	9f22e6ea18306fea	1	06:00301070	
FUN_L06_00301b90	level	1604	bc41f7efde828531	1	06:00301B90	
FUN_L06_003021d8	shared	552	44d0df855415ab33	2	06:003021D8,18:002D8098	
FUN_L06_00302400	level	376	5624846e26618472	1	06:00302400	
FUN_L06_00302578	level	2652	4552c9a4fb7fe21e	1	06:00302578	
FUN_L06_00302fd8	level	376	2f593a10359ab92e	1	06:00302FD8	
FUN_L06_00303160	level	1512	2278fbc362da48ad	1	06:00303160	
FUN_L06_00303748	level	1056	8ed4c18b85a37edf	1	06:00303748	
FUN_L06_00303b68	level	1212	72f7d73e7389a7ed	1	06:00303B68	
FUN_L06_00304028	level	96	0d9a3d2ccaf401f3	1	06:00304028	
FUN_L06_00304098	level	1820	6186238e469aa0b6	1	06:00304098	
FUN_L06_003047b8	level	60	fef38cbaa2afaf9d	1	06:003047B8	
FUN_L06_003047f8	level	32	8223a25261ee9add	1	06:003047F8	
FUN_L06_00304818	level	480	50f2f651089adf14	1	06:00304818	
FUN_L06_003049f8	level	1544	48c49bb22c9f0ae2	1	06:003049F8	
FUN_L06_00305000	level	364	1617355f63850329	1	06:00305000	
FUN_L06_00305170	level	564	e248381c3a0e3886	1	06:00305170	
FUN_L06_00307578	shared	1740	a667a94a8638feb3	2	06:00307578,10:002E7520	
FUN_L06_00307c48	shared	232	121a66441b8200ca	2	06:00307C48,10:002E7BF0	
FUN_L06_00307d30	shared	1664	e160476903ef92c6	2	06:00307D30,10:002E7CD8	
FUN_L06_003083b0	level	1208	5ad29dedf7eb5680	1	06:003083B0	
FUN_L06_00308c68	level	1496	3b74e1f518cc28a1	1	06:00308C68	
FUN_L06_00309240	level	264	154ea7a877e1f693	1	06:00309240	
FUN_L06_00309348	level	152	c034a8cdf3a53254	1	06:00309348	
FUN_L06_00309860	shared	460	6db4449498c7c412	2	06:00309860,07:0031F3D8,07:0031F5B0	
FUN_L06_00309e08	level	416	fa93317f915a5a00	1	06:00309E08,06:00309FA8	
FUN_L06_0030be60	shared	148	84e9da22764603ff	2	06:0030BE60,18:002FB548	
FUN_L06_0030bef8	shared	172	b5d54e1e5a6b243c	2	06:0030BEF8,18:002FB5E0	
FUN_L06_0030bfa8	shared	472	0bcbd53b2492f12e	2	06:0030BFA8,18:002FB690	
FUN_L06_00316330	shared	52	c18f14639af7d1df	2	06:00316330,18:00306338	
FUN_L07_00265bd8	level	96	c3e48d75980be064	1	07:00265BD8	
FUN_L07_00270248	level	304	7250250e7193ef0b	1	07:00270248	
FUN_L07_00281ef8	level	52	57ab9377ef44402f	1	07:00281EF8	
FUN_L07_00288968	shared	184	a1a81f477e9b55fd	2	07:00288968,09:0027FE88	
FUN_L07_0029a2a0	shared	184	2147934d96d456cb	3	07:0029A2A0,13:0027D8D0,14:00279AA0	
FUN_L07_0029b8d8	shared	376	03a0051696d0245e	3	07:0029B8D8,15:00262D68,17:0026CF30	
FUN_L07_0029c4e8	level	272	ed1f955a8cc180bd	1	07:0029C4E8	
FUN_L07_0029e6d8	level	872	444e10662081bde4	1	07:0029E6D8	
FUN_L07_002cd2b0	level	1472	66265c3e29619e21	1	07:002CD2B0	
FUN_L07_002cdb28	level	1576	bf09321b3519dfca	1	07:002CDB28	
FUN_L07_002f5ba0	level	1320	62e8a43b935bd05b	1	07:002F5BA0	
FUN_L07_002f8058	shared	112	61dbcb50aff7aef7	2	07:002F8058,09:002EF7F8	
FUN_L07_002fbdb8	level	52	b9c1b036ad454d40	1	07:002FBDB8	
FUN_L07_0030af40	level	188	fd06629d62f78458	1	07:0030AF40	
FUN_L07_0030b000	level	1336	842658287debc7c7	1	07:0030B000	
FUN_L07_0030b538	level	368	59f1f5a3b5fc34ec	1	07:0030B538	
FUN_L07_0030b6a8	level	996	5fc257ef5e3648b3	1	07:0030B6A8	
FUN_L07_0030ba90	level	312	aeeaf578a8276a0d	1	07:0030BA90	
FUN_L07_0030bbc8	level	968	e32abeb0cf8c7d56	1	07:0030BBC8	
FUN_L07_0030bf90	shared	1396	521f87b1da1cc814	2	07:0030BF90,12:002FF838	
FUN_L07_0030c508	level	2068	c3e6fb0403eeda08	1	07:0030C508	
FUN_L07_0030cd48	level	580	e9994fd350ad6760	1	07:0030CD48	
FUN_L07_0030cf90	level	1168	e4dc012e7816acf4	1	07:0030CF90	
FUN_L07_0030d440	level	148	1fb0964489cfb447	1	07:0030D440	
FUN_L07_0030d4d8	level	1748	b3d02edde3e040b5	1	07:0030D4D8	
FUN_L07_0030dbb0	level	316	b02210ce7c3556e5	1	07:0030DBB0	
FUN_L07_0030dcf0	level	1008	db5bfb16ad9c32c2	1	07:0030DCF0	
FUN_L07_0030e0e0	level	280	3d3858e6c68e48f9	1	07:0030E0E0	
FUN_L07_0030e1f8	level	376	586b580e32300bb2	1	07:0030E1F8	
FUN_L07_0030e370	level	232	29746460d7f21cd4	1	07:0030E370	
FUN_L07_0030e458	level	712	1098316f077dfa64	1	07:0030E458	
FUN_L07_0030e720	level	308	6eed18193b48e404	1	07:0030E720	
FUN_L07_0030e858	level	320	356ffbc5b79318eb	1	07:0030E858	
FUN_L07_0030e998	level	412	bef5403309548d4a	1	07:0030E998	
FUN_L07_0030eb38	level	144	21e372325ff3c939	1	07:0030EB38	
FUN_L07_0030ebc8	level	140	c1d8db6d0bfdfcab	1	07:0030EBC8	
FUN_L07_0030ec58	level	212	704d85a79f52c43d	1	07:0030EC58	
FUN_L07_0030ed30	level	436	016ce8735a9c7b03	1	07:0030ED30	
FUN_L07_0030eee8	level	524	18138cdba394340a	1	07:0030EEE8	
FUN_L07_0030f0f8	level	232	10345f42255f2e84	1	07:0030F0F8	
FUN_L07_0030f1e0	level	292	154d6c15f4cf0685	1	07:0030F1E0	
FUN_L07_0030f308	level	452	b850a321b48512bb	1	07:0030F308	
FUN_L07_0030f4d0	level	112	e66bcfb3d2cf06ae	1	07:0030F4D0	
FUN_L07_0030f540	level	172	6d9738e040fa3801	1	07:0030F540	
FUN_L07_0030f5f0	level	6140	6e8a405acc5d735b	1	07:0030F5F0	
FUN_L07_00310df0	shared	1236	59d5e1ba68ae9c9f	2	07:00310DF0,13:002C8390	
FUN_L07_003112c8	level	2212	4eee9fec51b76dd7	1	07:003112C8	
FUN_L07_00311bc8	level	740	2de86678627580b3	1	07:00311BC8	
FUN_L07_00311eb8	level	544	2a0e1895086f7815	1	07:00311EB8	
FUN_L07_003120d8	level	116	1c1d6b937a0b57f0	1	07:003120D8	
FUN_L07_00312150	level	348	968bbe4e52828013	1	07:00312150	
FUN_L07_003122b0	level	368	04e502bfabcd37e4	1	07:003122B0	
FUN_L07_00312420	level	1312	f30eaf976f7afd3a	1	07:00312420	
FUN_L07_00312948	level	1148	43d246edd6ea7175	1	07:00312948	
FUN_L07_00312dc8	level	168	528c112d121db078	1	07:00312DC8	
FUN_L07_00312e70	level	832	160ad7a985df8f25	1	07:00312E70	
FUN_L07_003131b0	level	416	e4b60956f52c6501	1	07:003131B0	
FUN_L07_00313350	level	208	030e34e75732ac4a	1	07:00313350	
FUN_L07_00313420	level	1280	0cc497b5d69cd293	1	07:00313420	
FUN_L07_00313920	level	104	06e2f62899a51795	1	07:00313920	
FUN_L07_00313988	level	360	bf178a5d12c5a8be	1	07:00313988	
FUN_L07_00313af0	level	572	546bfb6b3406bcea	1	07:00313AF0	
FUN_L07_00313d30	level	184	abf50a740cfc73bd	1	07:00313D30	
FUN_L07_00313de8	level	376	d89b6b97ddea0f4f	1	07:00313DE8	
FUN_L07_00313f60	level	244	04e7f93d98a14d03	1	07:00313F60	
FUN_L07_00314058	level	244	17e2a8b92cf8dbd9	1	07:00314058	
FUN_L07_00314150	level	14268	34071b1720123ded	1	07:00314150	
FUN_L07_00317910	level	904	b3f2e8930fb96257	1	07:00317910	
FUN_L07_00317cb0	level	428	c58a49258b10f690	1	07:00317CB0	
FUN_L07_00317e60	level	4044	3d85975ea95f28dd	1	07:00317E60	
FUN_L07_00318e98	level	424	c56d68688c07b222	1	07:00318E98	
FUN_L07_00319040	level	1624	d4be47273f6a15db	1	07:00319040	
FUN_L07_00319698	level	68	7eb076ef5f9aedf0	1	07:00319698	
FUN_L07_003196e0	level	2148	f31fe22eac2f426c	1	07:003196E0	
FUN_L07_00319f48	level	772	6e9295b5797e8bee	1	07:00319F48	
FUN_L07_0031a250	level	1940	33b6ab5d2914a786	1	07:0031A250	
FUN_L07_0031a9e8	level	1268	b1a2182fe2cce2fe	1	07:0031A9E8	
FUN_L07_0031aee0	shared	1296	edab655737c26a03	2	07:0031AEE0,13:002C32D0	
FUN_L07_0031b3f0	level	508	cde08f39fc5f7311	1	07:0031B3F0	
FUN_L07_0031d2e0	level	1196	db3a7f0e2d5d5b28	1	07:0031D2E0	
FUN_L07_0031eba8	level	564	23ccfbc2545f3319	1	07:0031EBA8	
FUN_L07_0031f900	level	476	316b176bca731fe2	1	07:0031F900	
FUN_L08_002025d0	shared	8	54126ce17763036a	3	08:002025D0,08:002025D8,12:00212638,14:00202DB8	
FUN_L08_00211b08	shared	48	ae2d04937e7d8116	5	08:00211B08,12:00221EC8,14:00212598,15:001F8730,17:001FC060	
FUN_L08_00211b38	shared	16	8f815e6e51d9e3ee	5	08:00211B38,12:00221EF8,14:002125C8,15:001F8760,17:001FC090	
FUN_L08_0021d9c0	level	860	316a3d92920f75bd	1	08:0021D9C0	
FUN_L08_00222800	shared	1100	010fd8c167f4b877	2	08:00222800,16:0020E690	
FUN_L08_002284e0	level	30204	a0f7a6d5dbd7752d	1	08:002284E0	
FUN_L08_00230b38	level	16604	e44d5d004763f6ce	1	08:00230B38	
FUN_L08_002370d8	level	24288	8126681f16cb6de2	1	08:002370D8	
FUN_L08_00258090	shared	116	d04647adf6f892f4	3	08:00258090,11:002739C0,12:002668D4	
FUN_L08_0026a0f8	level	408	f91891a244f28b81	1	08:0026A0F8	
FUN_L08_00272cb8	shared	512	20f7440a2be00e2d	3	08:00272CB8,12:00281420,14:002706B0	
FUN_L08_00279f00	level	232	91b5b2a1423c969f	1	08:00279F00	
FUN_L08_0027b450	level	304	2533b01d4f4c89ac	1	08:0027B450	
FUN_L08_0027f5f0	shared	368	27e3ee32771096ab	3	08:0027F5F0,12:0028DB38,14:0027CFB0	
FUN_L08_0027fe00	level	232	047f89d9c381ccfe	1	08:0027FE00	
FUN_L08_002b8228	level	116	8b68f295f712e064	1	08:002B8228	
FUN_L08_002b82a0	level	1344	e19b3ccc8fce4777	1	08:002B82A0	
FUN_L08_002d22e0	level	268	327b33c1882bb9fc	1	08:002D22E0	
FUN_L08_002d23f0	level	1792	17ad612a07816dc2	1	08:002D23F0	
FUN_L08_002d2af0	shared	3052	87b7f6e4cd9f8cb1	2	08:002D2AF0,14:002D98F0	
FUN_L08_002d36e0	shared	408	a2e760a3e8c759da	2	08:002D36E0,14:002DA4E0	
FUN_L08_002d3878	shared	1276	8b6030b2ea1dfa6f	2	08:002D3878,14:002DA678	
FUN_L08_002d3d78	shared	484	933fcbd6522abd1b	2	08:002D3D78,14:002DAB78	
FUN_L08_002d4050	shared	132	8e8eb0f4a1538940	2	08:002D4050,14:002DAE50	
FUN_L08_002d4108	shared	464	f4352296bc4711c1	2	08:002D4108,14:002DAF08	
FUN_L08_002d42d8	level	2504	045467704e42a439	1	08:002D42D8	
FUN_L08_002d4ca0	level	2340	b244ab64b08433fe	1	08:002D4CA0	
FUN_L08_002d55c8	level	900	5ebaf3d83ec29854	1	08:002D55C8	
FUN_L08_002d5950	level	952	de1024f5031713c4	1	08:002D5950	
FUN_L08_002d5d08	level	1860	0ab5b801fd12b563	1	08:002D5D08	
FUN_L08_002d6450	level	248	e5f5cccb1fa0e7c0	1	08:002D6450	
FUN_L08_002da0f0	level	720	be67acc886b8de1e	1	08:002DA0F0	
FUN_L08_002da3f0	level	972	851069da7a2a02cb	1	08:002DA3F0	
FUN_L08_002daa10	level	476	0e6269c987763d50	1	08:002DAA10	
FUN_L08_002dabf0	level	3480	de851d7af35b14bc	1	08:002DABF0	
FUN_L08_002dbdb0	level	788	ea131fb731003000	1	08:002DBDB0	
FUN_L08_002dc0c8	level	184	b1d739b3ba71fc3d	1	08:002DC0C8	
FUN_L08_002dc180	level	796	10ed5aa506115121	1	08:002DC180	
FUN_L08_002dc648	level	420	86e9ae77119b6cb2	1	08:002DC648	
FUN_L08_002dc7f0	level	172	e45b7d5f3005e0d3	1	08:002DC7F0	
FUN_L08_002dc8a0	level	264	bffb1e0b436e2c5b	1	08:002DC8A0	
FUN_L08_002dc9a8	level	1568	55741205b87430f9	1	08:002DC9A8	
FUN_L08_002dd3c0	level	4120	3d6fe7fc79f7ea0e	1	08:002DD3C0	
FUN_L08_002de3e0	level	324	da150fc44ea21947	1	08:002DE3E0	
FUN_L08_002de528	level	800	95aed3b502c56530	1	08:002DE528	
FUN_L08_002de848	level	1096	9b409e7c12e635f9	1	08:002DE848	
FUN_L08_002dec90	level	588	a8fedf7ea2079786	1	08:002DEC90	
FUN_L08_002deee0	level	4932	95e4ef926eda5dc4	1	08:002DEEE0	
FUN_L08_002e0228	level	256	a987b67ea34d723d	1	08:002E0228	
FUN_L08_002e0328	level	4976	7d0dfc4ba8f72627	1	08:002E0328	
FUN_L08_002e1698	level	40	80bb2787756df05a	1	08:002E1698	
FUN_L08_002e16c0	level	1492	7a1fec33ce5d0c5b	1	08:002E16C0	
FUN_L08_002e1c98	level	212	f0384d087323f71c	1	08:002E1C98	
FUN_L08_002e1d70	level	776	1e52626afe5e77a4	1	08:002E1D70	
FUN_L08_002e2078	level	472	577228bdb15c81d0	1	08:002E2078	
FUN_L08_002e2250	level	664	ed9ae2ddf6c5be0d	1	08:002E2250	
FUN_L08_002e24e8	level	2228	ef5b1153621c6ac2	1	08:002E24E8	
FUN_L08_002e2da0	level	80	7ae96c6f23cee153	1	08:002E2DA0	
FUN_L08_002e2df0	level	2684	99ba1111b00a4f8d	1	08:002E2DF0	
FUN_L08_002e3870	level	5448	616997b103493d07	1	08:002E3870	
FUN_L08_002e4db8	level	216	7e1a0c32677f1ad4	1	08:002E4DB8	
FUN_L08_002e4e90	level	748	64178c204c769d6e	1	08:002E4E90	
FUN_L08_002e5188	level	1108	864fb7cb371aca02	1	08:002E5188	
FUN_L08_002e7eb0	shared	860	482227d35dd54696	2	08:002E7EB0,12:002EF2E8	
FUN_L08_002e8210	shared	1396	bdd5443c699de4d4	2	08:002E8210,12:002EF648	
FUN_L08_002e8788	level	332	097c295160749fba	1	08:002E8788	
FUN_L08_002e88d8	level	708	d7e5fcfabfeb7b8e	1	08:002E88D8	
FUN_L08_002e8ba0	level	304	7dd08c06b820e2ec	1	08:002E8BA0	
FUN_L08_002e8cd0	level	2180	a9e9a44954ee632d	1	08:002E8CD0	
FUN_L08_002e9558	level	508	ec799d781f6676bb	1	08:002E9558	
FUN_L08_002e9758	level	700	bd8320816e7d42de	1	08:002E9758	
FUN_L08_002e9a18	level	344	917f55477fd71c93	1	08:002E9A18	
FUN_L08_002e9b70	level	2084	3ff0cc241cea933d	1	08:002E9B70	
FUN_L08_002ea398	level	296	ed520db26bf9737f	1	08:002EA398	
FUN_L08_002ea4c0	level	800	e07437afbb46c04a	1	08:002EA4C0	
FUN_L08_002f0b40	shared	216	565c7b337f266dec	2	08:002F0B40,08:00308DB8,11:0031E6A8	
FUN_L08_002f0c18	shared	216	728b25813d6d5fba	3	08:002F0C18,08:002F0CF0,08:00308E90,11:0031D9A0,11:0031DA78,11:0031E780,11:0031E858,12:0030BD90	
FUN_L08_002f0dc8	level	412	128d0a7dc57618a6	1	08:002F0DC8,08:00309030	
FUN_L08_002f0f68	shared	492	e511bfb5a47aeddb	3	08:002F0F68,08:003091D0,11:0031DD10,11:0031EB70,12:0030BBA0	
FUN_L08_002f1158	shared	328	6198c86cd750cb13	2	08:002F1158,08:003093C0,11:0031DF00,11:0031ED60	
FUN_L08_002f12a0	shared	216	7047aa29ef92330b	2	08:002F12A0,08:00309508,11:0031E048,11:0031EEA8	
FUN_L08_002f1378	shared	228	997347d3f8b6793c	2	08:002F1378,08:002F1460,08:003095E0,08:003096C8,11:0031E120,11:0031E208,11:0031EF80,11:0031F068	
FUN_L08_002f1548	level	876	5c0be1699f738384	1	08:002F1548	
FUN_L08_002f44c0	level	1420	9e11433e2fd3c62d	1	08:002F44C0	
FUN_L08_002f5830	shared	1380	34a9146585f8b4ea	2	08:002F5830,10:002C74B8	
FUN_L08_002f5d98	level	192	0d72d3d4c2767565	1	08:002F5D98	
FUN_L08_002f5e58	level	4676	597daf0bcc38d60b	1	08:002F5E58	
FUN_L08_002f70a0	level	1052	28b019361b9e45dc	1	08:002F70A0	
FUN_L08_00301158	shared	4988	eb9105e0529a8b83	2	08:00301158,09:003009D0	
FUN_L08_003024d8	shared	1440	7b2dbbe5be629235	2	08:003024D8,09:00301D50	
FUN_L08_00302ce8	level	1672	e520bece19dc328b	1	08:00302CE8	
FUN_L08_00305138	level	312	eef073416d227d56	1	08:00305138	
FUN_L08_00305270	level	1524	025c010d4d8b6eb4	1	08:00305270	
FUN_L08_003063f0	level	484	47eaae578fd5f2b5	1	08:003063F0	
FUN_L08_003065d8	level	1364	f4e45174b89cf583	1	08:003065D8	
FUN_L08_00306b30	level	112	1f4c1b8abaeabc77	1	08:00306B30	
FUN_L08_00307190	shared	260	17c67248dc23616a	2	08:00307190,09:00308E00	
FUN_L08_00307298	shared	676	c3cd40cdfdd49696	2	08:00307298,09:00308F08	
FUN_L08_00307540	level	1612	f836ab5567d49f64	1	08:00307540	
FUN_L08_00307b90	shared	348	49d4b08625efc2b9	3	08:00307B90,12:00308A80,14:00306230	
FUN_L08_00307cf0	shared	2020	b531569c895beeb5	3	08:00307CF0,12:00308BE0,14:00306390	
FUN_L08_003084d8	level	280	23de8860ac760b74	1	08:003084D8	
FUN_L08_003085f0	shared	540	392eb01bb2208b49	2	08:003085F0,14:003088B0	
FUN_L08_00308c90	level	296	dbf1e2179c3e10f7	1	08:00308C90	
FUN_L08_00308f68	level	200	1641644a51cb576c	1	08:00308F68	
FUN_L08_003097b0	level	868	8cc771be5f1a23d5	1	08:003097B0	
FUN_L08_00313ba8	shared	20	35a78afcbb21508d	3	08:00313BA8,09:00312888,12:00312F58	
FUN_L08_00316fa8	shared	648	bf283e4fdb8cbbae	2	08:00316FA8,14:00316E90	
FUN_L09_0021e560	level	860	a037f4662171b12d	1	09:0021E560	
FUN_L09_0021e8c0	level	656	dfc05ed606a698e7	1	09:0021E8C0	
FUN_L09_00277688	shared	88	ea7221687fce40fb	2	09:00277688,13:00263988	
FUN_L09_00277758	shared	112	cfc44c17ab8b7be3	2	09:00277758,13:00263A58	
FUN_L09_00294ae0	shared	464	219ad7923d9f9e51	2	09:00294AE0,13:00281E40	
FUN_L09_002c1978	level	1224	cbce7ee6a8467b49	1	09:002C1978	
FUN_L09_002c2500	level	272	4d79f20609a5b3ce	1	09:002C2500	
FUN_L09_002c2610	level	184	d516323e39f47dde	1	09:002C2610	
FUN_L09_002c26c8	level	2952	698a99d291b2349a	1	09:002C26C8	
FUN_L09_002c5990	shared	2208	95d27ee862207ebe	2	09:002C5990,16:002A1088	
FUN_L09_002c6230	shared	1400	17278e5511192200	2	09:002C6230,16:002A1928	
FUN_L09_002e27d8	shared	6056	55e092e41d84b08a	2	09:002E27D8,15:002BC608	
FUN_L09_002ea528	level	588	705fcfd59d21c34c	1	09:002EA528	
FUN_L09_002ea778	level	724	2e1d04811ce19e91	1	09:002EA778	
FUN_L09_002eaa50	level	732	75d25d675a0b9329	1	09:002EAA50	
FUN_L09_002ead30	level	376	f66cc634d39a3401	1	09:002EAD30	
FUN_L09_002eaea8	level	2760	ff025e09f71e7e5b	1	09:002EAEA8	
FUN_L09_002eb970	level	1368	c03707b060791c89	1	09:002EB970	
FUN_L09_002edb60	level	208	5d15ef69769dd417	1	09:002EDB60	
FUN_L09_002edc30	level	1236	771e2ac55cdddb3d	1	09:002EDC30	
FUN_L09_002ee110	level	620	44f8cd42d1d9a882	1	09:002EE110	
FUN_L09_002ee380	level	164	2fccd91557700211	1	09:002EE380	
FUN_L09_002ef430	level	800	1f6bfc60f53a3670	1	09:002EF430	
FUN_L09_002ef750	level	168	a594cea0ef1f85bc	1	09:002EF750	
FUN_L09_002ef868	level	324	6d336c2018491e83	1	09:002EF868	
FUN_L09_002ef9b0	level	1016	5ac33df37d6916fa	1	09:002EF9B0	
FUN_L09_002efda8	level	148	cf09d3badd90d6e3	1	09:002EFDA8	
FUN_L09_002efe48	level	500	e637ed5d4680a801	1	09:002EFE48	
FUN_L09_002f0040	level	132	2cffcecf68a2aa6f	1	09:002F0040	
FUN_L09_002f86a0	level	1236	cac80f61c1c2c56f	1	09:002F86A0	
FUN_L09_00300888	level	328	b4be2a13ba73cc72	1	09:00300888	
FUN_L09_003033a0	level	1936	5a78f1bc29951feb	1	09:003033A0	
FUN_L09_00303b30	level	476	9068ba13e0672505	1	09:00303B30	
FUN_L09_00303d10	level	696	afff2d39e099a6de	1	09:00303D10	
FUN_L09_00303fc8	level	516	65a0035919b20505	1	09:00303FC8	
FUN_L09_003041d0	level	400	6b7c570214a5dafa	1	09:003041D0	
FUN_L09_00304360	level	1932	456fcf2b84a2c0d6	1	09:00304360	
FUN_L09_00304c80	level	3492	9151c02b92058ef6	1	09:00304C80	
FUN_L09_00305a28	level	488	bcad909b814020a4	1	09:00305A28	
FUN_L09_00307ba8	shared	448	d26f951a5cec2110	2	09:00307BA8,10:002E68B8	
FUN_L09_00307d68	shared	1204	7dbdbb27668173b3	2	09:00307D68,10:002E6A78	
FUN_L09_00308220	level	180	aa858d4a4471c080	1	09:00308220	
FUN_L09_003082d8	level	1332	572c3f555a79687e	1	09:003082D8	
FUN_L09_003091b0	level	1656	6e5ab38672aa0194	1	09:003091B0	
FUN_L09_00309c08	level	1580	c6bc2a7c0bf2d30f	1	09:00309C08	
FUN_L09_0030a238	level	92	89bc672290f507a8	1	09:0030A238	
FUN_L09_0030a298	level	992	1c4c9caf39edc12a	1	09:0030A298	
FUN_L09_0030a778	shared	620	c60efaadb83dbedf	2	09:0030A778,13:0030D148	
FUN_L09_0030a9e8	shared	244	1f199a0c119ec89a	2	09:0030A9E8,13:0030D3B8	
FUN_L09_0030aae0	shared	160	55981aee1e589e05	2	09:0030AAE0,13:0030D4B0	
FUN_L09_0030ab80	shared	1688	eaec3c6a5a0ca55a	2	09:0030AB80,13:0030D550	
FUN_L09_0030b218	shared	308	28a7db53b2f3108a	2	09:0030B218,13:0030DBE8	
FUN_L09_0030b350	shared	92	74cf6986236008f7	2	09:0030B350,13:0030DD20	
FUN_L09_0030b3b0	shared	2268	9e1edb180c66f5e7	2	09:0030B3B0,13:0030DD80	
FUN_L10_0024c7f0	shared	36	b6fee8ff24aac59d	2	10:0024C7F0,13:00265D68	
FUN_L10_00295a38	level	396	f1beb2bc3abfac0c	1	10:00295A38	
FUN_L10_00295c20	level	772	5e9a4cccbdd8d373	1	10:00295C20	
FUN_L10_00298668	level	504	14af84b3a710d52e	1	10:00298668	
FUN_L10_00298940	shared	548	a98bc669f06eab92	2	10:00298940,15:002EA9B0	
FUN_L10_00298b68	level	1232	d9417044c056d4fd	1	10:00298B68	
FUN_L10_002be858	level	1936	8f1200e9879a5fe3	1	10:002BE858	
FUN_L10_002befe8	level	408	d9cb719b3c4cd35d	1	10:002BEFE8	
FUN_L10_002c7a20	level	480	3056807253638072	1	10:002C7A20	
FUN_L10_002c9958	level	788	f2bc628725b04b31	1	10:002C9958	
FUN_L10_002c9c70	level	1036	f746327484506c58	1	10:002C9C70	
FUN_L10_002cc1b8	shared	304	d2b51db92fc87c9f	2	10:002CC1B8,15:002DD600	
FUN_L10_002cc2e8	shared	1488	cd7cf14cb93745dc	4	10:002CC2E8,11:00302510,15:002DD730,17:002DBAA8	
FUN_L10_002d7b18	level	48	317b174841610148	1	10:002D7B18	
FUN_L10_002d7b48	level	44	b6a371436c55531a	1	10:002D7B48	
FUN_L10_002d7b74	level	8	4f0dcddc6027690c	1	10:002D7B74	
FUN_L10_002d7b80	level	1128	cb5b6257a5f8b7b4	1	10:002D7B80	
FUN_L10_002d8058	level	276	d60f2b58d0348b90	1	10:002D8058	
FUN_L10_002d8170	level	1108	43a2ac70a7a17ce0	1	10:002D8170	
FUN_L10_002d85c8	level	1588	76dca809113fbaf9	1	10:002D85C8	
FUN_L10_002d8c00	level	300	98702ef5facd22d9	1	10:002D8C00	
FUN_L10_002d8d30	level	716	a7283be1c314592e	1	10:002D8D30	
FUN_L10_002d9000	level	164	cd33762ca6514c51	1	10:002D9000	
FUN_L10_002d90a8	level	528	68f36db95d81863a	1	10:002D90A8	
FUN_L10_002d92b8	level	664	7d74b2dbae70e3af	1	10:002D92B8	
FUN_L10_002d9eb8	level	1040	1d44244695d0e358	1	10:002D9EB8	
FUN_L10_002da2c8	level	964	002c6a6d5471d276	1	10:002DA2C8	
FUN_L10_002da690	level	1368	cfec9e4087bf5bd1	1	10:002DA690	
FUN_L10_002dcc58	level	948	9d2ddeedac8d2899	1	10:002DCC58	
FUN_L10_002dd270	level	360	c94f6e529898d8ad	1	10:002DD270	
FUN_L10_002dd3d8	level	632	da4f48995226d5e1	1	10:002DD3D8	
FUN_L10_002dd650	level	504	7de44760d8dcd4f4	1	10:002DD650	
FUN_L10_002dd848	level	144	b04de5bf2b1b745c	1	10:002DD848,10:002EB8C0	
FUN_L10_002df270	level	2504	a3c9fdff0bf2c137	1	10:002DF270	
FUN_L10_002dfc38	level	1276	847d23858d34059e	1	10:002DFC38	
FUN_L10_002e0138	level	104	e1b524fdb1c81d19	1	10:002E0138,10:002E47D8	
FUN_L10_002e01a8	level	5652	0b4cf4ce956cb008	1	10:002E01A8	
FUN_L10_002e17c0	level	1264	b130eaa13fe0ff85	1	10:002E17C0	
FUN_L10_002e1cb0	level	132	9f3e3ab02ec1262f	1	10:002E1CB0	
FUN_L10_002e1d38	level	7508	66aab2c7275f69a2	1	10:002E1D38	
FUN_L10_002e3a90	level	856	b04bf42edd57ddbb	1	10:002E3A90	
FUN_L10_002e3de8	shared	260	38d92b43315ca19d	3	10:002E3DE8,12:002E3420,13:003072C0,13:0030C2B0	
FUN_L10_002e3ef0	level	2280	b5828cbb89746ccb	1	10:002E3EF0	
FUN_L10_002e4840	level	580	7727be6b12f29645	1	10:002E4840	
FUN_L10_002e4a88	level	3804	99c1c645be311946	1	10:002E4A88	
FUN_L10_002e5968	level	628	c0d4dfb975128391	1	10:002E5968	
FUN_L10_002e5be0	level	732	5a9ad9fd3906d618	1	10:002E5BE0	
FUN_L10_002e8358	level	608	e973a85ab717ecc6	1	10:002E8358	
FUN_L10_002e85b8	level	1268	2190a8a17f255b83	1	10:002E85B8	
FUN_L10_002e8ab0	level	1400	e0d0af6dceb54188	1	10:002E8AB0	
FUN_L10_002e9028	shared	396	e1f4792e1a484553	2	10:002E9028,17:002E9608	
FUN_L10_002e91b8	shared	1164	39fcb2b19e3027e2	2	10:002E91B8,17:002E9798	
FUN_L10_002e9648	level	836	d30684626624e291	1	10:002E9648	
FUN_L10_002e9990	level	1156	26a6e81293b05c0d	1	10:002E9990	
FUN_L10_002ea1f0	level	756	f4a7b32fdb3a1520	1	10:002EA1F0	
FUN_L10_002ea4e8	level	708	c910d3444c6e344f	1	10:002EA4E8	
FUN_L10_002ea7b0	level	600	f5495b6bc045f6b6	1	10:002EA7B0	
FUN_L10_002eaa08	level	720	c8c29fef531510f8	1	10:002EAA08	
FUN_L10_002eacd8	level	208	3a510d2ba272a575	1	10:002EACD8	
FUN_L10_002eb6f0	level	236	89174b969951980c	1	10:002EB6F0	
FUN_L10_002eb7e0	level	216	b6e6fc408331fee3	1	10:002EB7E0	
FUN_L10_002f5a50	shared	36	6c38ae1f00f2f8cc	4	10:002F5A50,13:00316F20,14:00314168,15:002F78B8	
FUN_L10_002f5a78	shared	220	1144b4808e7ffd3d	4	10:002F5A78,13:00316F80,14:003141C8,14:00314E20,15:002F7958	
FUN_L10_002f5b58	shared	960	fb2e09bb30c16a5f	4	10:002F5B58,13:00317060,14:003142A8,15:002F7A38	
FUN_L10_002f5f18	shared	1756	d04c2a325d6c6d8e	4	10:002F5F18,13:00317420,14:00314668,15:002F7DF8	
FUN_L10_002f65f8	shared	196	2cb2dc522558fda5	4	10:002F65F8,13:00317B00,14:00314D48,15:002F84D8	
FUN_L11_0023c7a0	level	756	c6f09706bb25349a	1	11:0023C7A0	
FUN_L11_00246b70	level	24456	844548696e8dee62	1	11:00246B70	
FUN_L11_0024db50	level	14852	9fe2a9a85f3c9918	1	11:0024DB50	
FUN_L11_00253a18	level	19808	5e90fa4b3d0bc841	1	11:00253A18	
FUN_L11_002cb668	level	284	352d01a0fb6d9627	1	11:002CB668	
FUN_L11_002cb790	shared	128	fcc31d829b1a9ffa	2	11:002CB790,12:002BF9B8	
FUN_L11_002cb810	level	380	fb5b9dd8abceb800	1	11:002CB810	
FUN_L11_002cb990	level	64	72491a378a6a0207	1	11:002CB990	
FUN_L11_002d0710	level	1232	0177459c93b2e2d0	1	11:002D0710	
FUN_L11_002d0fa8	level	136	1d12845e08b33586	1	11:002D0FA8	
FUN_L11_002d1030	level	780	5038ef13a0ea61a5	1	11:002D1030	
FUN_L11_002d1340	level	364	103b9efda059b3f6	1	11:002D1340	
FUN_L11_002d14b0	level	3028	0a4e1d15274da183	1	11:002D14B0	
FUN_L11_002d2088	level	692	a34569a18311bfec	1	11:002D2088	
FUN_L11_002d2340	level	288	47a1226ae037fdb0	1	11:002D2340	
FUN_L11_002d2460	level	392	6f17b3b4592cf7ff	1	11:002D2460	
FUN_L11_002d25e8	level	452	eb3b6f78d5d5e85b	1	11:002D25E8	
FUN_L11_002d27b0	level	552	19b94f6b85e11032	1	11:002D27B0	
FUN_L11_002f0e40	level	1756	8551b4f7a0718b7e	1	11:002F0E40	
FUN_L11_002f2518	level	1620	0d412210fc179433	1	11:002F2518	
FUN_L11_002f2cd0	level	136	1137c58dba70a33f	1	11:002F2CD0	
FUN_L11_002f2d58	level	740	2e101a34b8840409	1	11:002F2D58	
FUN_L11_002f3040	level	112	749fce3b72b7c190	1	11:002F3040	
FUN_L11_002f3350	level	160	9894154a7574cf7d	1	11:002F3350	
FUN_L11_00308670	shared	468	ce0e56f63860f713	3	11:00308670,13:00302420,17:002E1F50	
FUN_L11_00308848	shared	388	afda8e2dc38a34ca	3	11:00308848,13:003025F8,17:002E2128	
FUN_L11_003089d0	shared	1396	26183828e713c049	3	11:003089D0,13:00302780,17:002E22B0	
FUN_L11_00308f48	shared	336	2c6b7937eabd9e9a	3	11:00308F48,13:00302CF8,17:002E2828	
FUN_L11_00309098	shared	736	8d80389cc3b095bb	3	11:00309098,13:00302E48,17:002E2978	
FUN_L11_00309378	level	384	56068799ca4f971a	1	11:00309378	
FUN_L11_003094f8	shared	1480	5fbfa1a50de8b0ae	3	11:003094F8,13:00303128,17:002E30C8	
FUN_L11_00309ac0	level	2492	4f4c33101438c819	1	11:00309AC0	
FUN_L11_0030a480	level	124	570ef281ca6138aa	1	11:0030A480	
FUN_L11_0030a500	level	812	d265112807e274d9	1	11:0030A500	
FUN_L11_0030a830	level	16	e61081b3c5d9a42b	1	11:0030A830,11:0030E078	
FUN_L11_0030a840	level	16	5b9fe39874eb6594	1	11:0030A840	
FUN_L11_0030a850	level	180	71b2e12a9cc06638	1	11:0030A850	
FUN_L11_0030a908	shared	2640	db7bd7e4026a63c9	2	11:0030A908,16:002DE3C0	
FUN_L11_0030b358	shared	984	ebd0d781913da27e	2	11:0030B358,16:002DEE10	
FUN_L11_0030c788	level	2600	84dc733850aad348	1	11:0030C788	
FUN_L11_0030d1b0	level	1612	2b2082fcb8410b8b	1	11:0030D1B0	
FUN_L11_0030d800	level	1300	be56852427974c87	1	11:0030D800	
FUN_L11_0030dd18	level	864	5b0b6c3e4a5afe4d	1	11:0030DD18	
FUN_L11_0030e088	level	1540	b55e52694031e360	1	11:0030E088	
FUN_L11_0030e690	shared	116	9aac3412d8243227	2	11:0030E690,12:002BF6D0	
FUN_L11_0030e730	level	580	456ddd20f39cbbbb	1	11:0030E730	
FUN_L11_0030e978	level	532	e2254a9c6b2dfff7	1	11:0030E978	
FUN_L11_0030eb90	level	624	27ac55ac4afcd140	1	11:0030EB90	
FUN_L11_0030ee00	shared	1136	eb4fcbb1595fa3c3	2	11:0030EE00,15:002D9100	
FUN_L11_0030f2a8	level	364	17fe57c658b337d0	1	11:0030F2A8	
FUN_L11_0030f5a8	level	180	553f2a2a76840c65	1	11:0030F5A8	
FUN_L11_0030f660	level	200	85e389f450fe3399	1	11:0030F660	
FUN_L11_0030f728	level	1648	925a9203838ae01b	1	11:0030F728	
FUN_L11_0030fd98	level	180	6cd2d54de1e084d2	1	11:0030FD98	
FUN_L11_0030fe50	level	472	f1ba4cd371e32aad	1	11:0030FE50	
FUN_L11_00310028	level	340	1589dbf688f5826b	1	11:00310028	
FUN_L11_00310180	level	1304	820a9a9fe717c5f5	1	11:00310180	
FUN_L11_00310698	level	1080	f0e4aa6a4b14cfe3	1	11:00310698	
FUN_L11_00310ad0	shared	540	3f3d541778d963f3	3	11:00310AD0,13:002B7B30,17:002E9C28	
FUN_L11_00310cf8	shared	848	3b1801228e29f6d3	3	11:00310CF8,13:002B7FD0,17:002EA0C8	
FUN_L11_00311048	shared	452	22b0bd99486ff5f2	3	11:00311048,13:002B8320,17:002EA418	
FUN_L11_00311210	shared	160	e06066e9e8634d22	3	11:00311210,13:002B84E8,17:002EA5E0	
FUN_L11_003112b8	shared	1108	da74e92a63462b26	2	11:003112B8,17:002EA688	
FUN_L11_00311710	level	564	81246301de71a79a	1	11:00311710	
FUN_L11_00311948	level	316	b54a8642c01d8ae4	1	11:00311948	
FUN_L11_00311a88	level	348	41a633c8245c3cd4	1	11:00311A88	
FUN_L11_00311be8	level	152	21e3b9adfad8c691	1	11:00311BE8	
FUN_L11_00311c80	level	208	4405bc27917cfbfa	1	11:00311C80	
FUN_L11_00311d50	level	2132	6ee6180ba962b1a1	1	11:00311D50	
FUN_L11_003125a8	level	336	56fab8bc19e9b23b	1	11:003125A8	
FUN_L11_003126f8	level	316	2f795f1aaca923f2	1	11:003126F8	
FUN_L11_00312838	level	2648	4f82531507edb1d2	1	11:00312838	
FUN_L11_00313290	level	3276	6d661f8ed8785ee4	1	11:00313290	
FUN_L11_00313f60	level	948	cf59bc6fc5790cc8	1	11:00313F60	
FUN_L11_00314318	level	5712	c7823a55d7a96700	1	11:00314318	
FUN_L11_00315968	level	1520	e188011ee654d647	1	11:00315968	
FUN_L11_00315f58	level	308	1c27061f47343613	1	11:00315F58	
FUN_L11_00316090	level	148	e03a27e95ecf0fe1	1	11:00316090	
FUN_L11_00316128	level	56	cab4de10b260c411	1	11:00316128	
FUN_L11_00316160	level	176	b9cfae582acef5bc	1	11:00316160	
FUN_L11_00316210	level	96	b64190a2bb1922fc	1	11:00316210,11:00316270	
FUN_L11_00316320	level	1444	bdb840c1d4f06fce	1	11:00316320	
FUN_L11_003172c0	level	948	f05339bfbbfb5116	1	11:003172C0	
FUN_L11_00317678	level	420	dc4af2cb023f636c	1	11:00317678	
FUN_L11_00317820	level	1144	ddec5a8ee452cde4	1	11:00317820	
FUN_L11_00317c98	level	952	66c689bcf96d5ee3	1	11:00317C98	
FUN_L11_00318050	level	80	90485bf876d93c59	1	11:00318050	
FUN_L11_003180a0	level	324	ac8f283ea2d8d491	1	11:003180A0	
FUN_L11_003181f0	level	664	4610357e7a30d6c3	1	11:003181F0	
FUN_L11_00318488	level	180	7b3c0c4e0d058274	1	11:00318488	
FUN_L11_00318b30	level	480	d8161578dbfa85b5	1	11:00318B30	
FUN_L11_00318d10	level	360	205730b812720815	1	11:00318D10	
FUN_L11_00318e78	level	28	33105661394785bd	1	11:00318E78	
FUN_L11_00318e98	level	60	3d74ea284a96d8a4	1	11:00318E98	
FUN_L11_00318ed8	level	332	a4cdeb7508172fd9	1	11:00318ED8	
FUN_L11_00319028	level	376	e799189615b81495	1	11:00319028	
FUN_L11_003191c0	level	264	155d084a0febb4d6	1	11:003191C0	
FUN_L11_003192c8	shared	932	deb3e6791bd6d78c	2	11:003192C8,17:002F3B68	
FUN_L11_00319670	shared	456	220bab0aefa109e4	2	11:00319670,17:002F3F10	
FUN_L11_00319838	level	2440	c7f2b33a11eaa3e9	1	11:00319838	
FUN_L11_0031a1c0	shared	628	66e0ec2199d80230	2	11:0031A1C0,17:002F4A18	
FUN_L11_0031a438	shared	796	7947f8069f58153b	2	11:0031A438,17:002F4C90	
FUN_L11_0031a758	level	124	543271985b8c055d	1	11:0031A758	
FUN_L11_0031a7d8	level	680	a6a5d863a6f7623f	1	11:0031A7D8	
FUN_L11_0031aa80	level	136	b934c9c8017fbb2d	1	11:0031AA80	
FUN_L11_0031ab08	level	660	15acb526fb0ed6a0	1	11:0031AB08	
FUN_L11_0031ada0	level	200	aec3e4349fb8e49b	1	11:0031ADA0	
FUN_L11_0031ae68	level	556	6b0424c3ec8a3d73	1	11:0031AE68	
FUN_L11_0031b098	level	468	a9d39026c137eb96	1	11:0031B098	
FUN_L11_0031d8d8	level	200	853fad08ba8f93e0	1	11:0031D8D8	
FUN_L11_0031db50	level	444	6ccb34bfa8ce8135	1	11:0031DB50	
FUN_L11_0031e2f0	level	952	25fa9cd5ef697d0b	1	11:0031E2F0	
FUN_L11_0031e930	level	576	68739a091c28eb8c	1	11:0031E930	
FUN_L11_0031f150	level	960	b670193077f5e48f	1	11:0031F150	
FUN_L12_00227f10	shared	156	64669c37f58da323	2	12:00227F10,14:00218610	
FUN_L12_0022de30	level	660	712a0954f8843909	1	12:0022DE30	
FUN_L12_00232b18	level	632	8e0d11c126135158	1	12:00232B18	
FUN_L12_00233e80	level	1968	ff298c69e948da96	1	12:00233E80	
FUN_L12_00235c08	shared	2040	b4504f1463205a2e	2	12:00235C08,14:00226020	
FUN_L12_00238900	level	26488	84c64d85e6448a83	1	12:00238900	
FUN_L12_002400d0	level	15408	f65d7a0f0daeff83	1	12:002400D0	
FUN_L12_002461f0	level	21448	45dc05d2c86f32f7	1	12:002461F0	
FUN_L12_002667fc	shared	216	eab238c7ba391226	2	12:002667FC,14:0025602C	
FUN_L12_00271dd8	level	148	45c430a29e1e4ca4	1	12:00271DD8	
FUN_L12_0027b268	shared	264	785861f45e88b484	2	12:0027B268,18:00265250	
FUN_L12_0027b370	shared	260	c3f98c98136bd383	2	12:0027B370,18:00265358	
FUN_L12_0027b8e0	level	224	fd998f6bb8dbffd8	1	12:0027B8E0	
FUN_L12_0027b9c0	level	172	926a53f3d98a6ad9	1	12:0027B9C0	
FUN_L12_0027ba70	level	172	e431de4cc6631d2c	1	12:0027BA70	
FUN_L12_002bc210	shared	328	2656ed155cd0f545	2	12:002BC210,14:002AB3E8	
FUN_L12_002bf140	level	1420	bceac9a48f16c80d	1	12:002BF140	
FUN_L12_002bf770	level	580	2b2b1c1e4464fe79	1	12:002BF770	
FUN_L12_002e16b8	level	156	ead4ce7b080faa83	1	12:002E16B8	
FUN_L12_002e17f8	level	80	2f4a99d3237bf76f	1	12:002E17F8	
FUN_L12_002e1878	level	108	2de99926e21b6c0a	1	12:002E1878	
FUN_L12_002e18e8	level	192	525a1c79cf70d104	1	12:002E18E8	
FUN_L12_002e19a8	level	564	53cac74d3ded305c	1	12:002E19A8	
FUN_L12_002e1be0	level	4824	d9d1ef8f28901190	1	12:002E1BE0	
FUN_L12_002e2eb8	level	476	82d1fe64077632a2	1	12:002E2EB8	
FUN_L12_002e3098	level	900	58e231efca6fabad	1	12:002E3098	
FUN_L12_002e3528	level	968	b5edcbbe1481babe	1	12:002E3528	
FUN_L12_002e3948	level	700	bea100597aa3c1c0	1	12:002E3948	
FUN_L12_002e3c08	level	540	3d12501342f697d2	1	12:002E3C08	
FUN_L12_002e3e28	level	176	142873f2ab50105c	1	12:002E3E28	
FUN_L12_002e3ed8	level	2912	d5bd48d49315f4dc	1	12:002E3ED8	
FUN_L12_002e6b60	shared	232	d39f6e22322f1da6	3	12:002E6B60,15:002EC678,16:002E30A8	
FUN_L12_002e6c48	level	1384	5fd25997aba3a329	1	12:002E6C48	
FUN_L12_002e71b0	shared	84	de9570ffe226522e	2	12:002E71B0,14:00307A28	
FUN_L12_002e7208	level	136	5ff917e0a64fcde9	1	12:002E7208	
FUN_L12_002e7290	level	44	79c8cc4c97ca0b50	1	12:002E7290	
FUN_L12_002e72c0	level	3872	7f27ccb3c367bf21	1	12:002E72C0	
FUN_L12_002e81e0	level	1064	8882aa57b68587b6	1	12:002E81E0	
FUN_L12_002e8608	level	196	c1685ae674bde5ce	1	12:002E8608	
FUN_L12_002e86d0	level	80	d59852860344e33f	1	12:002E86D0	
FUN_L12_002e8720	level	140	2a454290ad2796ce	1	12:002E8720	
FUN_L12_002e87b0	level	84	e10ea3460361e505	1	12:002E87B0	
FUN_L12_002e8808	level	1032	3478cc33c614a348	1	12:002E8808	
FUN_L12_002e9f68	level	3732	707dd91f50648fa3	1	12:002E9F68	
FUN_L12_002eae00	level	356	7ee03573e16db839	1	12:002EAE00	
FUN_L12_002eaf68	level	692	f17fa7bb91299e9f	1	12:002EAF68	
FUN_L12_002eb220	level	632	c528e6284e86fffb	1	12:002EB220	
FUN_L12_002eb570	level	1848	26d29573063b6dc2	1	12:002EB570	
FUN_L12_002ebca8	level	508	59114d42ddfcb4d0	1	12:002EBCA8	
FUN_L12_002ebea8	level	804	9517ffba40e833e2	1	12:002EBEA8	
FUN_L12_002ec1d0	level	680	b7ea00a768ad97da	1	12:002EC1D0	
FUN_L12_002ec720	level	924	1672e9b69f8b9a9f	1	12:002EC720	
FUN_L12_002ecac0	level	548	526cb5a825f3e1d3	1	12:002ECAC0	
FUN_L12_002ecce8	level	276	3d60770f9d39affd	1	12:002ECCE8	
FUN_L12_002ece00	level	1152	7fb0a33ee1c37561	1	12:002ECE00	
FUN_L12_002ed280	level	784	8a3b928cb159739b	1	12:002ED280	
FUN_L12_003028c8	level	908	d2fcc2b5113a128a	1	12:003028C8	
FUN_L12_00302c58	level	724	99b283ac7aae6d66	1	12:00302C58	
FUN_L12_00302f30	level	948	d50aa1a0ac4ebb48	1	12:00302F30	
FUN_L12_003032e8	level	136	0fa77ca9014b3eeb	1	12:003032E8	
FUN_L12_00303370	level	464	8a1389d9039022aa	1	12:00303370	
FUN_L12_00303540	level	3284	23d4e9a2fe1e74ba	1	12:00303540	
FUN_L12_00304218	level	2940	c005597f0d77d36d	1	12:00304218	
FUN_L12_00304d98	level	100	9894d07c2c440c78	1	12:00304D98	
FUN_L12_00304e00	level	1708	2eff6d6bb2a10164	1	12:00304E00	
FUN_L12_003054b0	level	3740	c5dbb4f4d29bba6e	1	12:003054B0	
FUN_L12_00306350	level	404	9e94c67dedc7438d	1	12:00306350	
FUN_L12_003064e8	level	832	636f650cec86630c	1	12:003064E8	
FUN_L12_00306828	level	420	bcdbf5145a098553	1	12:00306828	
FUN_L12_003069d0	level	3328	d01c9d4a750f0cbe	1	12:003069D0	
FUN_L12_003076e0	level	348	b507c1e4378d843e	1	12:003076E0	
FUN_L12_00307840	level	628	f0fd4bb2af5f6f92	1	12:00307840	
FUN_L12_00307ab8	level	256	89854fa45190b9fa	1	12:00307AB8	
FUN_L12_003081b0	level	416	a3883b817809aa00	1	12:003081B0	
FUN_L12_00308350	level	800	05a0e838ba22a671	1	12:00308350	
FUN_L12_00308670	shared	148	99fda4a5ec0d787a	2	12:00308670,15:002EA338	
FUN_L12_00308708	shared	524	c53c363292030969	2	12:00308708,15:002EA3D0	
FUN_L12_00308918	shared	356	7b97c1df709d0675	2	12:00308918,15:002EA5E0	
FUN_L12_003093c8	level	216	df78682449d6cbc9	1	12:003093C8	
FUN_L12_003094a0	level	152	c4b6e5476c8c3d2f	1	12:003094A0	
FUN_L12_0030be68	level	392	e49c18131a7a22d0	1	12:0030BE68	
FUN_L12_0030bff0	level	748	f61bdb4eefa8798d	1	12:0030BFF0	
FUN_L13_002650a8	shared	196	b1afe9a60d6bb919	3	13:002650A8,16:00254A30,17:002539C8	
FUN_L13_00265170	level	84	54d45f768a474010	1	13:00265170	
FUN_L13_002651c8	level	268	ce26fe028ae1a428	1	13:002651C8	
FUN_L13_00280400	level	300	a1164ab503ced2e5	1	13:00280400	
FUN_L13_002982e8	level	56	c346709a00c671a2	1	13:002982E8	
FUN_L13_002b0e80	level	1052	88b008e17eb44d7a	1	13:002B0E80	
FUN_L13_002b39e0	level	1660	4007c178cea499d9	1	13:002B39E0	
FUN_L13_002b4060	level	340	808d6e8e15b6d596	1	13:002B4060	
FUN_L13_002b41b8	level	1512	4ed10a73e88165fd	1	13:002B41B8	
FUN_L13_002b47a0	level	312	4b62abdc5bcac041	1	13:002B47A0	
FUN_L13_002b48d8	level	124	b4f2969fab581d77	1	13:002B48D8	
FUN_L13_002b4958	level	252	225e16db150f2968	1	13:002B4958	
FUN_L13_002b4a58	level	552	3d0ea37f37e8c447	1	13:002B4A58	
FUN_L13_002b4c80	level	572	c2baa2f9bde78614	1	13:002B4C80	
FUN_L13_002b4f28	level	140	432b49cadc124792	1	13:002B4F28	
FUN_L13_002b4fb8	level	56	b08b635ae3f84273	1	13:002B4FB8	
FUN_L13_002b4ff0	level	228	27265d9572bb955e	1	13:002B4FF0	
FUN_L13_002b50d8	level	10404	d18b87f163b1bbd4	1	13:002B50D8	
FUN_L13_002b7d50	shared	636	0c25a372b7b5a3bc	2	13:002B7D50,17:002E9E48	
FUN_L13_002b8590	level	1128	475222d4349cb347	1	13:002B8590	
FUN_L13_002b89f8	level	488	7be52aa6ab55720e	1	13:002B89F8	
FUN_L13_002b8be0	level	2520	a56827d384adac5d	1	13:002B8BE0	
FUN_L13_002b95b8	level	572	93fca52f37803f33	1	13:002B95B8	
FUN_L13_002b97f8	level	1536	42265cfd7ec22690	1	13:002B97F8	
FUN_L13_002b9df8	level	348	9a59ef5374e2dee2	1	13:002B9DF8	
FUN_L13_002b9f58	level	300	d503dfb04af78365	1	13:002B9F58	
FUN_L13_002ba088	shared	232	e532c0a66bbc794f	2	13:002BA088,17:002EC270	
FUN_L13_002ba178	level	3820	6b2cac2cb496179c	1	13:002BA178	
FUN_L13_002bb068	level	4536	5b474b979bb83024	1	13:002BB068	
FUN_L13_002c13b0	level	376	44b54a6248ef97b0	1	13:002C13B0	
FUN_L13_002c1528	level	2560	21001d8a32010b35	1	13:002C1528	
FUN_L13_002c1f28	level	284	9aa5a2fae953caa3	1	13:002C1F28	
FUN_L13_002c2048	level	1392	5f831080ee441bee	1	13:002C2048	
FUN_L13_002c25b8	level	1912	112ab3b15f14c7cc	1	13:002C25B8	
FUN_L13_002c2d30	level	1436	074467d4646f8a00	1	13:002C2D30	
FUN_L13_002c37e0	level	420	ad732c495a4d1eb9	1	13:002C37E0	
FUN_L13_002c3988	level	316	a3860280fc8f98b5	1	13:002C3988	
FUN_L13_002c3ac8	level	444	9fe723db6e22c890	1	13:002C3AC8	
FUN_L13_002c3c88	level	640	e502305725b026da	1	13:002C3C88	
FUN_L13_002c3f08	level	184	838888d74c22d9cb	1	13:002C3F08	
FUN_L13_002c3fc0	level	1128	7adaef19b3c76bd0	1	13:002C3FC0	
FUN_L13_002c4428	level	2928	ce6ecd473ef20d9c	1	13:002C4428	
FUN_L13_002c7f38	level	1108	d08711ca6bbd49f8	1	13:002C7F38	
FUN_L13_002ce688	level	1580	76a830c45dbddb11	1	13:002CE688	
FUN_L13_002cecb8	level	776	8f7b163f44f780a6	1	13:002CECB8	
FUN_L13_002cefc0	level	1328	893c5b26501522c2	1	13:002CEFC0	
FUN_L13_002e1140	level	516	f5eabff164c80bca	1	13:002E1140	
FUN_L13_002e1348	level	748	564857b0e4604c90	1	13:002E1348	
FUN_L13_002e1638	level	1560	81834eba121a5148	1	13:002E1638	
FUN_L13_002e1c50	shared	120	da7be12b2f43f920	2	13:002E1C50,17:002C5360	
FUN_L13_002e1cc8	shared	1664	4b38047ae57884b5	2	13:002E1CC8,17:002C53D8	
FUN_L13_002e4300	level	328	8e39417a84b8fd69	1	13:002E4300	
FUN_L13_002e4448	level	1252	307dc73122c56828	1	13:002E4448	
FUN_L13_002e6a58	shared	428	73381db90980c56e	2	13:002E6A58,17:002C9B38	
FUN_L13_002e6c08	shared	1584	8a3050b635a21c85	2	13:002E6C08,17:002C9CE8	
FUN_L13_002e8438	level	160	6dc8869221bdcb2f	1	13:002E8438	
FUN_L13_002e84d8	level	544	65889ecf7994770d	1	13:002E84D8	
FUN_L13_002e86f8	level	548	cc4bc9e6bbb10d70	1	13:002E86F8	
FUN_L13_002e8920	level	568	7827f4718150afe5	1	13:002E8920	
FUN_L13_002e8b58	level	460	784069ad3fa0f0c8	1	13:002E8B58	
FUN_L13_002e8d28	level	752	476207e38e1287a4	1	13:002E8D28	
FUN_L13_002e9018	level	328	d30b2bc32cbadecf	1	13:002E9018	
FUN_L13_002e9160	level	676	4a79051c93114a42	1	13:002E9160	
FUN_L13_002e9408	level	628	b02db45d2d353b95	1	13:002E9408	
FUN_L13_002e9680	level	348	3b4003446b5da185	1	13:002E9680	
FUN_L13_002e97e0	level	616	68f011c7fb642db2	1	13:002E97E0	
FUN_L13_002e9a48	level	2280	92f8662fa13a8370	1	13:002E9A48	
FUN_L13_002ea330	level	208	2df47c931dcfe0e7	1	13:002EA330	
FUN_L13_002ea400	level	320	96e5add02f888d7c	1	13:002EA400	
FUN_L13_002ea540	level	372	63851623e7dca883	1	13:002EA540	
FUN_L13_002ea6b8	level	528	0ee28024bf0e4427	1	13:002EA6B8	
FUN_L13_002ea8c8	level	824	e37c7b60c578ccbc	1	13:002EA8C8	
FUN_L13_002eac00	level	1172	47e3d793ef6f56c1	1	13:002EAC00	
FUN_L13_002eb098	level	7288	32d6eb5ab0c66d52	1	13:002EB098	
FUN_L13_002ecd10	level	236	629416a6e67baf8d	1	13:002ECD10	
FUN_L13_002ece00	level	856	cfd647ab616e98bc	1	13:002ECE00	
FUN_L13_002ed158	level	848	6d08d35cac3be10d	1	13:002ED158	
FUN_L13_002ed4a8	level	588	10ee4f21461b0437	1	13:002ED4A8	
FUN_L13_002f3750	level	40	4fa3fb04d27fcf27	1	13:002F3750	
FUN_L13_002f3778	level	472	eda57fe4ced7b002	1	13:002F3778	
FUN_L13_002f8880	level	504	eac627a3ae0b6083	1	13:002F8880	
FUN_L13_002f8a78	level	764	e7cdc048828f7ed2	1	13:002F8A78	
FUN_L13_003058a8	level	224	a59a1424c2076ffc	1	13:003058A8	
FUN_L13_00305988	level	204	854069f95b9f844b	1	13:00305988	
FUN_L13_00305a58	level	1628	e478bfcb34ad0b3c	1	13:00305A58	
FUN_L13_003060b8	level	144	453b52f9051b04fc	1	13:003060B8	
FUN_L13_00306148	level	128	4dd52fe9dc1dae46	1	13:00306148	
FUN_L13_003061c8	level	312	a1b26ea42d2416d3	1	13:003061C8	
FUN_L13_00306300	level	1480	921a94458fbb3f66	1	13:00306300	
FUN_L13_003073c8	level	1860	58fcd8a2cca5c9ea	1	13:003073C8	
FUN_L13_00307b10	level	904	718d58835a2139d0	1	13:00307B10	
FUN_L13_00307e98	level	3700	55792e91428b2892	1	13:00307E98	
FUN_L13_00308d10	level	1632	7af076ac359f8ad1	1	13:00308D10	
FUN_L13_00309370	level	392	a8f772345235070c	1	13:00309370	
FUN_L13_003094f8	level	980	4e38129ef96f10d5	1	13:003094F8	
FUN_L13_00309e88	level	1492	694e3b25e202193f	1	13:00309E88	
FUN_L13_0030a488	level	580	caa8a2dfc1a083fd	1	13:0030A488	
FUN_L13_0030a6d8	level	1632	cd04fb98afecfcec	1	13:0030A6D8	
FUN_L13_0030ad38	level	300	89a57cc21c7e6bc2	1	13:0030AD38	
FUN_L13_0030ae68	level	232	de1245b9503bad0c	1	13:0030AE68	
FUN_L13_0030af50	level	232	b0d9f7efc3ecb86f	1	13:0030AF50	
FUN_L13_0030b628	level	1348	edeee29aea7dc302	1	13:0030B628	
FUN_L13_0030bb70	level	636	f37bddf6984c1be4	1	13:0030BB70	
FUN_L13_0030bdf0	level	112	babea3c46916a7c4	1	13:0030BDF0	
FUN_L13_0030be60	level	332	fbecab77c75c79b9	1	13:0030BE60	
FUN_L13_0030bfb0	level	172	957f527a3149874b	1	13:0030BFB0	
FUN_L13_0030c060	level	216	57a64b52e131bfa5	1	13:0030C060	
FUN_L13_0030c138	level	376	ad86895da353b200	1	13:0030C138	
FUN_L13_0030c3b8	level	1572	2ded5e21becf1876	1	13:0030C3B8	
FUN_L13_0030cdb8	level	908	923b337eba7d52b5	1	13:0030CDB8	
FUN_L13_00316f48	shared	56	5bd78d919024b131	2	13:00316F48,14:00314190	
FUN_L14_0021dd30	level	660	8d25c0552c1927e5	1	14:0021DD30	
FUN_L14_00222aa8	level	864	4339b26733cd1490	1	14:00222AA8	
FUN_L14_00222f38	level	608	345396cdc1e8edfd	1	14:00222F38	
FUN_L14_00228cd0	level	25132	239f5225ec533d01	1	14:00228CD0	
FUN_L14_0022ff58	level	14208	a3de46af5c98b95b	1	14:0022FF58	
FUN_L14_00235600	level	23112	11ff6a802cb3e1d8	1	14:00235600	
FUN_L14_002460f8	level	120	4b2f046edeab423d	1	14:002460F8	
FUN_L14_002aba80	level	2100	bb9acb09981e856e	1	14:002ABA80	
FUN_L14_002ac2b8	level	252	4319da8a80341866	1	14:002AC2B8	
FUN_L14_002ac618	level	4768	06a163e9d86893c7	1	14:002AC618	
FUN_L14_002ad8b8	level	352	b1e6ddb739bfcea7	1	14:002AD8B8	
FUN_L14_002ada18	level	816	31f182ca95cba39e	1	14:002ADA18	
FUN_L14_002add48	level	864	618ec2e0582b696e	1	14:002ADD48	
FUN_L14_002ae0a8	level	440	690389866f2634c4	1	14:002AE0A8	
FUN_L14_002ae260	level	488	af54f9dfd11669b2	1	14:002AE260	
FUN_L14_002ae448	level	656	be78a2f01bb95645	1	14:002AE448	
FUN_L14_002ae6d8	level	252	f1d9d2ccff5c4ad6	1	14:002AE6D8	
FUN_L14_002ae7d8	level	292	10e497d976c1339a	1	14:002AE7D8	
FUN_L14_002ae900	level	264	774e02b8ca881f4c	1	14:002AE900	
FUN_L14_002aea08	level	208	5cdcd037e51f9cb0	1	14:002AEA08	
FUN_L14_002aead8	level	200	449ca1cec64b8b96	1	14:002AEAD8	
FUN_L14_002aeba0	level	432	7cf77a2f733d1ae0	1	14:002AEBA0	
FUN_L14_002aed50	level	212	8ccc3a54d5372fc1	1	14:002AED50	
FUN_L14_002aee28	level	252	73d67e56b5676b11	1	14:002AEE28	
FUN_L14_002aef28	level	288	f59879c734767e87	1	14:002AEF28	
FUN_L14_002af048	level	76	43f63ae45b37f148	1	14:002AF048	
FUN_L14_002b17d8	shared	3620	4680576ee7522459	2	14:002B17D8,15:002955C0	
FUN_L14_002b2600	shared	804	10fc91e6f65c9b45	2	14:002B2600,15:002963E8	
FUN_L14_002b2928	shared	1452	4ef4647cb1f9940d	2	14:002B2928,15:00296710	
FUN_L14_002b2ed8	shared	132	ede320b420b47443	2	14:002B2ED8,15:00296CC0	
FUN_L14_002b2f60	shared	772	dde1f8bd85e5e4a7	2	14:002B2F60,15:00296D48	
FUN_L14_002b3268	shared	176	7bc53cbc1c3a8011	2	14:002B3268,15:00297050	
FUN_L14_002b3318	shared	24	608c94dbecbee8f4	2	14:002B3318,15:00297100	
FUN_L14_002b3330	shared	36	7263ae99053030ac	2	14:002B3330,15:00297118	
FUN_L14_002b3358	shared	192	e2ff58c1674d83bd	2	14:002B3358,15:00297140	
FUN_L14_002b3418	shared	352	582cc02e1be1ba3a	2	14:002B3418,15:00297200	
FUN_L14_002b3578	shared	92	5090ee91aff04604	2	14:002B3578,15:00297360	
FUN_L14_002b35d8	shared	472	5e26c43c6692e613	2	14:002B35D8,15:002973C0	
FUN_L14_002b37b0	shared	224	564685817dc4063a	2	14:002B37B0,15:00297598	
FUN_L14_002b3890	shared	140	b78bb0a66d31ec28	2	14:002B3890,15:00297678	
FUN_L14_002b3920	shared	128	40eabf7e05039395	2	14:002B3920,15:00297708	
FUN_L14_002b39a0	shared	128	5446c6f08719db98	2	14:002B39A0,15:00297788	
FUN_L14_002b3a20	shared	460	8bfd54e8fe9d9dc0	2	14:002B3A20,15:00297808	
FUN_L14_002b3bf0	level	1872	71c4e40b69b731fe	1	14:002B3BF0	
FUN_L14_002b4340	level	356	a44eebc8e908e87d	1	14:002B4340	
FUN_L14_002b44a8	level	88	3bd3ae60cdd7778c	1	14:002B44A8	
FUN_L14_002b4500	level	368	46afe83e8c8f3e2e	1	14:002B4500	
FUN_L14_002b4670	level	120	42485fcd0bc4bc6b	1	14:002B4670	
FUN_L14_002b46e8	level	2980	e28a1fc2a15ecf49	1	14:002B46E8	
FUN_L14_002b5290	level	408	7fe0170ce87c6ec1	1	14:002B5290	
FUN_L14_002b5428	level	260	0c0352a2dc885a67	1	14:002B5428	
FUN_L14_002b5530	level	128	ea0de452d9858b10	1	14:002B5530	
FUN_L14_002b55b0	level	380	f8445b9bd260bc80	1	14:002B55B0	
FUN_L14_002b5730	level	284	f2995d64baade448	1	14:002B5730	
FUN_L14_002b5850	level	280	85e9a244d2ee383e	1	14:002B5850	
FUN_L14_002b5968	level	712	aef2892397f34b8e	1	14:002B5968	
FUN_L14_002b5c30	level	100	8dd783773d040a3e	1	14:002B5C30	
FUN_L14_002b5c98	level	124	8e97b8ef0fb54dce	1	14:002B5C98	
FUN_L14_002b5d18	level	188	0209a2b5ed14e792	1	14:002B5D18	
FUN_L14_002b5dd8	level	568	c9e399b3bf2c66ee	1	14:002B5DD8	
FUN_L14_002bac78	level	1684	1ff67e36981b4e05	1	14:002BAC78	
FUN_L14_002bb310	level	456	7a92586e79cb86f2	1	14:002BB310	
FUN_L14_002bb4d8	level	88	4bf39b6bd210f943	1	14:002BB4D8	
FUN_L14_002d5f40	level	1044	2654ea964e793dff	1	14:002D5F40	
FUN_L14_002d6358	level	376	493603d0bb1ecb48	1	14:002D6358	
FUN_L14_002d64d0	level	156	7b3edef3e545dbcc	1	14:002D64D0	
FUN_L14_002d6570	level	632	97a46c69522db919	1	14:002D6570	
FUN_L14_002d67e8	level	2476	67827d04baf46a8e	1	14:002D67E8	
FUN_L14_002d7198	level	84	300e9b8b0efe2cf9	1	14:002D7198	
FUN_L14_002d71f0	level	668	b018da0314a57437	1	14:002D71F0	
FUN_L14_002d7490	level	664	778d47d45f79d44d	1	14:002D7490	
FUN_L14_002d96e0	shared	396	37bce894e8f29560	2	14:002D96E0,15:002C6F08	
FUN_L14_002d9870	shared	124	5d28cf94a06f0f26	2	14:002D9870,15:002C7098	
FUN_L14_002de1f8	level	192	b54a8384cab09f3b	1	14:002DE1F8	
FUN_L14_002de2b8	level	948	99523d67f3db6034	1	14:002DE2B8	
FUN_L14_002de670	shared	1064	1fb603e589a88dd6	2	14:002DE670,15:002CA240	
FUN_L14_002dea98	shared	420	eec31d21acd44a67	2	14:002DEA98,15:002CA668	
FUN_L14_002dee28	level	596	44a210fe4af30c12	1	14:002DEE28	
FUN_L14_002df080	level	180	af1605aef0018359	1	14:002DF080	
FUN_L14_002df138	level	796	9b29d6671c75544d	1	14:002DF138	
FUN_L14_002df458	level	184	bb8a40f8e237d313	1	14:002DF458	
FUN_L14_002df510	level	1860	8680045bbb41fff2	1	14:002DF510	
FUN_L14_002dfc58	level	184	fe903ef2ef69e388	1	14:002DFC58	
FUN_L14_002dfd10	shared	1120	65f03bd277a873f0	2	14:002DFD10,15:002CA9F8	
FUN_L14_002e0170	shared	584	188e972ebb408e7d	2	14:002E0170,15:002CAE58	
FUN_L14_002e03b8	shared	1060	d05121e3fef00b44	2	14:002E03B8,15:002CB0A0	
FUN_L14_002e7bd8	level	1180	4764ec264fbcf510	1	14:002E7BD8	
FUN_L14_002eaf88	level	1024	8ac3e0bc7d85d782	1	14:002EAF88	
FUN_L14_002eb388	level	476	99dcbe5a57c5486c	1	14:002EB388	
FUN_L14_002eb568	level	680	e205928aa879e7dc	1	14:002EB568	
FUN_L14_002eb810	level	540	d88ff0cbd19327e8	1	14:002EB810	
FUN_L14_002ec810	level	1244	be2d6525d953bdcb	1	14:002EC810	
FUN_L14_002eccf0	level	272	898533963106c99e	1	14:002ECCF0	
FUN_L14_002ece00	level	1152	e4be90690a9b3556	1	14:002ECE00	
FUN_L14_002ed280	level	684	abf11ba8b41b1f19	1	14:002ED280	
FUN_L14_002ed530	level	1768	fa6288d98d16d2ab	1	14:002ED530	
FUN_L14_002edc18	level	2712	4f4a61b8b7b31531	1	14:002EDC18	
FUN_L14_002ee6b0	level	552	bb8c8760524dc672	1	14:002EE6B0	
FUN_L14_002ee8d8	level	1668	4bb0254230c05675	1	14:002EE8D8	
FUN_L14_002eef60	level	496	abb39593edcf20c4	1	14:002EEF60	
FUN_L14_002ef150	level	656	7bb4425649bbad55	1	14:002EF150	
FUN_L14_002ef3e0	level	404	9302dcf9b0dedf36	1	14:002EF3E0	
FUN_L14_002ef578	level	48	7c096bbf12fe5f50	1	14:002EF578	
FUN_L14_002ef5a8	level	132	8188f2fdafd3880d	1	14:002EF5A8	
FUN_L14_002ef630	level	192	cc3a2ddb65d44317	1	14:002EF630	
FUN_L14_002ef6f0	level	332	1e97aae46e5d6eb2	1	14:002EF6F0	
FUN_L14_002f0538	level	2820	3382a991acbb20d1	1	14:002F0538	
FUN_L14_002f1040	level	252	b441c6f0da70dbb6	1	14:002F1040	
FUN_L14_002f1140	level	292	55c2349d133e5845	1	14:002F1140	
FUN_L14_002f12f0	level	112	db87549880211126	1	14:002F12F0	
FUN_L14_002f13f8	level	152	2cb35e625d50193b	1	14:002F13F8	
FUN_L14_002fba20	level	1740	6181de7531f359d3	1	14:002FBA20	
FUN_L14_002fc0f0	level	756	b20b8a7a2ac74a08	1	14:002FC0F0	
FUN_L14_002fc3e8	level	1192	da44f260d0e90635	1	14:002FC3E8	
FUN_L14_002fc890	level	268	7d1dc60282db3999	1	14:002FC890,14:002FD808	
FUN_L14_002fc9a0	level	520	4163fb52f818c2e7	1	14:002FC9A0	
FUN_L14_002fcbb0	level	1888	8fea49213314c06e	1	14:002FCBB0	
FUN_L14_002fd310	level	1272	fd17ca3ff3550f33	1	14:002FD310	
FUN_L14_002fd918	level	668	deb65113713af7c4	1	14:002FD918	
FUN_L14_002fdbb8	level	788	f989fc52dd5a8e10	1	14:002FDBB8	
FUN_L14_002fded0	level	852	7f26f888cd11f9f9	1	14:002FDED0	
FUN_L14_002fe238	level	104	789c00dd1eac6b5a	1	14:002FE238	
FUN_L14_002fe2a0	level	1632	109edadebb9e8b96	1	14:002FE2A0	
FUN_L14_002fe900	shared	380	38972924f072e393	2	14:002FE900,16:002E3E20	
FUN_L14_002fea80	level	424	8c11e2f31ddbc9b6	1	14:002FEA80	
FUN_L14_002fec28	shared	124	40e5e6f5ce3a3535	2	14:002FEC28,16:002E4110	
FUN_L14_002feca8	shared	588	37285af61cc4ac7c	2	14:002FECA8,16:002E4190	
FUN_L14_002fefe0	level	1628	89beea33f563f88c	1	14:002FEFE0	
FUN_L14_002ff640	shared	1208	22c1e58610ae3dd4	2	14:002FF640,16:002DDDE0	
FUN_L14_002ffaf8	shared	268	1cc4512ae6bf6cb1	2	14:002FFAF8,16:002DE298	
FUN_L14_00300e00	level	1756	0ce749aa253be225	1	14:00300E00	
FUN_L14_003014e0	level	236	1f8e0a340655298b	1	14:003014E0	
FUN_L14_003015d0	shared	552	5d3ab8ea9d1498ad	3	14:003015D0,15:002E6038,17:002E6468	
FUN_L14_003017f8	shared	1516	9292ad19da5882da	3	14:003017F8,15:002E6260,17:002E6690	
FUN_L14_00301de8	shared	444	30009de2f17a9aac	3	14:00301DE8,15:002E6850,17:002E6C80	
FUN_L14_00301fa8	shared	1424	33003230132cd263	3	14:00301FA8,15:002E6A10,17:002E6E40	
FUN_L14_00302538	shared	1056	13bbf9c6dc7f909d	3	14:00302538,15:002E6FA0,17:002E73D0	
FUN_L14_003039e0	shared	336	bd55df2b69ab49c9	2	14:003039E0,15:002E8910	
FUN_L14_00305408	level	504	845a4cbd83a0d3b8	1	14:00305408	
FUN_L14_00305600	level	128	bfa284479d89402f	1	14:00305600	
FUN_L14_00305680	level	216	1adfb3e41472963f	1	14:00305680	
FUN_L14_00305758	level	736	6d6fac467946a5a9	1	14:00305758	
FUN_L14_00305b18	level	528	fad6a3bf86ed00a5	1	14:00305B18	
FUN_L14_00305d28	level	1064	a2abb5a31d4410dd	1	14:00305D28	
FUN_L14_00306158	level	128	bcfbef5667ed2408	1	14:00306158	
FUN_L14_003061d8	level	32	f5be156af8a45ead	1	14:003061D8	
FUN_L14_003061f8	level	36	56084856f8ec288f	1	14:003061F8	
FUN_L14_0030621c	level	20	6cf2d8bf766a05f5	1	14:0030621C	
FUN_L14_00306b78	level	872	eeab01c6db0a0eb4	1	14:00306B78	
FUN_L14_00306ee0	level	1580	0999e109101225ea	1	14:00306EE0	
FUN_L14_00307510	level	268	ee8b248557c73113	1	14:00307510	
FUN_L14_00307620	level	1028	e749ea40343eef18	1	14:00307620	
FUN_L14_00307a80	level	84	f3a6c38046eaab91	1	14:00307A80	
FUN_L14_003087c0	level	240	4c2e5579301363f2	1	14:003087C0	
FUN_L14_003135b8	level	80	b3f65da121900579	1	14:003135B8	
FUN_L14_00314f00	level	908	6eaac5931d69fca3	1	14:00314F00	
FUN_L14_00315290	level	1676	8281c92057fe95eb	1	14:00315290	
FUN_L14_00315920	level	172	d2afe708ffbd0ce6	1	14:00315920	
FUN_L14_003159d8	level	880	fe8beaf93d9e40ef	1	14:003159D8	
FUN_L14_00315d48	level	2556	1cafa4133bd50c5b	1	14:00315D48	
FUN_L14_00316748	level	152	1492491a8bd3d4b5	1	14:00316748	
FUN_L14_003167e0	level	36	4ce1c14c6ac7a02f	1	14:003167E0	
FUN_L15_001ff938	shared	1060	713e75ceebc6b081	2	15:001FF938,18:0020EFA8	
FUN_L15_00200788	shared	80	3746b8d14609d73f	2	15:00200788,18:0020FE00	
FUN_L15_002007d8	shared	248	ec3013fae1c36322	2	15:002007D8,18:0020FE50	
FUN_L15_002044c8	level	1020	2872a75273206fd5	1	15:002044C8	
FUN_L15_00208ca8	shared	256	97ad9dd424610c0d	2	15:00208CA8,18:00218928	
FUN_L15_00208e10	level	1296	65971b1a40fe123f	1	15:00208E10	
FUN_L15_00209450	shared	632	213f9f20dfe1af63	2	15:00209450,18:002190F0	
FUN_L15_0020a328	shared	888	5c2f30228de0bd3a	2	15:0020A328,18:0021A010	
FUN_L15_0020ed50	level	28236	5ddf548ad250ba38	1	15:0020ED50	
FUN_L15_00215e58	shared	1360	30733f20794a2fdc	2	15:00215E58,18:00226FF0	
FUN_L15_00216c38	level	16168	23f5195047b6c743	1	15:00216C38	
FUN_L15_0021ab60	shared	120	01f81641c9b4e150	2	15:0021AB60,18:0022C418	
FUN_L15_0021d040	level	22780	415fedcabe4d79dc	1	15:0021D040	
FUN_L15_0022db50	level	140	be8c8cce0063e6b8	1	15:0022DB50	
FUN_L15_00247e90	level	352	51fe47b0adc3b620	1	15:00247E90	
FUN_L15_0025e2c0	shared	260	0253de6b13905c73	2	15:0025E2C0,18:00270AF0	
FUN_L15_002647f0	shared	356	8b283a5a60e1f68c	2	15:002647F0,17:0026E978	
FUN_L15_002979d8	shared	7844	4c727476d8117ced	2	15:002979D8,17:0029F8D8	
FUN_L15_00299880	shared	488	26eaa6a3e3a0da71	2	15:00299880,17:002A1780	
FUN_L15_00299a68	shared	120	abbfc189528fe3dd	2	15:00299A68,17:002A1968	
FUN_L15_00299ae0	shared	444	48362ae33937dfdf	2	15:00299AE0,17:002A19E0	
FUN_L15_00299ca0	shared	312	9a174fe65ff42966	2	15:00299CA0,17:002A1BA0	
FUN_L15_00299dd8	shared	544	0845352e380c3d08	2	15:00299DD8,17:002A1CD8	
FUN_L15_00299ff8	shared	216	34112780f7cd0752	2	15:00299FF8,17:002A1EF8	
FUN_L15_0029a0d0	shared	376	2558a697184c23be	2	15:0029A0D0,17:002A1FD0	
FUN_L15_0029a248	shared	92	f39b9ec78bf1a7e2	2	15:0029A248,17:002A2148	
FUN_L15_0029a2a8	shared	708	5b14d8bfbb671e15	2	15:0029A2A8,17:002A21A8	
FUN_L15_0029a570	shared	1588	7fac405faf345523	2	15:0029A570,17:002A2470	
FUN_L15_0029aba8	shared	136	d40a40e6311edc2d	2	15:0029ABA8,17:002A2AA8,17:002F0448	
FUN_L15_0029ac30	shared	484	5cc5ec6fcaac12a3	4	15:0029AC30,16:002A05E8,17:002A2B30,18:002A76E0	
FUN_L15_0029ae18	shared	364	3e11e4b9826741ae	4	15:0029AE18,16:002A07D0,16:002A0F18,17:002A2D18,18:002A78C8,18:002A8010	
FUN_L15_0029af88	shared	96	8ca8b5d7f38b9b7f	4	15:0029AF88,16:002A0940,17:002A2E88,18:002A7A38	
FUN_L15_0029aff0	level	1184	6da694fc7e4c1176	1	15:0029AFF0	
FUN_L15_0029d6c0	shared	4920	897d052e730aaf8c	2	15:0029D6C0,18:002AA3B0	
FUN_L15_0029ead0	shared	284	d4ded868cd787c5a	2	15:0029EAD0,18:002AB7C0	
FUN_L15_0029edb0	shared	2584	9a812f493526205e	2	15:0029EDB0,18:002ABAA0	
FUN_L15_002a2488	shared	992	ca3268ad7786ab8d	2	15:002A2488,17:002A7B58	
FUN_L15_002a2868	shared	332	9b02ec5307d803b1	2	15:002A2868,17:002A7F38	
FUN_L15_002a29b8	shared	568	36fdcb1a3638df83	2	15:002A29B8,17:002A8088	
FUN_L15_002a2bf0	shared	1352	255d6dd87dd49959	2	15:002A2BF0,17:002A82C0	
FUN_L15_002a3138	shared	1184	02c5300bfd765e21	2	15:002A3138,17:002A8808	
FUN_L15_002a35d8	shared	244	098b541cff0b966a	2	15:002A35D8,17:002A8CA8	
FUN_L15_002a36d0	level	1240	b38754df6058f255	1	15:002A36D0	
FUN_L15_002a3ba8	level	796	f550d242651299d5	1	15:002A3BA8	
FUN_L15_002a6e68	shared	1980	683fbb8e525bf2fc	2	15:002A6E68,17:002AC740	
FUN_L15_002a7628	shared	596	f09e02f91105110b	2	15:002A7628,17:002ACF00	
FUN_L15_002a7880	level	1980	cc99d9edded89ad7	1	15:002A7880	
FUN_L15_002aa280	level	1736	5ac1b0d7ff1cc95a	1	15:002AA280	
FUN_L15_002bddb0	shared	768	1bc5a44228d4abe6	2	15:002BDDB0,17:002C0F00	
FUN_L15_002c2938	level	1684	38030c5c0b84608b	1	15:002C2938	
FUN_L15_002c4f88	level	816	34ab86b6c6c4c103	1	15:002C4F88	
FUN_L15_002c52b8	level	888	0937d39b3573af04	1	15:002C52B8	
FUN_L15_002c5630	level	4816	ced0b2a58aa310c3	1	15:002C5630	
FUN_L15_002c6900	level	556	04714cc1c2f5e5e1	1	15:002C6900	
FUN_L15_002cb4c8	shared	1520	f5a7c06c1f293d26	2	15:002CB4C8,17:002CBE80	
FUN_L15_002cbac0	shared	220	50d24d0bbfef3456	2	15:002CBAC0,17:002CC478	
FUN_L15_002cbba0	shared	140	1f37d8d89ddb530d	2	15:002CBBA0,17:002CC558	
FUN_L15_002cbc30	shared	344	0de86b70607d60a7	2	15:002CBC30,17:002CC5E8	
FUN_L15_002cbd88	shared	208	d49d4df45b897722	2	15:002CBD88,17:002CC740	
FUN_L15_002cf110	level	664	5b53265f25ac586e	1	15:002CF110	
FUN_L15_002cf3a8	level	7168	2d01ab5d08042968	1	15:002CF3A8	
FUN_L15_002d0fa8	level	1172	a4e7308724ce1af0	1	15:002D0FA8	
FUN_L15_002d6770	shared	160	d18965dcef2e8a88	2	15:002D6770,17:002D4DE8	
FUN_L15_002d6810	shared	4012	22062772670bd18b	2	15:002D6810,17:002D4E88	
FUN_L15_002d77c0	shared	552	06f9ccb8b7650da6	2	15:002D77C0,17:002D5E38	
FUN_L15_002d79e8	shared	452	bda443c8c0d05f0e	2	15:002D79E8,17:002D6060	
FUN_L15_002d7bb0	shared	2912	53deea334c7922e3	2	15:002D7BB0,17:002D6228	
FUN_L15_002d8710	shared	360	208fbc8527a4de8b	3	15:002D8710,17:002D6D88,18:002EB9F8	
FUN_L15_002d8e48	shared	696	7dbb0304aa96ec19	2	15:002D8E48,17:002D74C0	
FUN_L15_002d95a0	shared	68	3dded645494aad4f	2	15:002D95A0,17:002D77A8	
FUN_L15_002e4380	shared	508	324925e7c791a60d	2	15:002E4380,17:002E1C20	
FUN_L15_002e4580	shared	300	c2cfc16e0d41b0ed	2	15:002E4580,17:002E1E20	
FUN_L15_002e46b0	level	192	2d7efbb3911adf69	1	15:002E46B0	
FUN_L15_002e5958	shared	1300	d0cb19dc09f92a3f	2	15:002E5958,17:002E5F50	
FUN_L15_002e73c0	level	284	39e18448bba542a1	1	15:002E73C0	
FUN_L15_002e7ed8	level	140	0888c62e0c9730c5	1	15:002E7ED8	
FUN_L15_002e7f68	level	948	21b195908c24c046	1	15:002E7F68	
FUN_L15_002ea748	level	392	4d023b2cc4af1345	1	15:002EA748	
FUN_L15_002eabd8	level	180	ecf081ccb5a41e8e	1	15:002EABD8	
FUN_L15_002eac90	level	1040	28e6271da2cef560	1	15:002EAC90	
FUN_L15_002eb0a0	shared	100	423404ec5d0aed19	2	15:002EB0A0,15:002EB458,15:002EDF58,15:002EE338,17:002F08E0,17:002F0CA0,17:002F1060,17:002F1418	
FUN_L15_002eb108	level	848	64ebe315c9047c56	1	15:002EB108	
FUN_L15_002eb4c0	level	500	f76a80b4a08d9390	1	15:002EB4C0	
FUN_L15_002eb6b8	level	620	ebb531f6e7ddb412	1	15:002EB6B8	
FUN_L15_002eb928	level	184	9408d149d9b7817f	1	15:002EB928	
FUN_L15_002eb9e0	level	140	cda85ba9cedd1c0c	1	15:002EB9E0	
FUN_L15_002ebd78	shared	432	305c4ae7bad5d623	2	15:002EBD78,17:002F1790	
FUN_L15_002ebf28	level	132	0d345c48cce8117c	1	15:002EBF28	
FUN_L15_002ebfb0	level	128	c54d53e5151804be	1	15:002EBFB0	
FUN_L15_002ec030	level	1608	cbaf153bb97a2575	1	15:002EC030	
FUN_L15_002ec760	level	2312	42c9f0c3279cec4d	1	15:002EC760	
FUN_L15_002ed068	shared	816	d085c6f4dea6c6d7	2	15:002ED068,18:002FB868	
FUN_L15_002ed398	level	1924	a33194d41a4638a3	1	15:002ED398	
FUN_L15_002edb20	level	188	602bb3b1798550d7	1	15:002EDB20	
FUN_L15_002edbe0	level	888	f5e5840ce24a3b5b	1	15:002EDBE0	
FUN_L15_002edfc0	level	888	6f59136a75e6b65a	1	15:002EDFC0	
FUN_L15_002f78e0	level	120	d1de74dab2ce5cc2	1	15:002F78E0	
FUN_L15_002f85a8	level	236	80542a73a7a5d4e4	1	15:002F85A8	
FUN_L15_002f8698	level	592	7239660ac3d4fcd0	1	15:002F8698	
FUN_L15_002f88e8	level	700	125eb12f6b03693e	1	15:002F88E8	
FUN_L15_002f8ba8	level	104	78bc4842a080ff71	1	15:002F8BA8	
FUN_L16_002097a0	level	908	a6f0de238ea7be5d	1	16:002097A0	
FUN_L16_0020f8b0	level	120	61dd9dcd74c5c9e4	1	16:0020F8B0	
FUN_L16_0020ffb0	level	2040	d5880cab69cd0250	1	16:0020FFB0	
FUN_L16_00210b60	level	1116	4e46889d598d02f5	1	16:00210B60	
FUN_L16_00211098	level	1672	3f5a95ce5c0ca1a3	1	16:00211098	
FUN_L16_00214598	level	36052	a6d95259afcc38f0	1	16:00214598	
FUN_L16_0021e398	level	18008	c3f3f9ca33958174	1	16:0021E398	
FUN_L16_002270c8	level	26336	b13ea000021004ec	1	16:002270C8	
FUN_L16_002a09a0	shared	244	f5fc14b336d92856	2	16:002A09A0,18:002A7A98	
FUN_L16_002a0a98	shared	808	ab686dd9e36d95ef	2	16:002A0A98,18:002A7B90	
FUN_L16_002a0dc0	shared	344	9b7da0111fa0c2d3	2	16:002A0DC0,18:002A7EB8	
FUN_L16_002a3f38	level	1552	d6971e7496ca3cd1	1	16:002A3F38	
FUN_L16_002c3d38	level	696	1123500fe8345fd8	1	16:002C3D38	
FUN_L16_002c44f0	level	540	61882b7caa5a501f	1	16:002C44F0	
FUN_L16_002c4710	level	16	99669a21a86b0aba	1	16:002C4710	
FUN_L16_002c5eb0	level	948	3d8786d8824069e1	1	16:002C5EB0	
FUN_L16_002c6268	level	296	4cb75a8ada3e8d2c	1	16:002C6268	
FUN_L16_002c9480	level	232	89358a0855bae30f	1	16:002C9480	
FUN_L16_002c9568	level	228	98dfa5f216072f6e	1	16:002C9568	
FUN_L16_002c9650	level	548	e85420aa539d339d	1	16:002C9650	
FUN_L16_002c9878	level	472	ad81bc06df6a1c11	1	16:002C9878	
FUN_L16_002c9a50	level	484	da7dbd0b303262f4	1	16:002C9A50	
FUN_L16_002c9c38	level	152	fdb7d5e2e84e364e	1	16:002C9C38	
FUN_L16_002c9cd0	level	984	8e632f4a62280ac5	1	16:002C9CD0	
FUN_L16_002cddb8	level	3124	780a5d0dc60a8bda	1	16:002CDDB8	
FUN_L16_002ce9f0	level	696	ed1ab11990ba2403	1	16:002CE9F0	
FUN_L16_002ceca8	level	116	81023328b07cab83	1	16:002CECA8	
FUN_L16_002ced20	level	336	50211b1a2aa77753	1	16:002CED20	
FUN_L16_002cee70	level	236	8ff4c71682033616	1	16:002CEE70	
FUN_L16_002cef60	level	568	054429e161c8410d	1	16:002CEF60	
FUN_L16_002cf198	level	784	4644e9db8dcd65f1	1	16:002CF198	
FUN_L16_002cf4a8	level	284	add038781689c5bb	1	16:002CF4A8	
FUN_L16_002cf5c8	level	176	98581863c37eb0be	1	16:002CF5C8	
FUN_L16_002cf678	level	192	71a544a3b5d4bfe5	1	16:002CF678	
FUN_L16_002cf738	level	112	a9059afda192e53e	1	16:002CF738	
FUN_L16_002cf7a8	level	168	c8ea6cc58203dcf6	1	16:002CF7A8	
FUN_L16_002cf850	level	380	5708bd14df3427e8	1	16:002CF850	
FUN_L16_002cf9d0	level	36	acdb032220b77114	1	16:002CF9D0	
FUN_L16_002cf9f8	level	520	309bd440cdfa53f7	1	16:002CF9F8	
FUN_L16_002cff48	level	236	55b28336de8e06bd	1	16:002CFF48	
FUN_L16_002d0058	level	1092	33326c50125f5a34	1	16:002D0058	
FUN_L16_002d04a0	level	3388	ac4e86342f8ffdb7	1	16:002D04A0	
FUN_L16_002d2cf0	shared	3008	f06b3410a90dbb62	2	16:002D2CF0,18:002DC918	
FUN_L16_002d38b0	shared	1296	d0029cd379da5b80	2	16:002D38B0,18:002DD4D8	
FUN_L16_002d3dc0	shared	32	8937464e89ad33ff	2	16:002D3DC0,18:002DD9E8	
FUN_L16_002d3de0	shared	216	5954636de572ae2f	2	16:002D3DE0,18:002DDA08	
FUN_L16_002d3eb8	shared	192	4320d8030e2cfe3f	2	16:002D3EB8,18:002DDAE0	
FUN_L16_002d3f78	shared	248	0dcc8cb00ef90e33	2	16:002D3F78,18:002DDBA0	
FUN_L16_002d4070	shared	392	d75dfb9dc2941557	2	16:002D4070,18:002DDC98	
FUN_L16_002d41f8	shared	916	be8877b45a3db3ba	2	16:002D41F8,18:002DDE20	
FUN_L16_002d4590	shared	884	d99c4be589b67a72	2	16:002D4590,18:002DE1B8	
FUN_L16_002d4908	shared	768	55d48739f60b024c	2	16:002D4908,18:002DE530	
FUN_L16_002d59e0	level	240	11226bedbe3a2303	1	16:002D59E0	
FUN_L16_002d5ad0	level	244	6579bb3a2fc9df7d	1	16:002D5AD0	
FUN_L16_002d5bc8	level	240	c1f5b2fc4204d281	1	16:002D5BC8	
FUN_L16_002d5cb8	level	248	05c66ccb801e4f4a	1	16:002D5CB8	
FUN_L16_002d5db0	level	204	96b8bbc68dd9faba	1	16:002D5DB0	
FUN_L16_002d5e80	level	116	f6564f072d964223	1	16:002D5E80	
FUN_L16_002d5ef8	level	872	1891ab1b4911a417	1	16:002D5EF8	
FUN_L16_002d6260	level	276	4b7cb3f2846492c4	1	16:002D6260	
FUN_L16_002d6740	level	252	dd09ab02aefa8b7e	1	16:002D6740	
FUN_L16_002de3b8	level	8	0e6e57995656f65f	1	16:002DE3B8	
FUN_L16_002e0de0	level	72	66c322174314019b	1	16:002E0DE0	
FUN_L16_002e0e28	level	88	4bad31d1f5e17e6b	1	16:002E0E28	
FUN_L16_002e22d8	shared	2184	5329a2fa108f4fb3	2	16:002E22D8,18:002F0920	
FUN_L16_002e2b60	shared	804	a105aaf6876a2552	2	16:002E2B60,18:002F11A8	
FUN_L16_002e2e88	shared	280	d089e0a9ce78b3b3	2	16:002E2E88,18:002F14D0	
FUN_L16_002e2fa0	shared	172	46c2ad77a46021b6	2	16:002E2FA0,18:002F15E8	
FUN_L16_002e3050	shared	84	45a28477191f841e	2	16:002E3050,18:002F1698	
FUN_L16_002e3190	level	1364	50d7b6c5d80ab876	1	16:002E3190	
FUN_L16_002e36e8	level	136	4104befd697b5ff9	1	16:002E36E8	
FUN_L16_002e3770	level	48	1f96dc3cd25970eb	1	16:002E3770	
FUN_L16_002e37a0	level	1664	686b1f6976031eb2	1	16:002E37A0	
FUN_L16_002e3fa0	level	368	b9df1d1d1024ac81	1	16:002E3FA0	
FUN_L16_002e43e0	level	1312	18ebd8670d21eda1	1	16:002E43E0	
FUN_L16_002e4900	level	340	edad9763d32f498e	1	16:002E4900	
FUN_L16_002e4a58	level	256	98f966353a3cb579	1	16:002E4A58	
FUN_L16_002e5010	level	584	253b9e7152a4e8cd	1	16:002E5010	
FUN_L16_002e5258	level	584	e8d910d23ddd4fe4	1	16:002E5258	
FUN_L16_002e54a0	level	572	faeffe6c28635fac	1	16:002E54A0	
FUN_L16_002e56e0	level	40	bae19d18d4c66442	1	16:002E56E0	
FUN_L16_002e5708	shared	460	2a920e002a6850f2	2	16:002E5708,18:002FAE48	
FUN_L16_002e58d8	shared	1012	337886f45358f83c	2	16:002E58D8,18:002FB018	
FUN_L16_002e5cd0	shared	92	9d1dc2e07ad33aa9	2	16:002E5CD0,18:002FB410	
FUN_L16_002e5d30	shared	216	b87de208c5f7379f	2	16:002E5D30,18:002FB470	
FUN_L16_002e5e08	level	1020	f72242bcd02138c7	1	16:002E5E08	
FUN_L16_002e6208	level	544	4594eb31f1b3f7e7	1	16:002E6208	
FUN_L16_002e6428	level	420	391ab52b9b32514e	1	16:002E6428	
FUN_L16_002e6808	level	2232	3edb437fa574b334	1	16:002E6808	
FUN_L16_002e70c0	level	164	1b1ed646cb130e7b	1	16:002E70C0	
FUN_L16_002e7168	level	156	ef8008012863085f	1	16:002E7168	
FUN_L16_002e7208	level	216	5fb4d071844ef785	1	16:002E7208	
FUN_L16_002e76b8	level	884	408d48b61e1ef4c3	1	16:002E76B8	
FUN_L16_002e7a30	level	368	7c2de06a09297f22	1	16:002E7A30	
FUN_L16_002e7ba0	level	608	3133b2abcc5dbe1f	1	16:002E7BA0	
FUN_L16_002e7e00	level	380	ac5ae7913e6c02eb	1	16:002E7E00	
FUN_L16_002e7f80	level	1380	0814805ca28f72bd	1	16:002E7F80	
FUN_L16_002e84e8	level	1000	34eea740db8b870e	1	16:002E84E8	
FUN_L16_002e88d0	level	156	e0acaaf1fb56610a	1	16:002E88D0	
FUN_L16_002e8970	level	408	7f20377876c77a2a	1	16:002E8970	
FUN_L16_002e8b08	level	140	c98e4a7c6c4f147f	1	16:002E8B08	
FUN_L16_002e8b98	level	420	e778cf6353c0ae68	1	16:002E8B98,16:002E90C8,16:002E95F8,16:002E9B38,16:002E9E40	
FUN_L16_002e8d40	level	316	20edf9f41baf1b70	1	16:002E8D40,16:002E97A0,16:002E9FE8	
FUN_L16_002e8e80	level	584	ce042e6c45994d0a	1	16:002E8E80	
FUN_L16_002e9270	level	316	f83d7cceaed863f4	1	16:002E9270	
FUN_L16_002e93b0	level	584	844685064606dbc0	1	16:002E93B0	
FUN_L16_002e98e0	level	596	c05457469327cb42	1	16:002E98E0	
FUN_L16_002e9ce0	level	268	518408ddf31529f5	1	16:002E9CE0	
FUN_L16_002e9df0	shared	76	3dd7a9f4c5b2b301	2	16:002E9DF0,17:002F57A0,17:002F5AB8,17:002F5DD0,17:002F60E8,17:002F6400,17:002F6718	
FUN_L16_002ea128	level	596	12f5d91a54b94731	1	16:002EA128	
FUN_L17_002020a8	level	172	b6e6592ced1c5a32	1	17:002020A8	
FUN_L17_0020dbe8	level	1192	f49faba5e51a5fe5	1	17:0020DBE8	
FUN_L17_0020e1c0	level	704	002d53b88d25add2	1	17:0020E1C0	
FUN_L17_00214760	level	36168	086a5961a2756154	1	17:00214760	
FUN_L17_0021e530	level	20044	bdc02826ecabff44	1	17:0021E530	
FUN_L17_002258a8	level	30532	c1984eacce40e540	1	17:002258A8	
FUN_L17_00253a90	level	192	08e78d892d8b5c45	1	17:00253A90	
FUN_L17_0026fb60	level	296	479d0fef3b49fb1f	1	17:0026FB60	
FUN_L17_0026fdd0	level	400	3d04eb3d0fedfc5a	1	17:0026FDD0	
FUN_L17_002a8da0	level	2068	81acbb2d0722fc8e	1	17:002A8DA0	
FUN_L17_002a95b8	level	484	a3a165e263d53493	1	17:002A95B8	
FUN_L17_002cb310	level	2300	4f4ffdda8b43a55a	1	17:002CB310	
FUN_L17_002cbc10	level	292	9fa85ebce79cbf26	1	17:002CBC10	
FUN_L17_002cbd38	level	328	43b3f73c6f0a44b9	1	17:002CBD38	
FUN_L17_002d77f0	level	1280	816947e4387fcf5f	1	17:002D77F0	
FUN_L17_002d7cf0	level	792	4a1fde89933c30a1	1	17:002D7CF0	
FUN_L17_002dc3f8	level	968	8acb09aa8dff2132	1	17:002DC3F8	
FUN_L17_002e87d8	level	1580	9b7e83a81019b6fd	1	17:002E87D8	
FUN_L17_002e8e08	level	1740	86c230012b6c3fd5	1	17:002E8E08	
FUN_L17_002e94d8	level	300	72daf8391399c3bf	1	17:002E94D8	
FUN_L17_002eaae0	level	520	1d6bdd95c3a58822	1	17:002EAAE0	
FUN_L17_002eace8	level	2684	389a297b01b4654a	1	17:002EACE8	
FUN_L17_002eb768	level	572	3f2be25ed60d3bf0	1	17:002EB768	
FUN_L17_002eb9a8	level	1620	541f9938efa7ee11	1	17:002EB9A8	
FUN_L17_002ec000	level	336	8252170c3135666e	1	17:002EC000	
FUN_L17_002ec150	level	288	0fa2baece81d5ff0	1	17:002EC150	
FUN_L17_002ec360	level	3252	f68af6b6198fffdf	1	17:002EC360	
FUN_L17_002ed018	level	3828	89d90a323180dc73	1	17:002ED018	
FUN_L17_002edf10	level	924	b343a971a15b3ede	1	17:002EDF10	
FUN_L17_002ee2b0	level	1808	ae2842943b2139f5	1	17:002EE2B0	
FUN_L17_002ee9c0	level	176	21635582e0393925	1	17:002EE9C0	
FUN_L17_002eea70	level	244	aee285dbcd9e3826	1	17:002EEA70	
FUN_L17_002eeb68	level	3808	199242e6bea22761	1	17:002EEB68	
FUN_L17_002efa48	level	764	7d97c24c012bce4c	1	17:002EFA48	
FUN_L17_002efd48	level	348	94433ed3400400a7	1	17:002EFD48	
FUN_L17_002efea8	level	132	a6a9a8eeb1057ae0	1	17:002EFEA8,17:002EFF30,17:002EFFB8	
FUN_L17_002f00a0	level	364	a144d4a8ad150874	1	17:002F00A0	
FUN_L17_002f0210	level	564	2634f94bd72c41c1	1	17:002F0210	
FUN_L17_002f04d0	level	1040	140e76b22ecfb9f8	1	17:002F04D0	
FUN_L17_002f0948	level	856	a8dd939ee405e61a	1	17:002F0948,17:002F0D08	
FUN_L17_002f10c8	level	848	bbeffb0b04333e5a	1	17:002F10C8	
FUN_L17_002f1940	level	1940	a04d827fa6867743	1	17:002F1940	
FUN_L17_002f20d8	level	168	abce1134ee59d135	1	17:002F20D8	
FUN_L17_002f2180	level	1352	fc266e723065c354	1	17:002F2180	
FUN_L17_002f26d0	level	1956	1d067b9f6ef34974	1	17:002F26D0	
FUN_L17_002f2e78	level	160	d3feead6ce58aa0f	1	17:002F2E78	
FUN_L17_002f32f0	level	1368	3b741fba14affa89	1	17:002F32F0	
FUN_L17_002f3848	level	796	505b72d0702fdb86	1	17:002F3848	
FUN_L17_002f40d8	level	2368	0721b4eed9e95e35	1	17:002F40D8	
FUN_L17_002f4fb8	level	676	2bc6304432d10d46	1	17:002F4FB8	
FUN_L17_002f5260	level	296	a38f71048b470bd4	1	17:002F5260	
FUN_L17_002f5390	level	316	2903a37d72d390c9	1	17:002F5390	
FUN_L17_002f54d8	level	440	73441e98f7b0c6c2	1	17:002F54D8,17:002F57F0,17:002F5B08,17:002F5E20,17:002F6450	
FUN_L17_002f5690	level	268	6e8d65fd21ff6e5b	1	17:002F5690,17:002F5CC0,17:002F62F0	
FUN_L17_002f59a8	level	268	c3b0bb947b74e0a6	1	17:002F59A8,17:002F5FD8,17:002F6608	
FUN_L17_002f6138	level	440	56e03df4fc3310b2	1	17:002F6138	
FUN_L18_00213b40	level	1044	810bc925dacfda5c	1	18:00213B40	
FUN_L18_00218a90	level	1328	ff657c0a19caabb8	1	18:00218A90	
FUN_L18_0021eac8	level	33392	bdcddb4a999d39e3	1	18:0021EAC8	
FUN_L18_00227dd0	level	17988	31bb2b55663417b2	1	18:00227DD0	
FUN_L18_0022e8f8	level	27180	194d930240752976	1	18:0022E8F8	
FUN_L18_00265ff8	level	148	8f6f48c9ef5b4b5e	1	18:00265FF8	
FUN_L18_00281fa8	level	48	7dfa102f80e56c7a	1	18:00281FA8	
FUN_L18_002a7220	level	972	c4f35e7822ac159b	1	18:002A7220	
FUN_L18_002a75f0	level	240	35a133d578b57791	1	18:002A75F0	
FUN_L18_002d5050	level	756	c41911e94c053332	1	18:002D5050	
FUN_L18_002d5348	level	320	44855fb0781f314c	1	18:002D5348	
FUN_L18_002d5488	level	388	97ded8d0d4cdcfb0	1	18:002D5488	
FUN_L18_002d5610	level	340	b2f946279f839d3b	1	18:002D5610	
FUN_L18_002d5768	level	432	5d6eb676f4423362	1	18:002D5768	
FUN_L18_002d5918	level	992	5669c94ec5a3e872	1	18:002D5918	
FUN_L18_002d5cf8	level	552	a84d396b1c22436e	1	18:002D5CF8	
FUN_L18_002d5f20	level	484	a13e0e45ce3acb3f	1	18:002D5F20	
FUN_L18_002d6108	level	136	31f3fa32f31ac987	1	18:002D6108	
FUN_L18_002d6190	level	76	11dbc1a11738fad4	1	18:002D6190,18:002D61E0	
FUN_L18_002d6280	level	104	75a939f64e4c38cc	1	18:002D6280,18:002FCD00	
FUN_L18_002d62e8	level	788	5a4f92974045ac2e	1	18:002D62E8	
FUN_L18_002d6600	level	1368	8f8d998d90014420	1	18:002D6600	
FUN_L18_002d6b58	level	292	344ff9752a03bb46	1	18:002D6B58	
FUN_L18_002d6c80	level	204	c1c2ffd112df7a70	1	18:002D6C80	
FUN_L18_002d6d50	level	108	88bbf824b7a4c268	1	18:002D6D50	
FUN_L18_002d6dc0	level	28	172b5b4cbee3d3c0	1	18:002D6DC0	
FUN_L18_002d7b20	level	1092	190fae48cbb0ba3d	1	18:002D7B20	
FUN_L18_002d7f68	level	104	369e24a5b46f49b9	1	18:002D7F68	
FUN_L18_002d7fd0	level	128	c4d6cefad7cd8ad6	1	18:002D7FD0	
FUN_L18_002d8050	level	68	7bef850842f0438f	1	18:002D8050	
FUN_L18_002d82c0	level	1104	f0c6dec9cb3d10ba	1	18:002D82C0	
FUN_L18_002d8710	level	328	1128f8d3a365b2a8	1	18:002D8710	
FUN_L18_002d8858	level	48	b63b5f2e46bf7780	1	18:002D8858	
FUN_L18_002d8888	level	48	a0a8a83c882af712	1	18:002D8888	
FUN_L18_002d88b8	level	752	29f465a83ab344ec	1	18:002D88B8	
FUN_L18_002db460	level	1236	9ffead50431dc720	1	18:002DB460	
FUN_L18_002db938	level	232	33d88c849a65fbe5	1	18:002DB938	
FUN_L18_002dba20	level	1116	512527a4f21c87a7	1	18:002DBA20	
FUN_L18_002dbe80	level	584	be49b8554f9572aa	1	18:002DBE80	
FUN_L18_002dc0c8	level	408	ddcfbc3d2c27e99f	1	18:002DC0C8	
FUN_L18_002dc260	level	380	3199f478c63a4d87	1	18:002DC260	
FUN_L18_002dc3e0	level	116	5367eb5740430ff1	1	18:002DC3E0	
FUN_L18_002dc458	level	96	e875489830a1a15c	1	18:002DC458	
FUN_L18_002dc4b8	level	1116	57a04773dd630c99	1	18:002DC4B8	
FUN_L18_002df608	level	1176	ae4c05061abd1ae2	1	18:002DF608	
FUN_L18_002dfaa0	level	236	30bce841f0569612	1	18:002DFAA0	
FUN_L18_002dfb90	level	12	c2100782edc4d040	1	18:002DFB90	
FUN_L18_002dfba0	level	32	4f8ed3d3b98371fa	1	18:002DFBA0	
FUN_L18_002e22c0	level	132	41cc9a5478925cd2	1	18:002E22C0	
FUN_L18_002e9768	level	1764	9d7b3ceca18bce07	1	18:002E9768	
FUN_L18_002e9e70	level	640	12d0505339aef5d8	1	18:002E9E70	
FUN_L18_002ea0f0	level	120	5311f2d7e0c095da	1	18:002EA0F0	
FUN_L18_002ea168	level	144	e25df6f03aa344d6	1	18:002EA168	
FUN_L18_002ea1f8	level	924	63495200ed0e1daf	1	18:002EA1F8	
FUN_L18_002ea598	level	612	00f737dcb4a978e0	1	18:002EA598	
FUN_L18_002ea800	level	1236	8bf18408e9e09636	1	18:002EA800	
FUN_L18_002eacd8	level	452	36d1a416420cf119	1	18:002EACD8	
FUN_L18_002eaea0	level	2904	5a24e8e73b661e14	1	18:002EAEA0	
FUN_L18_002ec130	level	696	276604c29e564b3e	1	18:002EC130	
FUN_L18_002efb88	level	1192	5227d4e1a329daec	1	18:002EFB88	
FUN_L18_002f0030	level	240	a47b139fff2fe068	1	18:002F0030	
FUN_L18_002f0120	level	452	25371c5e6180e1ec	1	18:002F0120	
FUN_L18_002f02e8	level	164	24cc73aa86e0677f	1	18:002F02E8	
FUN_L18_002f0390	level	816	e9de5122788f326e	1	18:002F0390	
FUN_L18_002f06c0	level	388	8475812672388d69	1	18:002F06C0	
FUN_L18_002f0848	level	212	11428c90121cb78c	1	18:002F0848	
FUN_L18_002f16f0	level	1352	22c9fc09690e6524	1	18:002F16F0	
FUN_L18_002f1c38	level	140	2f126d5f216f2238	1	18:002F1C38	
FUN_L18_002f1cc8	level	64	aa2dabdaf08c5d14	1	18:002F1CC8	
FUN_L18_002f1d08	level	352	9185a2b55a82fb3c	1	18:002F1D08	
FUN_L18_002f1e68	level	368	fe739b9930b7a1bd	1	18:002F1E68	
FUN_L18_002f1fd8	level	824	6e5f6302195bbea9	1	18:002F1FD8	
FUN_L18_002f2310	level	644	ea6639babacebf92	1	18:002F2310	
FUN_L18_002f2598	level	132	2b79de7ede63806e	1	18:002F2598	
FUN_L18_002f2620	level	420	5b419c74c4eac65d	1	18:002F2620	
FUN_L18_002f27c8	level	420	420dd035d4d9bb25	1	18:002F27C8	
FUN_L18_002f2970	level	420	7751ca7486e72345	1	18:002F2970	
FUN_L18_002f2b18	level	212	ffe58df2f8f7e9d1	1	18:002F2B18	
FUN_L18_002f2bf0	level	12840	a6e96ba890c9e470	1	18:002F2BF0	
FUN_L18_002f5e18	level	100	eb8cd15863869243	1	18:002F5E18	
FUN_L18_002f5e80	level	2548	7237d3a2cbbc56b1	1	18:002F5E80	
FUN_L18_002f6878	level	232	482d7f1632ec475a	1	18:002F6878	
FUN_L18_002f6960	level	316	ebd4ff0e3bfcb2f5	1	18:002F6960	
FUN_L18_002f6aa0	level	876	e1aa057b7a108ea7	1	18:002F6AA0	
FUN_L18_002f6e10	level	404	88cc8cab971acfaf	1	18:002F6E10	
FUN_L18_002f6fa8	level	124	afb31ea0cb7795da	1	18:002F6FA8	
FUN_L18_002f7028	level	140	cf8e1483d95097b8	1	18:002F7028	
FUN_L18_002f70b8	level	360	46d2b569b13c6d0a	1	18:002F70B8	
FUN_L18_002f7220	level	104	272b7ce694ce6bce	1	18:002F7220	
FUN_L18_002f7288	level	1048	7d9e62f850f4a5c4	1	18:002F7288	
FUN_L18_002f76a0	level	480	1894f5fb7f92ee75	1	18:002F76A0	
FUN_L18_002f7880	level	556	56a72f8041064d5c	1	18:002F7880	
FUN_L18_002f7ab0	level	40	384d362efa4d10d2	1	18:002F7AB0	
FUN_L18_002f7ad8	level	356	d73cd3d6f21cafbf	1	18:002F7AD8	
FUN_L18_002f7c40	level	1040	62e4736f4b2a94f2	1	18:002F7C40	
FUN_L18_002f8050	level	1544	7e189ec947e613b6	1	18:002F8050	
FUN_L18_002f8658	level	656	a9adaab4e0e1b7a7	1	18:002F8658	
FUN_L18_002f88e8	level	3732	b9346ac68c0e7112	1	18:002F88E8	
FUN_L18_002f9780	level	792	93e64f80b0688c84	1	18:002F9780	
FUN_L18_002f9a98	level	392	70d5e94c2b74f7ad	1	18:002F9A98	
FUN_L18_002f9c20	level	660	972a77043d06db61	1	18:002F9C20	
FUN_L18_002f9eb8	level	920	ac8345cb7c870dc9	1	18:002F9EB8	
FUN_L18_002fa250	level	464	5b0d79258b030a73	1	18:002FA250	
FUN_L18_002fa640	level	228	64fc918c2c8018b9	1	18:002FA640	
FUN_L18_002fa728	level	352	9272ffae35079631	1	18:002FA728	
FUN_L18_002fa888	level	88	e865be857a8164e6	1	18:002FA888	
FUN_L18_002fa8e0	level	80	3b3866a92ce352b6	1	18:002FA8E0	
FUN_L18_002fad28	level	288	2e725bdffa5d0322	1	18:002FAD28	
FUN_L18_002fbb98	level	1384	2b0874ecdcf525dc	1	18:002FBB98	
FUN_L18_002fc100	level	988	5dea6efc5605dd0d	1	18:002FC100	
FUN_L18_002fc4e0	level	388	93f0148ce5bcee1e	1	18:002FC4E0	
FUN_L18_002fc668	level	372	3343554a7de99003	1	18:002FC668	
FUN_L18_002fc7e0	level	128	89d312cd8792e63c	1	18:002FC7E0	
FUN_L18_002fc860	level	564	eeaea8e56ca3e631	1	18:002FC860	
FUN_L18_002fca98	level	276	393ceff96fce0bc5	1	18:002FCA98	
